<?xml version="1.0"?>
<case>
<name>Neeson v The Chief Executive Officer of Centrelink [2006] FCA 1107 (22 August 2006)</name>
<AustLII>http://www.austlii.edu.au/au/cases/cth/FCA/2006/1107.html</AustLII>
<citations>
<citation "id=c0">
<class>followed</class>
<tocase>Cachia v Hanes [1994] HCA 14 ; (1994) 179 CLR 403</tocase>
<AustLII>http://www.austlii.edu.au/au/cases//cth/HCA/1994/14.html</AustLII>
<text>As a litigant in person, the applicant is not entitled to his costs to the extent that they are referable to his own time, including the amount of any income lost as a result of attending to the prosecution of this proceeding: Cachia v Hanes [1994] HCA 14 ; (1994) 179 CLR 403. He is, however, entitled to his disbursements: Secretary, Department of Foreign Affairs and Trade v Boswell (No 2) (1992) 93 FCR 288. I shall order that he have his disbursements, by which I intend the taxing officer to be guided by Boswell as qualified by Cachia . 
 
 
 I certify that the preceding twenty-four (24) numbered paragraphs are a true copy of the Reasons for Judgment herein of the Honourable Justice Jessup. 


 Associate:

Dated: 22 August 2006


 Counsel for the Applicant: The Applicant appeared in person 
 
 Counsel for the Respondent: G.Livermore 
 
 Solicitor for the Respondent: Australian Government Solicitor 
 
 Date of Hearing: 2 August 2006 
 
 Date of Judgment: 22 August 2006 

 

 
 AustLII: Copyright Policy | Disclaimers | Privacy Policy | Feedback 
 URL: http://www.austlii.edu.au/au/cases/cth/FCA/2006/1107.html</text>
</citation>
<citation "id=c1">
<class>followed</class>
<tocase>Secretary, Department of Foreign Affairs and Trade v Boswell (No 2) (1992) 93 FCR 288</tocase>
<text>As a litigant in person, the applicant is not entitled to his costs to the extent that they are referable to his own time, including the amount of any income lost as a result of attending to the prosecution of this proceeding: Cachia v Hanes [1994] HCA 14 ; (1994) 179 CLR 403. He is, however, entitled to his disbursements: Secretary, Department of Foreign Affairs and Trade v Boswell (No 2) (1992) 93 FCR 288. I shall order that he have his disbursements, by which I intend the taxing officer to be guided by Boswell as qualified by Cachia . 
 
 
 I certify that the preceding twenty-four (24) numbered paragraphs are a true copy of the Reasons for Judgment herein of the Honourable Justice Jessup. 


 Associate:

Dated: 22 August 2006


 Counsel for the Applicant: The Applicant appeared in person 
 
 Counsel for the Respondent: G.Livermore 
 
 Solicitor for the Respondent: Australian Government Solicitor 
 
 Date of Hearing: 2 August 2006 
 
 Date of Judgment: 22 August 2006 

 

 
 AustLII: Copyright Policy | Disclaimers | Privacy Policy | Feedback 
 URL: http://www.austlii.edu.au/au/cases/cth/FCA/2006/1107.html</text>
</citation>
</citations>
</case>