<?xml version="1.0"?>
<case>
<name>Hillig as Administrator of Worimi Local Aboriginal Land Council v NSW Native Title Services Ltd [2006] FCA 1184 (1 September 2006)</name>
<AustLII>http://www.austlii.edu.au/au/cases/cth/FCA/2006/1184.html</AustLII>
<citations>
<citation "id=c0">
<class>cited</class>
<tocase>Deniliquin Local Aboriginal Land Council [2001] FCA 609</tocase>
<AustLII>http://www.austlii.edu.au/au/cases//cth/federal_ct/2001/609.html</AustLII>
<text>Orders of the kind sought by the applicant have been previously made ( Kennedy v Queensland (2002) 190 ALR 707; Deniliquin Local Aboriginal Land Council [2001] FCA 609 ; Peter Hillig in his capacity as administrator of the Worimi Local Aboriginal Land Council v Minister for Lands for the State of NSW [2005] FCA 1712 ; Peter Hillig in his capacity as administrator of the Worimi Local Aboriginal Land Council v Minister for Lands for the State of NSW [2005] FCA 1713).</text>
</citation>
<citation "id=c1">
<class>cited</class>
<tocase>Kennedy v Queensland (2002) 190 ALR 707</tocase>
<text>Orders of the kind sought by the applicant have been previously made ( Kennedy v Queensland (2002) 190 ALR 707; Deniliquin Local Aboriginal Land Council [2001] FCA 609 ; Peter Hillig in his capacity as administrator of the Worimi Local Aboriginal Land Council v Minister for Lands for the State of NSW [2005] FCA 1712 ; Peter Hillig in his capacity as administrator of the Worimi Local Aboriginal Land Council v Minister for Lands for the State of NSW [2005] FCA 1713).</text>
</citation>
<citation "id=c2">
<class>cited</class>
<tocase>Peter Hillig in his capacity as administrator of Worimi Local Aboriginal Land Council v Minister for Lands for the State of NSW [2005] FCA 1712</tocase>
<AustLII>http://www.austlii.edu.au/au/cases//cth/federal_ct/2005/1712.html</AustLII>
<text>Orders of the kind sought by the applicant have been previously made ( Kennedy v Queensland (2002) 190 ALR 707; Deniliquin Local Aboriginal Land Council [2001] FCA 609 ; Peter Hillig in his capacity as administrator of the Worimi Local Aboriginal Land Council v Minister for Lands for the State of NSW [2005] FCA 1712 ; Peter Hillig in his capacity as administrator of the Worimi Local Aboriginal Land Council v Minister for Lands for the State of NSW [2005] FCA 1713).</text>
</citation>
<citation "id=c3">
<class>cited</class>
<tocase>Peter Hillig in his capacity as administrator of Worimi Local Aboriginal Land Council v Minister for Lands for the State of NSW [2005] FCA 1713</tocase>
<AustLII>http://www.austlii.edu.au/au/cases//cth/federal_ct/2005/1713.html</AustLII>
<text>Orders of the kind sought by the applicant have been previously made ( Kennedy v Queensland (2002) 190 ALR 707; Deniliquin Local Aboriginal Land Council [2001] FCA 609 ; Peter Hillig in his capacity as administrator of the Worimi Local Aboriginal Land Council v Minister for Lands for the State of NSW [2005] FCA 1712 ; Peter Hillig in his capacity as administrator of the Worimi Local Aboriginal Land Council v Minister for Lands for the State of NSW [2005] FCA 1713).</text>
</citation>
</citations>
</case>