<?xml version="1.0"?>
<case>
<name>SZBYO v Minister for Immigration &amp; Multicultural &amp; Indigenous Affairs [2006] FCA 262 (22 March 2006)</name>
<AustLII>http://www.austlii.edu.au/au/cases/cth/FCA/2006/262.html</AustLII>
<citations>
<citation "id=c0">
<class>distinguished</class>
<tocase>S 395/2002 v MIMIA [2003] HCA 71 ; (2003) 216 CLR 473</tocase>
<AustLII>http://www.austlii.edu.au/au/cases//cth/HCA/2003/71.html</AustLII>
<text></text>
</citation>
<citation "id=c1">
<class>applied</class>
<tocase>SZCJH v Minister for Immigration &amp; Multicultural &amp; Indigenous Affairs [2005] FCA 1660</tocase>
<AustLII>http://www.austlii.edu.au/au/cases//cth/federal_ct/2005/1660.html</AustLII>
<text>20 For these reasons, the 'information' concerning the student visa application was not 'part of the reason' for affirming the delegate's decision and therefore did not engage the obligations in s 424A(1): SZCJH v Minister for Immigration &amp; Multicultural &amp; Indigenous Affairs [2005] FCA 1660 at [23] . Alternatively, the existence of these independent bases for the decision means that a grant of relief would lack utility: cf. SZEEU v Minister for Immigration &amp; Multicultural &amp; Indigenous Affairs [2006] FCAFC 2 at [232] , [233].</text>
</citation>
<citation "id=c2">
<class>considered</class>
<tocase>SZEEU v Minister for Immigration &amp; Multicultural &amp; Indigenous Affairs [2006] FCAFC 2</tocase>
<AustLII>http://www.austlii.edu.au/au/cases//cth/FCAFC/2006/2.html</AustLII>
<text>20 For these reasons, the 'information' concerning the student visa application was not 'part of the reason' for affirming the delegate's decision and therefore did not engage the obligations in s 424A(1): SZCJH v Minister for Immigration &amp; Multicultural &amp; Indigenous Affairs [2005] FCA 1660 at [23] . Alternatively, the existence of these independent bases for the decision means that a grant of relief would lack utility: cf. SZEEU v Minister for Immigration &amp; Multicultural &amp; Indigenous Affairs [2006] FCAFC 2 at [232] , [233].</text>
</citation>
</citations>
</case>