<comments>
<topic id = "Raw-Topic-29" category = "4" />
<doc id="Raw-Topic-29_01" />
<comment>
<content>        
I remember seeing in either Samaritan's Purse or ELWA hospital news a number of months ago when ebola first popped up that they sent their families out of the country already.
</content>
</comment>
<comment>
<content>        
I can't just believe the family of the doctor who was infected with Ebola was just able to get on a plane and go back to the U.S. Understanding how contagious this virus is and the family was living with him at the time...I really hope they were cleared upon entering the U.S.
</content>
</comment>
<comment>
<content>        
I've always been bit of a Malthusian. One day a disease like Ebola will enter a major city and spread fro there. I don't think Ebola will be that disease because it isn't easily transmitted (in relative terms) as it isn't transmitted by airborne coughs and sneezes.
What it does have is a very scary kill rate, and an incredibly unpleasant way of dying. Huge sympathy for those who have had it, and not the news you want to hear.
</content>
</comment>
<comment>
<content>        
What this virus lacks from not being airborne, it made up by the fact it is highly contagious for a very long period of time.
The death-rate for this variant so far seems to around 70%, those that survive are infectious for 2 months after main symptoms.
The real test is what happens in the next 2 weeks after the case in the Nigerian Capital and Airport (an international hub no less).
</content>
</comment>
<comment>
<content>        
If I were African the first thing I would do if Ithought I might have Ebola is jump on a plane and fly to London and let the "International Health Service" deal with it. After all everyone else in the world thinks we will treat all their health problems. Good luck London.
</content>
</comment>
<comment>
<content>        
You would pay a large sum for an international flight to London, then fly (suffering and physically weak, if conscious) 1000s of miles, rather than seek out specialist treatment closer to home?
I know you're trolling, but you're meant to frustrate and enrage readers, not embarrass yourself.
</content>
</comment>
<comment>
<content>        
I am not trolling I am telling the truth. The UK pays wrongly for the treatment of thousands of patients who come here for free and fraudulent treatment ( including highly infectious ones) . I know why point of making - what point are you making. The truth is widely known.
</content>
</comment>
<comment>
<content>        
Quite aside from the paranoid whines of some self-entitled sort frightened that someone might take advantage of his privilege, there is the very real danger of people who have survived the active stage of the disease, are apparently recovered, and decide it's safe for them to travel, even though they may still be contagious. Unfortunately, the period between exposure and when the possibility of being a carrier ends is at least two months, which presents a challenge to quarantine procedures.
</content>
</comment>
<comment>
<content>        
So hundreds of people are dying of an incredibly unpleasant illness, and there is a danger that it will turn into a major regional catastrophe, and your primary concern is foreigners using some of your tax dollars. Nice.
</content>
</comment>
<comment>
<content>        
I used the term "Africa" because multiple countries are involve ( some we may not know of yet). These points are meant to be reasonably short and succinct. (Sorry it got lost - we need to allow some latitude)
</content>
</comment>
<comment>
<content>        
This really isn't a story about immigration.
I know that's hard to believe, I mean, I understand there's foreign countries and foreign people mentioned in the article, but do contain yourself.
</content>
</comment>
<comment>
<content>        
Yes I will so long as one Brit is having to wait for life saving operations or medicines or care or a roof over their head or a meal on their table or proper psychiatric support or proper support in old age . I do not see why we should spend money trying to cure the worlds ailments when we have so much going wrong at home. (Doesn't your family / country come first)Britain can no longer carry on being the worlds stooge - we can't afford it - sorry.
</content>
</comment>
<comment>
<content>        
I am not talking about immigration I am talking about wide spread abuse of our health system of which I predict some time soon (unfortunately) Ebola will become a major headline.
</content>
</comment>
<comment>
<content>        
I agree.
The NHS has been abused by many foreigners in need due to their illnesses.
Anyone looking to enter the UK - from a country that is prone to various diseases; should be officially declared healthy, following a health check prior to entry.
I have no qualms about refusing entry to those who fail a basic health check. The needs of British taxpayers MUST come first.
</content>
</comment>
<comment>
<content>        
Do not use my illness as an excuse for racist hysteria.
Nobody is waiting for proper psychiatric support because of foreigners. People are waiting for proper psychiatric support because mental health services have been massively underfunded for years. Mental health is nearly 23% of our burden of disease but gets 11% of NHS funding - less than half of what it should have.
</content>
</comment>
<comment>
<content>        
Let's ignore the lack of compassion and think practically for a moment. If we had a test or tests comprehensive and accurate enough for someone to be "officially declared healthy", you should be arguing for it to be available for British taxpayers too.
There isn't one. I mean, what would that even involve? How could it deal with the fact that most disabilities are acquired and the biggest risk factor is age - get out its crystal ball? Though if you got Atos to do it, you could probably have people on their deathbeds "officially declared healthy".
</content>
</comment>
<comment>
<content>        
There are blood tests that could identify a large number of ailments, specifically some rather serious ones such as HIV.
I have several friends who work as health professionals in the NHS, and they have remarked on more than several occasions upon the high prevalence of Africans who are HIV positive, and are requesting treatment yet do not reside in the UK.
A blood test that is used to detect this, and many other serious problems could be paid for by the would-be traveller in their home country. Once a clean bill of health is obtained, they would be free to obtain a permit to travel.
</content>
</comment>
<comment>
<content>        
You have the answer in your reply. If we were awash with funds ( which we are not ) there would be no cuts no austerity not waiting lists nothing would slip through the proverbial net. I chose a range of areas where I am aware there is a debate about the lack of funding. If I am wrong in the point you make I apologise but the general thrust of my point still stands - we as a country are skintight and will remain so for decades.
</content>
</comment>
<comment>
<content>        
Tell your comments to those visiting food banks, who are homeless or struggling badly to exist day to day. There is to many things going wrong with Britain to-day to allow abuses to continue unchecked. One day I hope we will all be rich and share collectively in our countries prosperity. Then maybe the unafordable altruism that we once had can be reserected. We need to learn to live within our means for the next few decades.
</content>
</comment>
<comment>
<content>        
No, poor funding for mental health is a thing that happens when we're flush as well. Between the stigma and the victim-blaming, people just don't give a damn about mental health. It's never going to be a vote-winner while people reckon we should just pull our socks up and read tabloids that say we're all axe-murderers.
Immigrants add to the economy and are less likely to claim benefits than people who were born here. It only benefits us economically if they're healthy. If they get healthy they can work and pay taxes and create jobs and buy things.
</content>
</comment>
<comment>
<content>        
But they didn't tell you about the window period? HIV tests will not catch everybody who has HIV, because there is a period when people are newly-infected (and more infectious), but the antibodies that the test detects haven't built up yet. A negative result means they were negative about a month ago. Which, if someone is from a country where HIV is so prevalent you think they should be tested routinely, kind of matters.
A clean bill of health is a snapshot of the time the tests were effective for. It's not a guarantee for the future, though excessive emphasis on it might make people think it is and start acting riskier.
Did they tell you that successful treatment drastically reduces the chances of passing on HIV to anyone they have sex with? HIV treatment doesn't just benefit the individual who gets it. It's not purely selfish.
Did they tell you how many people who work for the NHS also come from those countries, to the point that we're inflicting a skills drain on places that could really do with some doctors and nurses of their own? Seems only fair that if we're taking all their doctors and nurses we could treat their patients too.
A blood test that is used to detect this, and many other serious problems could be paid for by the would-be traveller in their home country. Once a clean bill of health is obtained, they would be free to obtain a permit to travel.
Not actually possible for people travelling from countries in chaos, or with no infrastructure. Being the people who most need to travel, and the ones we have a legal obligation to receive.
</content>
</comment>
<comment>
<content>        
Another example of civilisation is falling apart if we can't even clamp down an area / country to stop external movements for a few days to stop the spread of such diseases.
</content>
</comment>
<comment>
<content>        
I don't think the situation in Liberia or Sierra Leone is exacerbated by an excessive focus on human rights. Chaotic movement of people and lack of infrastructure following decades of civil war, yes. Excessive concern for the rights of the people, not so much.
</content>
</comment>
<comment>
<content>        
Glad to see the Guardian highlighting this threat.
Our politicos seem more concerned about their image, banning world cups and having holidays.
Will the lagos shuttle come under some sort of restriction as well as other flights from that part of the globe?
</content>
</comment>
<comment>
<content>        
This will be in western europe and north america within two weeks time.
Nobody within govts in these regions seems in the slightest bothered. Probably because it is the answer to much of the worlds problems.
Bring it on i say....bring it on.
</content>
</comment>
<comment>
<content>        
It was from Texas that this guy left the comfort of his home to go to Africa to help save lives of people he'd never met. While you sit in your underwear in your mom's basement typing shit.
</content>
</comment>
<comment>
<content>        
I'm sure osprey believed that hordes of anti-american-esp-the-south types would enthusiastically lol and support the post. Nothing is too awful to make a joke out of online
I hope Mr. Brantley makes it, along with Nancy Writebol and Dr. Sheik Umar Khan. Pretty terrible to see this occur in the midst of so much war and instability worldwide.
</content>
</comment>
<comment>
<content>        
I wonder what the EU preparations for an outbreak of Ebola in Europe. When I travelled from West Africa last year not a single person at the border check asked me anything about my health. 
They cannot control well known Jihadists coming and going, how on earth will they check Ebola?
</content>
</comment>
<comment>
<content>        
In the interest of global infectious deadly diseases, I think quarantines are the only recourse, for such a tragic situation as this. Hope all, especially the doctor and his family will soon be reunited, and in excellent health.
</content>
</comment>
<comment>
<content>        
If this manages to spread in the western world then it is game over for 70% of the population. They should be banning all forms of transport from infected regions of Africa etc etc. PC gone mad as usual it seems.
</content>
</comment>
<comment>
<content>        
Rubbish. Unless I wasn't paying attention, we don't tend to bathe and worse our own dead, even if they haven't just pegged out from an unpleasant mystery illness.
We'll be fine.
</content>
</comment>
<comment>
<content>        
That's a pretty smug attitude. Sweat is infectious too. One of the scary things is that he and the other doctor infected took extreme precautions, and still succumbed.
</content>
</comment>
<comment>
<content>        
The politicians of Europe will know whats what if this get loose...for it will be they held accountable for it arriving in Europe if they dont start looking at restricting travel to and from infected countries
</content>
</comment>
<comment>
<content>        
PC gone mad? Are you listening to yourself?!
Less than 1,000 people have died, in a part of the World with shocking sanitation and overcrowding. 70% of the population?
</content>
</comment>
<comment>
<content>        
This is one scary virus. It makes bird flu or SARS look like the common cold.
If this really does make the jump out of Africa, then we are in serious trouble. Very serious trouble indeed.
Even the Black Death/pneumonic plague is only thought to have killed 50% of the population. This virus kills 70%. It would be utterly devastating.
And there is no cure on the way. And with an incubation period of up to 21 days, airport screening would be totally ineffective.
</content>
</comment>
<comment>
<content>        
I can see hazmat suits  and  filter masks becoming de rigeur wear for commuters on public transport in the short term future. As well asa pretty much any venture out in public such as toddling down to the local supermarket to get the shooping, taking the kids to school... never mind going to the dentist.
Will we have to wash all our food with strong bleach before it's safe to eat? Will microwaving food be sufficient to kill ebola?
</content>
</comment>
<comment>
<content>        
Let's not get superstitious or panicky over this. For transmission, the Ebola virus requires contact with blood or other body fluids from an infected person or animal, which denotes intimate contact with a victim or victims. Oral or other membranous contact is considered a further possible means, but so far it is not confirmed in humans. The virus does not spread through the air.
Recurrence in equatorial Africa is due primarily to consumption of "bush meat," which becomes the primary vector for the virus to humans. However, the high lethality of the disease among avian, simian and primate victims indicates that the reservoir, as it is called, that is the abiding source of the disease, is elsewhere. The ultimate source remains undefined as of the present time.
</content>
</comment>
<comment>
<content>        
All reports on Ebola outbreaks tend to be quite misleading; the fact that it is so deadly is actually a saving grace because it kills people too quickly to become endemic (much less pandemic). The ordeal for the victims is indeed grotesque but the press should really only become alarmist if it a new strain is LESS deadly and/or more transmissible, which is not impossible
</content>
</comment>
<comment>
<content>        
c
</content>
</comment>
<comment>
<content>        
c
</content>
</comment>
<comment>
<content>        
c
</content>
</comment>
<comment>
<content>        
c
</content>
</comment>
<comment>
<content>        
c
</content>
</comment>
<comment>
<content>        
c
</content>
</comment>
<comment>
<content>        
c
</content>
</comment>
<comment>
<content>        
c
</content>
</comment>
<comment>
<content>        
c
</content>
</comment>
<comment>
<content>        
c
</content>
</comment>
<comment>
<content>        
c
</content>
</comment>
<comment>
<content>        
c
</content>
</comment>
<comment>
<content>        
c
</content>
</comment>
<comment>
<content>        
c
</content>
</comment>
<comment>
<content>        
c
</content>
</comment>
<comment>
<content>        
c
</content>
</comment>
<comment>
<content>        
c
</content>
</comment>
<comment>
<content>        
c
</content>
</comment>
<comment>
<content>        
c
</content>
</comment>
<comment>
<content>        
c
</content>
</comment>
<comment>
<content>        
c
</content>
</comment>
<comment>
<content>        
c
</content>
</comment>
</comments>
