<comments>
<topic id = "Raw-Topic-29" category = "4" />
<doc id="Raw-Topic-29_01" />
<comment>
<content>        
Pray for the people of west Africa ignorance of this disease due to lack of information will be their downfall.
How will praying help? How can you pray to a God that created this disease in the first place (if you believe religious mythology).
</content>
</comment>
<comment>
<content>        
Praying means thinking about or hoping for. Conviction is contagious too, so in the circumstances, where answers are not obvious, a prayer is a reasonable response. 
In the circumstances, pedantry over metaphysics seems faintly ridiculous, and rather unsympathetic.
</content>
</comment>
<comment>
<content>        
My thoughts and prayers, plus a small donation go out to all those affected by the horrific Ebola virus. However, do you realise how offensive and disrespectful your comment is? Please allow those with faith to express their grief or sentiments in a way without patronising comments such as 'religious mythology.' Your comment wasn't even related to the Ebola story - just a trolling comment, attacking another commentators best intentions. You believe what you want; just allow others the same courtesy and afford them the right to believe what they want.
</content>
</comment>
<comment>
<content>        
My thoughts and prayers, plus a small donation go out to all those affected by the horrific Ebola virus. However, do you realise how offensive and disrespectful your comment is? Please allow those with faith to express their grief or sentiments in a way without patronising comments such as 'religious mythology.' Your comment wasn't even related to the Ebola story - just a trolling comment, attacking another commentators best intentions. You believe what you want; just allow others the same courtesy and afford them the right to believe what they want.
</content>
</comment>
<comment>
<content>        
Talk about irony. The disease seems fairly limited for now . Hopefully the doctor's can cut through the layers of superstition and ignorance and help the people
. 
On another note, isn't it time to screen and possibly quarantine large zones where the disease has spread? China closed due to the plague. Perhaps something like that?
</content>
</comment>
<comment>
<content>        
These are specialized doctors, they know the risks, what went wrong?
"Photos of Brantly working in Liberia show him in white coveralls made of a synthetic material that he wore for hours a day while treating Ebola patients."
http://www.theguardian.com/science/2014/jul/27/us-doctor-liberia-tests-positive-ebola
</content>
</comment>
<comment>
<content>        
Needlestick injury is most common with viruses, but with a disease transmitted through bodily fluids - all this one takes is for you to get a few particles on your fingers or gloves and rub your eye.
If you cook with hot chillis, for example, the oil readily rubs off on your hands and is hard to remove except with very warm water and soap - not easily available in poor regions. Hours later you take your contact lenses out and - pain!
In wealthier countries the use of black light, dyes and the like could help show where fluids are. Meanwhile, some of the riskiest life-saving procedures could preclude a provider getting on full gear before performing the procedure. Intubation places the carer's face very near the patient's, for example. There are likely protocols that help carers determine when to undertake a risky intervention, but a compassionate carer could choose to ignore them.
Prayers and thoughts to to all involved - research and pharma production must be refocused on new antibiotics, antivirals and pathogen detection and blockade. Give up Viagra, botox and the like. Lead by example.
</content>
</comment>
<comment>
<content>        
Poor guy and my deepest sympathy to his family. I understood that the family of Dr Bradley is in the US and safe. They must be beside themselves with worry.
I also understood that 
that a Liberian official had died of Ebola after flying from Monrovia to Lagos

he flew via Togo. Did he change there the air carrier? Are all fellow passengers under surveillance?
</content>
</comment>
<comment>
<content>        
It is actually pretty hard to catch Ebola. It is not airborne so sharing an airplane is not a risk (unless some pretty unusual behaviour has gone on...) - that's why almost all of the people in Guinea, Sierra Leone and Liberia have NOT been infected. Clearly this a major public health concern in West Africa, but concerns about it spreading outside the region are pretty far-fetched.
</content>
</comment>
<comment>
<content>        
Hundreds of people share the use of the loos on the plane. A cough or a sneeze in such close quarters could infect surfaces and harm the next person to enter that tiny space. 
A flight attendant or even a cleaner could pick up a used food service item or water bottle and get infected and unwittingly take Ebola home--wherever home is.
If these seriously-protected Ebola specialist doctors can get sick, why couldn't a clueless airline passenger catch it from an infected passenger? I believe a person is infectious before the symptoms are obvious. A person first feels tired and feverish. Once symptoms begin, the individual goes down quickly, often before anyone would diagnose Ebola in time to isolate them.
</content>
</comment>
<comment>
<content>        
At the end of the day whilst the disease is highly deadly it is not that contagious. If it was we would be looking at tens of thousands of death since the outbreak. Hopefully they can isolate and contain it. Once this is done the disease will burn itself out.
</content>
</comment>
<comment>
<content>        
This terrible virus is basically a flight away from Europe. I wonder if our politicians even bothered to do anything to prevent it from spreading to Europe or flights are allowed to arrive as usual...
</content>
</comment>
<comment>
<content>        
Well not that easy to spot really - the symptoms are virtually indistinguishable from severe malaria or lassa fever , both of which are endemic in areas affected by this outbreak.
</content>
</comment>
<comment>
<content>        
Not really, the symptoms are very similar to flu until the later stages. And the later stages don't take weeks to develop, or decades like HIV. They take a few of days from the first sign something is up and that's it, you are either lucky and survive or die.
</content>
</comment>
<comment>
<content>        
Global travel, and tourism, should be discouraged. Too many conferences, too many trade fairs, too many vacations, too many weekend breaks, too many events. It is senseless to have millions of people gather in Mecca all at the same time. Travel expenses should not be tax-deductible. It is possible that one day travel, via a viral epidemic, will be responsible for a future global recession, for a global recession that overwhelms system resiliences, by triggering off not another debt crisis, but debt freeze, and, thus, debt implosion.
</content>
</comment>
<comment>
<content>        
It's a terrible tragedy he was a great hero - but this shouldn't have been allowed to happen - a doctor must have procedures that guarantee their safety during this kind of work - someone made a mistake somewhere - this is not the Spanish flu, it is ebola.
</content>
</comment>
<comment>
<content>        
Because he was trying to treat and help those with Ebola. He died doing his medical duty to his patients.
If he was a dick, then he could've stayed far away in a path lab and studied the virus under safer conditions.
</content>
</comment>
<comment>
<content>        
Out of every other news story right now, this one is by far the most terrifying. Ebola has the potential to literally destroy hunanity.what if it made to south or central America and came to the US from all the illegal immigrants.
</content>
</comment>
<comment>
<content>        
Bizarre comment: Ebola is as likely to arrive via perfectly legal border-crossing, and surely it's not the South American routes one would think of so much as, say the daily Monrovia-JFK flights...
Or was this a parody of 'your brain on FOX News'?
</content>
</comment>
<comment>
<content>        
I was alarmed by this article, so I looked up ebola on Wikipedia. Because it is not airborne, because patients fall ill and die quickly, it would not be difficult to contain ebola in any developed country with adequate hospitals, where people understand basic preventive hygiene and the necessity for quarantine. Harder to control in poor countries with few good hospitals, where people do not understand these things and don't necessarily believe them when they're told. And where custom/religion requires that bodies be handled, washed,  and c.
Not that the situation is not worrying, especially for travelers, but this is not the pathogen that's going to wipe out all of humanity. Very dangerous, and worrying, for people who live in the affected regions in Africa.
I am humbled by the bravery of these doctors, and others trying to control this outbreak.
</content>
</comment>
<comment>
<content>        
Yes, it does a bit, from expressions of sympathy to realistic concerns, to intensified concern to moderate panic and dismal predictions. I do hope the idiots who make decisions which affect all our lives are paying full attention to what develops.
</content>
</comment>
<comment>
<content>        
That's not the problem. The problem is the incubation period.
The guy from Lagos arrived on a plane with god knows how many other passengers. Any one of whom may have Ebola, but for whom it may take 21 days to show - none of them are in isolation and all may be passing it on as we speak.
How do you keep a population of 500 in isolation for a month? 1,000? 10,000? London?
</content>
</comment>
<comment>
<content>        
Seal the countries concerned off and let no-one leave. Australia should immediately ban all people from those countries setting foot on Australian soil until the threat is passed. Anything less would be a mistake
</content>
</comment>
<comment>
<content>        
If Ebola ever makes it to Australia, it could also come via an infected Australian who contracted it on a flight through Dubai or Heathrow.
It's simply not possible to close down all air travel to prevent spread - we need to be supporting these countries and aid organisations to control the outbreak on the ground before it can blow up further.
</content>
</comment>
<comment>
<content>        
I agree that more medical aid should be provided.perhaps also air travel from the small number of infected countries could be suspended. It may not be a perfect strategy, but it would be better than nothing, and could reduce or slow down the transmission of the virus further afield.
</content>
</comment>
<comment>
<content>        
Why should we respect a culture that abandoned rational thinking and any sense of responsibility? They should be forced to prevent this disease from spreading. Since of course they won't the mindless in our own culture will consider only themselves to blame. A planet full of the diseased mindlessness who rejoice over further multitudinous uselessness.
</content>
</comment>
<comment>
<content>        
Because building up a large number of infections WILL take its toll on the "responsible" people you count yourself one of. If that calculation isn't enough to persuade you, I don't know what would be.
</content>
</comment>
<comment>
<content>        
And who do you think should force them? The police who is scared to do so? The health workers who face danger not only from the patients but also relatives? Nuke them all? 
Reading some of the comments in these threads I wonder if their "mindlessness" and "prejuidices" have their match in the so called civilized "enlightenend" world...
</content>
</comment>
<comment>
<content>        
Of particular concern is that the virus has apparently mutated with a longer period from when a person is first infected to when the virus becomes fulminant and fatal. This extended period makes the virus much easier to spread.
</content>
</comment>
<comment>
<content>        
Those discounting the threat of this latest African outbreak of Ebola seem to be missing a few important points about this latest pathogen and where exactly the outbreaks and victims are living.
First and foremost, most respected media reports emanating from discussions with doctors have clearly indicated that the Ebola virus in this outbreak has mutated and that the virulence of the virus has reduced somewhat, hence, not only are symptoms appearing over a longer timeline, but by dint, this means the carriers can infect more persons - remember, given the virulence of the original strain, most carrying the virus died swiftly and in often very remote communities.
This is not the case today - and so we should be highly concerned, not only because these new outbreaks have now passed to mega-cities in Africa, but that said cities are connected internationally by daily flights - the good news is the virus is not airborne, the bad news is the fact that by the time a person is symptomatic, they may be in another continent and infected numerous medical staff and early aiders before anyone recognises what the carrier is suffering from.
And if people believe this scenario is far fetched, regrettably the analysis is based upon the SARS outbreak in China and how this crossed vast oceans to several other nations before anyone knew what had hit them.
SARS eventually was contained by the expediency of isolation, buts its difficult to isolate persons if they are in multiple zones carrying a most nasty virus with an extended timeline, which reminds one of HIV or Syphillous.
And what do our so called global leaders do, ignore the most obvious threats to our species, whilst banging the war drum over the MAL Ukrainian disaster and discussing the location of the World Cup in 2018, which in itself seems strange, because if they are that intent on WWIII, no one will be around to participate in a World Cup.
Be afraid, be alert and be attentive for what you ignore has a tendency of biting you on the arse, and our leaders are ignoring what's happening in Africa with Ebola presently.
</content>
</comment>
<comment>
<content>        
I wish the worried masses would do some research and read the WHO website before getting panicked. Advice is as follows:
The incubation period, or the time interval from infection to onset of symptoms, is from 2 to 21 days. The patient becomes contagious once they begin to show symptoms. They are not contagious during the incubation period.
The risk of infection for travelers is very low since person-to-person transmission results from direct contact with the body fluids or secretions of an infected patient.
</content>
</comment>
<comment>
<content>        
The longer incubation period means the person can travel further from an epidemic site before becoming symptomatic.
Even at that point, the first symptoms would not cause alarm. Only a thorough and honestly answered intake sheet would help. It will become routine to ask for all significant travel prior to falling ill. In wealthy countries online triage and questionnaires should be completed by or for patients who notice they are experiencing symptoms that could be a serious disease.
I haven't travelled abroad for two years, but four days ago I used a public toilet and sat on a moist seat. I now have a low-grade fever. Do I think I've been exposed to something serious? Probably not, but had the toilet been in my local airport I might be more concerned.
</content>
</comment>
<comment>
<content>        
Dr Brisbane is a true hero. There are thousands of these dedicated development and emergency workers, saving lives across the world and they get no recognition whatsoever. We worship uniforms but neglect the real heroes.
It makes a real mockery of Ewan McGregor "OBE" and "Dame" Angelina Jolie.
Thanks to all of the faceless humanitarian workers who do it because they believe in people rater than trying to further their careers.
</content>
</comment>
<comment>
<content>        
For those who are overly concerned, practise good hand washing techniques with soap and warm water regularly. This will help stop you getting sick from lots of diseases...
If the ebola disease comes to your country, and near to you, avoid shaking hands or kissing people you don't know. Equip yourself with decent PPE - personal protection equipment - get proper duck bill masks, gloves, gowns, eye covers etc etc.
If you're really paranoid, head for the hills and get out your survivalist kit...
</content>
</comment>
<comment>
<content>        
How about wearing one of those beak-nosed half-masks doctors used to think would protect them from the plague in Italy, hundreds of years ago, would that help?
Seriously though, respect to the healthcare professionals who put themselves at risk for the rest of us. I'd be too chicken.
</content>
</comment>
<comment>
<content>        
It appears to be endemic but with the people travelling worldwide, it might become pandemic, despite the precautions being taken
It is similar to plants and pets carried by passengers to different parts of the world that the Everglades in Florida has become infested with rats and pythons.
</content>
</comment>
</comments>
