<comments>
<topic id = "Raw-Topic-29" category = "4" />
<doc id="Raw-Topic-29_02" />
<comment>
<content>        
Meanwhile we wait for the first Ebola case to be diagnosed at Heathrow. You might think a prudent government would insist that all those arriving from certain target countries should spend a month in quarantine - at least, until the scare blows over and the infection rate starts to decline. And that it would demand of airlines that anyone showing obvious signs of illness should not be allowed to board a plane. But that would be to expect too much of our government..
</content>
</comment>
<comment>
<content>        
Is this Armageddic irony, life imitating art, great and good timing, or simply movie marketing gone mad? Never a dull moment except for in those whose eyes are losing hope. Hope springs eternal. We will see.
</content>
</comment>
<comment>
<content>        
I can recall when Ebola first appeared in 1976 and there was a lot of publicity about the deadliness of it. The outbreaks do seem to be getting larger and more frequent but still it is spreading very, very slowly. Spanish Flu (after the first world war) killed between 50 and 100 million people! That was much, much scarier.
</content>
</comment>
<comment>
<content>        
Why is there always someone to red arrow!!! What is not common sense about stopping international travel to contain the outbreak!!! OK let's bring it on idiot, let's all die of Ebola!! Bagsy YOU first!!!!!
</content>
</comment>
<comment>
<content>        
If you want to stay at home with your curtains drawn, scared to go to the corner shop because 0.0001% of the earths population have a disease that can kill you, then feel free. Most of us are are happy to risk crossing the road to continue living our lives with the already limited freedom we enjoy. You will die from fear before you die from Ebola.
</content>
</comment>
<comment>
<content>        
So who are the poor souls that sat next to this infected guy on the airplane and where are they now? Did he use the bathroom while flying? Touch door handles? Hand empty glass with his saliva back to stewardess? Scary stuff!
</content>
</comment>
<comment>
<content>        
Design flaw in suit or gloves, microscopic hole. Quay control in these factories that makes the stuff in which to protect isn't 100% foolproof. Scary thought huh?
</content>
</comment>
<comment>
<content>        
Was never safe for them to be in a corupt, unstable, diseased warzone in the first place. Who in there right mind would allow their family to come there? I don't get it.
</content>
</comment>
<comment>
<content>        
This doctor doesn't know the meaning of virulence. Just as bad as a pilot wishing to fly the Iraq route your percentages of survival dramatically drop. Talk about self destruct!
</content>
</comment>
<comment>
<content>        
I've read the book. Ebola scares the hell out of me. It is truly a terrifying and horrible disease. Have to quarantine that stuff, it is literally one of those doomsday diseases
</content>
</comment>
<comment>
<content>        
I've no doubt he will be an expert in the field of these killer diseases. Very brave of him to go to an affected area where he will of course have been more aware of the dangers than most of us. My thought are with him.
</content>
</comment>
<comment>
<content>        
If people would read the article, it clearly says his family WAS IN THE U.S. When he fell ill. I'm sure he wanted his family to be far away from the risk. I, for one will be supporting Samaritans Purse. They've put themselves in danger to be on the front line to help people suffering and help find a cure before the whole world's affected, no different than the armed forces personnel who are on the front line in a war to protect others!
</content>
</comment>
<comment>
<content>        
I don't recommend giving your money to ANY large charitable outfit! Seriously! If you know how you could get money to someone going there, personally, that would be all the better. I'm all for charity...but I know, too well, what goes on behind the curtain!
</content>
</comment>
<comment>
<content>        
In the UK we used to have Medical Cerficates in our passports; now we let anyone into the Uk no matter what they have got or who they are....THIS HAS TO STOP.
</content>
</comment>
<comment>
<content>        
It's GAME OVER now! If it hits areas like that, then it is in-controllable> People will flee with the symptoms to escape or go undetected. This was coming. I predicted this back in January that something sinister was going to happen.
</content>
</comment>
<comment>
<content>        
Dreadful disease - hope he survives. Strict Quarantine is the only way to contain this virus, e.g. no flights out. London, being an international centre, with our open door, if it gets here, I dread to think, as NHS in London doesn't cope now due to hospital closures, under staffing and the health needs of a vast population.
</content>
</comment>
<comment>
<content>        
I would be concerned that someone infected could fly to Mexico and then attempt to cross the border illegally into the U.S. under the assumption that we must have some miracle cure available. That person could also come in contact with the illegals being scattered around our country by our feckless government, which is now being secretive about where they are transporting them to.
</content>
</comment>
<comment>
<content>        
If you're going to call someone ignorant at least spell the word ignorance correctly. By the way, you don't even know what the word "ignorance" means, it means to "not know"... which he KNEW FULL WELL the risk. YOU are the ignorant one, MTC.
</content>
</comment>
<comment>
<content>        
He did pay the price because he cared to help those who were suffering, more than maybe someone like you. I bet you he would have even helped you if you needed it  and  there was no one else.
</content>
</comment>
<comment>
<content>        
Medical doctors working in that part of the world must be knowledgable about Ebola. He chose to work there because of the high level of need. I hope for his sake and that of his family that he recovers, this man is a hero for doing medical work that is essential to trying to keep Ebola from spreading further, which could be a unmitigated disaster.
</content>
</comment>
<comment>
<content>        
Wow now Dr Brantly is a really really really good guy, so much respect for the path he's taken and the work he's been doing, I'll be praying for him.
</content>
</comment>
<comment>
<content>        
It may sound insensitive, but as far as I'm concerned, until it's under control...if you live in, or travel to...the affected region, you stay there. Period. Maybe there could be a strict quarantine for people who *must* leave...but you stay in strict isolation for 22 full days. There is absolutely nothing, and nobody, in that area...or any other...that is worth risking a global spread. What the h*ll was he thinking taking his family? He wants to go, that's fine...but he should never have taken the family. Now they're over here...after being in an infected region. Sure, they're probably fine (it didn't say how long they've been here) ...but what if they wouldn't have been?
</content>
</comment>
<comment>
<content>        
Sometime you have to wonder why put yourself at risk for some people "(Reuters) - Police were guarding an Ebola treatment center in Sierra Leone on Saturday, the day after thousands marched on the clinic following allegations by a former nurse the deadly virus was invented to conceal "cannibalistic rituals" there, a regional police chief said."
</content>
</comment>
<comment>
<content>        
What is wrong with governments? Where are the Statesmen! How long will it take for the stupid governments of the world to take some action in disallowing people to come and go from countries infected.
</content>
</comment>
<comment>
<content>        
There are not statesmen, there are no sensible politicians who get the job done; the world is run to a large extent by fools in high places with dangerous ideas ruling our lives
</content>
</comment>
<comment>
<content>        
They, and their crony friends, have probably got their secure, well stocked, bunkers to retreat to while the virus rages outside wiping out much of the population.
</content>
</comment>
<comment>
<content>        
Wouldn't it be great if this Texas Dr. had specialists fly in from the US and they found a cure for this disease? I know it's a long shot - but someone survives if there's a 10% chance- it might as well be him! Nobel Cause.
</content>
</comment>
<comment>
<content>        
If this disease ever does spread. and God forbid one of your family members contacts the disease, remember to tell the Doctors/Nurse treating your relative, that they are dumb.
</content>
</comment>
<comment>
<content>        
He was there BEFORE the ebola outbreak so I suppose he was trying to help who needed medical help seeing as he is a doctor
</content>
</comment>
<comment>
<content>        
Because he is a doctor? And presumably, actually wanted to help people less fortunate than himself. Very sad that so many people do not seem able to grasp that concept!
</content>
</comment>
<comment>
<content>        
I wonder if they know exactly how he contracted it, defective suit? contamination elsewhere in the hospital? a moment when he made some infinitesimal infraction of the protocol? I so hope he pulls through!
</content>
</comment>
<comment>
<content>        
Can we please not let people from infected countries to hop on planes and land on our shores? These viruses can take their own life and can become very, very deadly.
</content>
</comment>
<comment>
<content>        
The disease is a potently swift kiler. For the greater good the best treatment is to give those affected a place to die safely without endangering other humans.
</content>
</comment>
<comment>
<content>        
The Ebola virus is one of the most contagious viruses because unlike HIV it does not die when exposed oxygen. A hemorraghic fever exposes workers to a lot of infected blood and body fluids. All it takes is a tiny breach in protective clothing for a person to be infected. Even removing their protective gear can infect someone if there's just a drop of blood on it. Unfortunately it is very common for health personnel to become infected with it. Doctors Without Borders and other medical groups literally risk their lives to help these poor people. RIP to this poor man who only wanted to help those much less fortunate than us, and condolences to his family and friends.
</content>
</comment>
<comment>
<content>        
I'm angered at the selfishness of Patrick Sawyer, the man whose sister died of Ebola. I'm sure, despite his denial, that he had contact with her. Then he gets on a plane, undoubtedly feeling ill, because he was vomiting and had diarrhea on the flight. Now he's infected numerous people on that flight. And so it begins...
</content>
</comment>
<comment>
<content>        
I understand wanting to help people less fortunate than yourself but, when you put your young family in harm's way; I find that to be the height of selfishness and putting your convictions above your innocent children that rely on their parents to make decisions for them.
</content>
</comment>
<comment>
<content>        
And you think your being kind to others because you live in a better country, And if he left them in the states you would haves aid he was a bad father for leaving them, he thought he was doing good by helping people, and you want to put judgment on him. You never helped anyone in your life I can see that. Your a selfish person
</content>
</comment>
<comment>
<content>        
This disease is horrid, I agree but this particular strain has a 40% cure rate and odds of survival increase dramatically with early treatment. He could live through this.
</content>
</comment>
<comment>
<content>        
Flying insects such as flies do not need to bite to spread this virus. All they need to do is come in contact with infected fluids and then land in another location to spread contamination. Since insects such as flies are always seeking sources of moisture that other surface is usually on someones lips and in their eyes. How long this virus can survive outside the host is currently unknown and considering the range of flying insects and the lack of air conditioning in these poorer regions windows are left open and usually do not have screens to prevent insects from coming and going. It is possible that these doctors assume they are in a safe area when the leave these isolation wards and then come in contact with infected insects or surfaces in their "safe" areas.
</content>
</comment>
<comment>
<content>        
Anyone from those areas arriving in this country and showing signs of sickness in any form should be isolated, and not sent to the nearest hospital for a check up.
</content>
</comment>
<comment>
<content>        
Do you SEE what's being implied, here???? His wife and children were living with him prior to LEARNING he was infected...and NOW they're BACK IN THE STATES! Do you have any idea what the incubation time is on this virus? The article implies the virus is HERE, IN THE US!
</content>
</comment>
<comment>
<content>        
No such thing is being implied. He moved there with his family BEFORE the epidemic started and then stayed on to help once it started. It looks like he moved his family back home once the epidemic started b/c it was no longer safe for them to be there.
</content>
</comment>
<comment>
<content>        
I think it only said that they had been living with him but were in the US when he fell ill. They could have moved home weeks ago. To me, the real danger is that gentleman who flew to another country and died. If you've ever read the book The Hot Zone, it's a reason to be terrified.
</content>
</comment>
<comment>
<content>        
No AuntieEm...it says he moved there before the outbreak began, yes...but his family had been living with him prior to learning he'd contracted the disease! They were in the US when he fell ill! IF they'd been with him anytime prior to that, he could have been carrying the disease during the incubation period! Kittersue...that's the information we need to know, immediately! WHEN exactly did they come back to the states? Get on it, DM!
</content>
</comment>
<comment>
<content>        
The plane needs to be disinfected. Especially the restroom. The article said he had severe diarrhea and vomiting upon arrival. He was likely in the same condition during the flight. I hope they did not reuse the plane as they typically always do. A whole new slew of passengers awaiting infection :(
</content>
</comment>
<comment>
<content>        
while it is horrid the way in which you said it (I'm guessing you hate people) however throughout time the pandemics were used to sort of regulate overpopulation- it's terrible when you know someone, and something necessary when you don't. But someone somewhere knows these people and they are grieving for them. It's just sad.
</content>
</comment>
<comment>
<content>        
Are people from these countries who travel to Britain being checked ? With the commonwealth games they are people traveling from these countries and could be carrying this virus spreading it to Britain.
</content>
</comment>
<comment>
<content>        
1048 known cases infected including 672 that have died and over 1500 people that may have come in contact and can't be found. This does not include those that are infected and disappeared from hospitals in search of faith healers and are possibly infecting many others in the process.
</content>
</comment>
<comment>
<content>        
What do you want to be that Ass hat Obama is setting up a program right now for them to come straight into the US to just nail our coffin shut?
</content>
</comment>
<comment>
<content>        
My god with that type of thinking no wonder the world has become so callous. He is a doctor and works for a Christian based charity to provide medical care. The Ebola epidemic is killing hundreds of people. And his work to help with this outbreak would help to contain the disease not spread it. His actions were selfless and done to help others not to make money or notoriety. We need people like Dr. Brantly is this world!
</content>
</comment>
<comment>
<content>        
God, please heal dr Kent Brantley, he's a real hero and a great number of people and his family still need him. I have experienced in reality how Your love and blessings work out on me, please do it on him.
</content>
</comment>
<comment>
<content>        
That is a total impossibility. I am afraid UKIP could no more close the borders completely than any other government! Although matters have been improved we are nowhere near self sufficient in food as a country -- never mind so much else!
</content>
</comment>
<comment>
<content>        
I trust western countries are protecting themselves from this disease before the unthinkable happens and it is found to have spread here! Or would that displease the PC brigade?
</content>
</comment>
<comment>
<content>        
I really hope this poor man is one of the survivors of this terrible disease. I do wonder if this will be the new pandemic worry?
</content>
</comment>
<comment>
<content>        
I know he wanted to help others, but who in there right mind would move their entire family to liberia? That place is an unstable warzone! Not sure I would risk my entire family to continue to do what I loved.
</content>
</comment>
<comment>
<content>        
Tragic as this one man's death, if he doesn't survive this, will be, the West should be praying that this dreadful disease is contained. It will only take one person to arrive in a European capital to start an epidemic that won't care what sex you are, it won't discriminate between the colour of your skin or your religion. It won't care if you are rich, famous or even popular - it will kill 90% and there is no known cure.
</content>
</comment>
<comment>
<content>        
You're jumping the gun. He is ill and being treated. Did you actually read the story before you started your pro-West hysteric rant? Sheesh, you Brits surprise me.
</content>
</comment>
<comment>
<content>        
it's not spread by air or water, Andrea, only through human contact. Not much solace, but better people not get hysterical. And, according to the CDC (Centers for Disease Control), it's a 30 % survival rate. still, a devastating diagnosis and praying for this man and his family.
</content>
</comment>
<comment>
<content>        
Joel , Its not a case of jumping the gun, In the middle ages a disease took out 75pc of europe, it came on a boat from the trade routes ,at the time, which at the time took a little bit longer than the few HOURS it takes a plane to get here, Ebola has an incubation period of from 2 days to 20 , HOW are you going to stop it?????
</content>
</comment>
<comment>
<content>        
What's the view like up there from the morally superior high ground, wow, you must be so much better than anyone else you PC pratt!
</content>
</comment>
<comment>
<content>        
Did you even read the article? He didn't go on a holiday. He moved to Liberia to help in a medical charity! In other words, he was trying to do something nice and noble. But I suppose that concept of altruism eludes you, you prat.
</content>
</comment>
<comment>
<content>        
If any cases in England I will be stocking up on food and water ect, and wont let any of my family leave the house, harsh I know, but this ebola is gruesome, an awful way to die, I certainly won't be taking any chances wuth my family.
</content>
</comment>
<comment>
<content>        
If any cases in England I will be stocking up on food and water ect, and wont let any of my family leave the house, harsh I know, but this ebola is gruesome, an awful way to die, I certainly won't be taking any chances wuth my family.
</content>
</comment>
<comment>
<content>        
I think Dr Brantly is a brave man who knew the risks and faced them head on for the sake of others. He and other brave souls like him have held this virus in check so that it's responsible for the deaths of less than 1000. If Ebola or something like it ever gets out.................we humans will truly understand just how precarious our species is in the scheme of things on this planet - and no amount of money or privilege or guns or religion could protect us.
</content>
</comment>
<comment>
<content>        
Sawyer's sister also died of ebola in Liberia, according to officials, but he claimed to have had no contact with her- How irresponsible of Sawyer to have travelled all the same, knowing he was probably at risk, if not from his sister but from other relatives who may have been in contact with her. What if he has spread the virus around? Some people are just so so selfish
</content>
</comment>
<comment>
<content>        
you fool! He gave his services free of charge to a charity in order to save lives- I'm sure his family understood the nature of his work and support him, unlike you
</content>
</comment>
<comment>
<content>        
He didn't put his family at risk. Did you even read the sodding article before you put your grubby little fingers on the keyboard. Engage brain first
</content>
</comment>
<comment>
<content>        
Oh, you just HAD to bring politics and your British jingoism into it, didn't you? You Brits don't ever seem to he happy unless you're moaning about something or the other.
</content>
</comment>
<comment>
<content>        
Joel, In your previous posts you put Americans down. Now you're picking on Brits? 40 posts in one day. You sir are the epitome of a troll.
</content>
</comment>
<comment>
<content>        
My son has been working in Sierra Leone for coming up to 3 years,he comes back every 7 weeks for 2-3 weeks...he just recently did a fortnight's stint in Monrovia,Liberia but is now back in Sierra Leone...he's an explosives engineer doing restructuring work in this once war-torn country...I am extremely worried and concerned for him as he has a wife and two children back in our village...the company he works for has issued strict health guidelines for their workers and hope that they find a cure soon for this horrendous virus.
</content>
</comment>
<comment>
<content>        
It will find it's way into Europe if we are not careful. What is the EU doing to save guard it's frontiers ...from where I am sitting .... it's nothing.
</content>
</comment>
<comment>
<content>        
I don't often ask for much God but please let this brave man live as he was doing your work and if ever an angel on earth needs saving then it is this one.
</content>
</comment>
<comment>
<content>        
This outbreak is NOT airborne. Anyone spewing that doesn't know of which they speak. Look it up and find ONE source that states this current outbreak is airborne. People spreading their opinions as fact is not helping anyone.
</content>
</comment>
<comment>
<content>        
It will be airborne, when a carrier of the disease, travels to Europe, or America, whilst the disease is in its incubation period. Then what ?
</content>
</comment>
<comment>
<content>        
I hope with all my heart and soul he survives too, but as the sheep Ma said in "Babe," you can't hope for too much! He has a 10% chance by the stats.
</content>
</comment>
<comment>
<content>        
All the best??? He's bleeding inside and out, sores blowing up like boils...and ur wishing him the best... Slow painful death is his fate....
</content>
</comment>
<comment>
<content>        
If this virus moved north of the Mediterranean then you can bet your house a cure would be found within 6 months. It's a disgrace that more effort is spent on developing slimming products than a cure for this fatal virus.
</content>
</comment>
<comment>
<content>        
I read a book called "Hot Zone" last year. It is a factual book and when you have read it, you will know all about Ebola and exactly what it can do. This is one hideous disease and one which could easily get out of control, if it hasn't already.
</content>
</comment>
<comment>
<content>        
All the luck to the doctor. But we need to contain this disease. No more flights straight into Heathrow from the affected countries. Ebola is straight out of a horror movie.
</content>
</comment>
<comment>
<content>        
It seems harsh, but a very true statement made. I'm glad someone had the fortitude to say it. You don't put your own family in front of you if you decide to stand in front of a firing squad because you want to martyr yourself.
</content>
</comment>
<comment>
<content>        
Philiponfire...you need to reread the article! It merely says they came home before he learned he was infected! That COULD mean it's already in the US because of the gestation period...just depends on WHEN the family arrived back home...which I"M CERTAIN DM is on the case at this very moment, finding out for us...RIGHT DM?????
</content>
</comment>
<comment>
<content>        
Lets hope that he recovers from this dreadful disease ! Travel from infected areas should be stopped forthwith it is the only way to prevent this disease from spreading around the globe !
</content>
</comment>
<comment>
<content>        
Am I the only person who has ever heard of Ebola? With the amount of people getting on planes, flying to all different countries, this could rapidly spread, how frightening.
</content>
</comment>
<comment>
<content>        
Frankly I hadn't heard of this disease before I read this article, we should be more informed about this, rather than about pig, bird, etc flu which kills fewer people than ordinary flu. As you say it is frightening.
</content>
</comment>
<comment>
<content>        
Ebola outbreaks usually end quite quickly because the villages which have been struck by it are, historically, isolated and the disease left to run its course. Brutal but effective and it has meant that we have never really seen an epidemic - until now. This is going to get worse before it gets better but if it reaches an area of high and dense population there is no telling how many will die. So what do we do - we send a plane load of potentially infected people out of the area. Did anyone even think of talking to a microbiologist?
</content>
</comment>
<comment>
<content>        
There are some entities behind the iron curtain who maintain full control over such epidemics...and the media reports things ONLY when and how they say to!
</content>
</comment>
<comment>
<content>        
Why in the world would you move your precious children and spouse to a country with such a dangerous disease? Fine if you want to go, but leave them behind.....Can't say I feel too badly for him, although I hope he makes a full recovery. You just can't be a hero to the world when it's your place to be a hero * and  protector* to those who depend on you....your children and wife.
</content>
</comment>
<comment>
<content>        
your first instincts are to protect your children at all cost,,,but their is obviously something missing upstairs with this man,,,, and his wife,,idiots is too simple a word to describe them,,,i fear the children may have more reasoning than the parents,,,shocking,,
</content>
</comment>
<comment>
<content>        
They all moved there before the outbreak. He moved his family back home after the outbreak began. They are not there with him. They are home in Texas.
</content>
</comment>
<comment>
<content>        
Those with eyes to see and ears to hear, know what's going on. I imagine Dr Eric Pianka is in a state of joy right now, along with his legions of evil-goblin students, who have spread their 'skills' far and wide over our world.
</content>
</comment>
<comment>
<content>        
What Really Happened, what really happened to you? Were you dropped on your head as a baby? Or were you severely punished as a child? If not, you should be punished now as an adult for making that completely stupid and vile remark.
</content>
</comment>
<comment>
<content>        
What Really Happened --- Just what are you taking?? Whatever it is --STOP. Dr Pianka simply makes points that should be obvious to everyone, unless they are religious maniacs -- i.e. that human beings do not have an over riding right to the Earth! He is hardly the only person to be worried about over population and depletion of the Earth's resources.
</content>
</comment>
<comment>
<content>        
What Really Happened --- Just what are you taking?? Whatever it is --STOP. Dr Pianka simply makes points that should be obvious to everyone, unless they are religious maniacs -- i.e. that human beings do not have an over riding right to the Earth! He is hardly the only person to be worried about over population and depletion of the Earth's resources.
</content>
</comment>
<comment>
<content>        
This is awful, I hope he pulls through. I really think that anyone in contact with this virus in whatever form, even if they are wearing protective clothing, needs to be in isolation for the incubation period before they can be in contact with anyone else. It is just too dangerous and easy to spread, as we can see from this article.
</content>
</comment>
<comment>
<content>        
You are contagious for three weeks without knowing it, if you live having survived you remain contagious, this desease is 88 per cent successful at killing people its the most deadliest strain, and its being taken care of by CHARITIES??????????? wake up people.
</content>
</comment>
<comment>
<content>        
That's because certain entities want this to happen! Without mentioning names...someone from a very prestigious vantage point once said he wished he could be reincarnated as a killer virus...to control population.
</content>
</comment>
<comment>
<content>        
Everyone on that plane could be infected by now and spreading it everywhere. This is not helped by ignorant families dragging their sick relatives out of the hospitals through irrational fear of modern isolation procedures (which clearly aren't working either in the case of this brave doctor) to take them back to infect entire villages.
</content>
</comment>
<comment>
<content>        
this "version" of Ebola is not like previous versions... this one has a much longer incubation period during which you exhibit only minor symptoms but still remain infectious... it's almost as if it's been tweaked deliberately to maximise the spreading rate and deaths...
</content>
</comment>
<comment>
<content>        
I'am afraid you could be right null. We have a big hooha about swine, bird or pig flu which kills fewer people than ordinary flu, yet nothing seems to be said or done about Ebola.
</content>
</comment>
<comment>
<content>        
This is so horrifying. I am reading a book about Ebola, 'The Hot Zone,' and I can't imagine a more destructive or powerful disease. If this were ever to break out on a large scale... well, God help us.
</content>
</comment>
<comment>
<content>        
Yes, and Air travel is just perfect for the spread of such diseases. Mass movements of people across the world is what we have now - In Britain they don't even check incomers for TB - but then they stopped the BCG for kids too. You couldn't make it up. As a nurse I had to have an X-Ray of my lungs - despite having had the BCG - but now people just come into Britain and we have no way of knowing their health status - for some of course 'our' free health service is their first port of call. There's a shocking naivety about the free movement of people's and health issues - it frightens me!
</content>
</comment>
<comment>
<content>        
Kirstie Chatham, as you are a nurse you see first hand the effects of 'open door Britain'. Thank you for your comment and telling us how it is in reality. I really wish people would wake up and stop voting for this because under Lib/Lab/Con it will get worse.
</content>
</comment>
<comment>
<content>        
This is very heartbreaking, his poor family. He died doing what he loved and that's helping others. All countries should instruct Airlines not to accept passengers from those countries with the Virus.
</content>
</comment>
<comment>
<content>        
The thing about "dying doing what you love" is that you still die. In this case his children didn't have any choice in his poor decision to bring them to this place. Unfortunate for them.
</content>
</comment>
<comment>
<content>        
Figures this comment comes from Beverly Hills. Are airlines not supposed to let anyone board unless they have documentation showing that they are healthy? I think not.
</content>
</comment>
<comment>
<content>        
Telling that those medical professionals bearing the brunt of the costs are from Christian organizations. God bless him for his work, and his family for their sacrifice.
</content>
</comment>
<comment>
<content>        
I read the book "The Hot Zone"...the ebola virus is NOTHING to play around with or bring around your family. I would have never taken my family around there
</content>
</comment>
<comment>
<content>        
Funny how they are always panicking about a few people with flu and its going to kill millions when only 20 or 30 have died ,but no panic about Ebola when this has the potential to more deadly .
</content>
</comment>
<comment>
<content>        
I learned more about ebola than I would ever care to know in one of my university classes. Would not wish it on my worst enemy and as heartless as this sounds, I wouldn't go within a hundred miles of anyone infected by it.
</content>
</comment>
<comment>
<content>        
Wesreknaw - The same thought crossed my mind. Hope the doctor pulls through and makes a full recovery. A courageous and honourable man.
</content>
</comment>
<comment>
<content>        
wait did I read this correct? he fell ill while in Tx? meaning he could have spread it while on the plane or here? i know it says by bodily fluid so does that mean possibly sneezing or cough and some spit happened to come out, does that count?
</content>
</comment>
<comment>
<content>        
@Kimmy, I was confused at first too, but re-read it, it says his family was in the U.S. when Dr. Brantly fell ill in Liberia, so he's in Liberia in a hospital.
</content>
</comment>
<comment>
<content>        
If you meant that the 'WHO (World Health Organisation) cares', then you would be correct. However, somehow I don't think so, especially as you couldn't even be bothered to put a question mark at the end.
</content>
</comment>
<comment>
<content>        
Ebola is approximately 12 hours away from Adelaide (and any other Australian city) for any infected person who's still well enough to buy an air-ticket. Knowing that fact, do you still not care?
</content>
</comment>
<comment>
<content>        
Poor guy. I really hope he manages to fight off the infection and pull through. Sadly, even in a best-case scenario, he's only got a 50-50 chance of survival.
</content>
</comment>
<comment>
<content>        
AND if he survives, the damage done to his internal organs could leave him needing medical treatment for the rest of his life, poor brave man.
</content>
</comment>
<comment>
<content>        
Actually, keesha99x, I think you'll find that the virus has a death rate of between 50% and 90%. I was simply being optimistic about the doctor's chances. It will give me no pleasure if a brave man dies. Oh, and I'm not a "bozo" (or rude) for that matter. I still say he has a 50-50 chance of survival because I'm an optimistic. Of course, even 50-50 odds of survival are scary enough. It's like tossing a coin to decide whether someone lives or dies.
</content>
</comment>
<comment>
<content>        
Praying the Doctor survives.. The countries that have the epidemic should not be allowed to send out international flights until the disease is dormant again.. They can fly medical teams in to help but business men travelling to different countries does not help. It is lucky (sort of) the Doctors family were home in the USA when this happened. Dr Brantley is a marvelous man for going into situations like that to help people, he is one of the genuine heroes. Unlike politicians awarding themselves peace prizes for doing nothing. My condolences at the loss of Dr Brantleys sister.
</content>
</comment>
<comment>
<content>        
Did not know his family was home when this happened my first thought was if his family was ok. I hope he makes it through this to see his family again.
</content>
</comment>
<comment>
<content>        
Actually the speed at which Ebola kills is a blessing, it usually kills or at least incapacitates someone before they can spread it to too many people.
</content>
</comment>
<comment>
<content>        
It is scientifically true. Viruses that less deadly actually end up killing more people because they have the opportunity to spread further.
</content>
</comment>
<comment>
<content>        
It is not out of control. It'd be out of control if people in London, Paris, Rome, New York ,Minneapolis, St. Louis, Los Angeles, San Francisco, Seattle, Tokyo, Hong Kong, Shanghai, Beijing, New Delhi, Moscow, etc. were all dying from it.
</content>
</comment>
<comment>
<content>        
The CDC and WHO alone are calling it an epidemic.. Search Results epidemic ?epi?demik/ noun 1. a widespread occurrence of an infectious disease in a community at a particular time. "a flu epidemic" synonyms:outbreak, plague, pandemic, epizootic More adjective 1. of, relating to, or of the nature of an epidemic. "shoplifting has reached epidemic proportions"
</content>
</comment>
<comment>
<content>        
Time: "Guinea Says Ebola Outbreak Almost Under Control"; CNN: "Why an Ebola epidemic is spinning out of control"; NBC: "Ebola 'Totally Out of Control,' Doctors Without Borders Says" (that should count as two in the NBC headline);
</content>
</comment>
<comment>
<content>        
Doug, Angela has provided a lot of facts and you have provided nothing but hot air. Why don't you produce as many news sources stating that the epidemic is under control? You're just blowing hot air (opinions essentially).
</content>
</comment>
<comment>
<content>        
Also, by simple reading comprehension Angela is NOT stating the epidemic is under control. She is giving examples of language to show that if one states it is under control, then at one time it would be considered out of control. Again, simple reading comprehension.
</content>
</comment>
<comment>
<content>        
My prayers for Dr. Brantly, and all the poor souls suffering from this deadly disease. i am so worried about how bad an epidemic of Ebola can be, worldwide, if given the vector, and it could be like the great flu epidemic of 1918.
</content>
</comment>
<comment>
<content>        
Probably the best thing that could happen to humanity, thinning out a few billion. We might slow down the destruction of the planet that way.
</content>
</comment>
<comment>
<content>        
Prayers and thoughts go out to him and his family. I wish this writer had written more about the recovery if there is any? I have a friend over there she isn't a doctor but she is working in the villages with the children. This is heartbreaking...honestly.
</content>
</comment>
</comments>
