<doc id="Raw-Topic-29_06"> 
<news_source>
CBC
</news_source>

<date>
July 26, 2014
</date>

<author_source>         
</author_source>

<headline>
Ebola outbreak: Nigeria begins screening
</headline>

<text>
<p>
Nigerian health authorities are racing to stop the spread of Ebola after a man brought the deadly and highly contagious disease by plane to Lagos, Africa's largest city with 21 million people.
</p>
<p>
The fact that the traveller from Liberia could board an international flight also raised new fears that other passengers could take the disease beyond Africa due to weak inspection of passengers and the fact Ebola's symptoms are similar to other diseases.
</p>
<p>
Ebola outbreak: Liberian man dies in quarantine in Nigeria
</p>
<p>
Ebola outbreak death toll jumps to 603, WHO says
</p>
<p>
Ebola-sickened travellers may cross borders, WHO warns
</p>
<p>
Officials in the country of Togo, where the sick man's flight had a stopover, also went on high alert after learning Ebola could possibly have spread to a fifth country.
</p>
<p>
Screening people as they enter the country may help slow the spread of the disease, but it is no guarantee Ebola won't travel by airplane, according to Dr. Lance Plyler, who heads Ebola medical efforts in Liberia for aid organization Samaritan's Purse.
</p>
<p>
"Unfortunately the initial signs of Ebola imitate other diseases, like malaria or typhoid," he said.
</p>
<p>
The aid organization on Saturday said an American doctor working with Ebola patients in Liberia had tested positive for the deadly virus. A Samaritan's Purse news release said Dr. Kent Brantly was being treated at a hospital in Monrovia, the capital.
</p>
<p>
Ebola already had caused some 672 deaths across a wide swath of West Africa before the Nigeria case was announced. It is the deadliest outbreak on record for Ebola, and now it threatens Nigeria, Africa's most populous nation. An outbreak in Lagos, Africa's megacity where many live in cramped conditions, could be a major diisaster.
</p>
<p>
"Lagos is completely different from other cities because we're talking about millions of people," said Plan International's Disaster Response and Preparedness Head, Dr. Unni Krishnan.
</p>
<p>
Nigerian newspapers describe the effort as a "scramble" to contain the threat after the Liberian arrived in Lagos and then died Friday.
</p>
<p>
Passengers screened for virus
</p>
<p>
International airports in Nigeria are screening passengers arriving from foreign countries for symptoms of Ebola, according to Yakubu Dati, the spokesman for Federal Aviation Authority of Nigeria.
</p>
<p>
Health officials are also working with ports and land borders, he said. "They are giving out information in terms of enlightenment, what to do, what to look out for."
</p>
<p>
Nigerian airports are setting up holding rooms to ready in case another potential Ebola victim lands in Nigeria.
</p>
<p>
Airports in Guinea, Liberia and Sierra Leone, the three other West African countries affected by the current Ebola outbreak, have implemented some preventive measures, according to officials in those countries. But none of the safeguards are foolproof, say health experts.
</p>
<p>
Variable incubation period
</p>
<p>
Doctors say health screens could be effective, but Ebola has a variable incubation period of between two and 21 days and cannot be diagnosed on the spot.
</p>
<p>
Patrick Sawyer, a consultant for the Liberian Ministry of Finance arrived in Nigeria on Tuesday and was immediately detained by health authorities suspecting he might have Ebola, Plyler said.
</p>
<p>
On his way to Lagos, Sawyer's plane also stopped in Lome, Togo, according to the World Health Organization.
</p>
<p>
Authorities announced Friday that blood tests from the Lagos University Teaching Hospital confirmed Sawyer died of Ebola earlier that day.
</p>
<p>
Sawyer reportedly did not show Ebola symptoms when he boarded the plane, Plyler said, but by the time he arrived in Nigeria he was vomiting and had diarrhea. There has not been another recently recorded case of Ebola spreading through air travel, he added.
</p>
<p>
Nearly 50 other passengers on the flight are being monitored for signs of Ebola but are not being kept in isolation, said an employee at Nigeria's Ministry of Health, who insisted on anonymity because he was not authorized to speak to the press.
</p>
<p>
Sawyer's sister also died of Ebola in Liberia, according to Liberian officials, but he claimed to have had no contact with her. Ebola is highly contagious and kills more than 70 per cent of people infected.
</p>
<p>
Traditional burials spread disease
</p>
<p>
Ebola is passed by touching bodily fluids of patients even after they die, he said. Traditional burials that include rubbing the bodies of the dead contribute to the spread of the disease, Krishnan added.
</p>
<p>
There is no "magic bullet" cure for Ebola, but early detection and treatment of fluids and nutrition can be effective, said Plyler in Liberia. Quickly isolating patients who show symptoms is also crucial in slowing the spread of the disease.
</p>
<p>
West African hospital systems have weak and "often paralyzed" health care systems, he added, and are not usually equipped to handle Ebola outbreaks. International aid organizations like his and Doctors Without Borders have stepped in, but they also lack enough funding and manpower. "We need more humanitarian workers," he said. "We need resources."
</p>
</text>
</doc>
