<doc id="Raw-Topic-29_09"> 
<news_source>
The Washington Post
</news_source>

<date>
July 27, 2014
</date>

<author_source>         
</author_source>

<headline>
Ebola kills Liberian doctor, 2 Americans infected
</headline>

<text>
<p>
MONROVIA, Liberia  One of Liberia's most high-profile doctors has died of Ebola, officials said Sunday, and an American physician was being treated for the deadly virus, highlighting the risks facing health workers trying to combat an outbreak that has killed more than 670 people in West Africa  the largest ever recorded.
</p>
<p>
A second American, a missionary working in the Liberian capital, was also taken ill and was being treated in isolation there, said the pastor of a North Carolina church that sponsored her work.
</p>
<p>
Dr. Samuel Brisbane, a top Liberian health official, was treating Ebola patients at the country's largest hospital, the John F. Kennedy Memorial Medical Center in Monrovia, when he fell ill. He died Saturday, said Tolbert Nyenswah, an assistant health minister. A Ugandan doctor died earlier this month.
</p>
<p>
The American physician, 33-year-old Dr. Kent Brantly, was in Liberia helping to respond to the outbreak that has killed 129 people nationwide when he fell ill, according to the North Carolina-based medical charity, Samaritan's Purse.
</p>
<p>
He was receiving intensive medical care in a Monrovia hospital and was in stable condition, according to a spokeswoman for the aid group, Melissa Strickland.
</p>
<p>
"We are hopeful, but he is certainly not out of the woods yet," she said.Early treatment improves a patient's chances of survival, and Brantly recognized his own symptoms and began receiving care immediately, Strickland said.
</p>
<p>
The American missionary, Nancy Writebol, was gravely ill and in isolation in Monrovia, her husband, David, told a church elder via Skype, according to the Rev. John Munro, pastor of Calvary Church in Charlotte, N.C.
</p>
<p>
Munro said the couple, who had been in Liberia for about a year, insisted on staying there despite the Ebola threat. "These are real heroes  people who do things quietly behind the scenes, people with a very strong vocation and very strong faith," Munro said.
</p>
<p>
There is no known cure for the highly contagious virus, which is one of the deadliest in the world. At least 1,201 people have been infected in Liberia, Sierra Leone and Guinea, according to the World Health Organization, and 672 have died. Besides the Liberian fatalities, 319 people have died in Guinea and 224 in Sierra Leone.
</p>
<p>
Ominously, Nigerian authorities said Friday that a Liberian man died of Ebola after flying from Monrovia to Lagos via Lome, Togo. The case underscored the difficulty of preventing Ebola victims from traveling given weak screening systems and the fact that the initial symptoms of the disease  including fever and sore throat  resemble many other illnesses.
</p>
<p>
Health workers are among those at greatest risk of contracting the disease, which spreads through contact with bodily fluids.
</p>
<p>
Photos of Brantly working in Liberia show him swathed head-to-toe in white protective coveralls, gloves and a head-and-face mask that he wore for hours a day while treating Ebola patients.
</p>
<p>
Earlier this year, the American was quoted in a posting about the dangers facing health workers trying to contain the disease. "In past Ebola outbreaks, many of the casualties have been health care workers who contracted the disease through their work caring for infected individuals," he said.
</p>
</text>
</doc>
