<topic id = "Raw-Topic-29" category = "4">
	<title> Top-doctor-becomes-latest-Ebola-victim</title>
	<doc id="Raw-Topic-29_01" hasComment = "Y" />
	<doc id="Raw-Topic-29_02" hasComment = "Y" />  
	<doc id="Raw-Topic-29_03" hasComment = "Y" />  
	<doc id="Raw-Topic-29_04" hasComment = "N" />
	<doc id="Raw-Topic-29_05" hasComment = "N" />
	<doc id="Raw-Topic-29_06" hasComment = "N" />
	<doc id="Raw-Topic-29_07" hasComment = "N" />
	<doc id="Raw-Topic-29_08" hasComment = "N" />
	<doc id="Raw-Topic-29_09" hasComment = "N" />
	<doc id="Raw-Topic-29_10" hasComment = "N" />
</topic>
