﻿<?xml version="1.0" encoding="UTF-8"?>
<comments>
<topic id="Raw-Topic-44" category="1" />
<doc id="Raw-Topic-44_08"></doc>

<comment><content>
Thoughts and prayers to the people of Nebraska. Many years ago I lived in Omaha, always found the people of the state to be some of the nicest I ever met.
</content></comment>
<comment><content>
Really? There belongings can be replaced, God saved their lives. Don't even respond if all you want to do is degrade me and my Lord. I will add you to my prayer list too.
</content></comment>
<comment><content>
Maybe it was time for the child to be home with her Lord and Savior. I don't know all the answers, but I do know that God's love is real, His forgivness is endless and His mercy endures.
</content></comment>
<comment><content>
do you not see how, regardless what happens, you have the convenient answer for everything? If something good happens, good as you see it, God did it. If something bad, as you see it, happens then it was time to bring her home, or the person reaped what they sewed or we cannot know these mysteries. What a joke.
</content></comment>
<comment><content>
My answers are in my faith. You do not have to like it, agree with it, or even (obviously) understand it, as it is my faith. I am sure no one ever understands how a child could die, there is no making sense of it - I am sure her family is devistated. But maybe, just maybe, there is some comfort in knowing she is in heaven. All of these things someone like you could never understand. I really feel sorry for you.
</content></comment>
<comment><content>
I am an Atheist. But strongly respect your given right to believe as you see fit. To worship a higher power as you see fit. If it is a source of strength and understanding for you I'm glad that you have found peace with it and encourage you to let it continue to guild you to great places. :)
</content></comment>
<comment><content>
good post. I remember Joe Biden saying he didn't believe in abortion but he does not have a right to impose his views on others...and that's exactly how more people should think. I do believe in God, but a Loving God who does not hate...Things happen, it's nature, it may be the Devil, we do not know. But I believe in loving one another and respect others' rights to believe in what they believe.
</content></comment>
<comment><content>
Agreed. It is not my job or business to scrutinize the beliefs of others. It IS my job to respect them even if I do not agree. I am of the belief that we can collectively make this world a better place by simply respecting the beliefs of others even when in disagreement. Respect will always promote negotiation and compromise. I have had my own opinion changed when presented with something that was more logical than my current stand on a given issue. Wouldn't it be nice if those representing us in Washington would use similar rational?
</content></comment>
<comment><content>
I do not seek to impose my views on others. I seek to enlighten them by rational argument in the hope that they might discard their childish faith and adopt a more rational view.
</content></comment>
<comment><content>
When we place expectations on others we're setting ourselves up for disappointment many times. It is wiser to present rational thought as simple conversation expecting only to be considered. But at the same time we must be willing to consider and ponder the views and beliefs of others.
</content></comment>
<comment><content>
I ponder but am disappointed. I value living in a democracy, where each person has an equal vote. But democracy only works well when people are rational and educated. When I see people who are ignorant and irrational, it is proper that I help them to grow beyond their childish belief system.
</content></comment>
<comment><content>
But childish by whos standard? Certainly not mine. I do not have that right to push my beliefs on the next person. In fact, many many years ago these guys drafted this document reaffirming an individuals right to believe and express themselves as they see fir. It's called the Bill of Rights. And just a quick FYI, We are not a democracy contrary to popular belief. We are a Republic,
</content></comment>
<comment><content>
Oh, so you have faith God took her life because he wanted too, regardless of how he was going to make her parents feel. So, you're essentially saying it's Gods will for everything that happens in this world. I guess Sandyhook elementary was Gods will too.
</content></comment>
<comment><content>
That is not what I said - God does not do these evil things, but in the case of Sandyhook, free will allowed a mentally ill person to do something very evil. Frankly, in the case of Sandyhook, I blame his mother, afterall, they were her guns and she knew he was off the charts. Natural diasters, whether by climate change I can't say I understand that - and why a child dies, I cannot understand that either, but what I do understand is that God answers prayers always, even when it is not the answer we want to hear. Peace be with you and all the people currently suffering because of this diaster. Now, I need to send some money to the Red Cross as I assume there is a diaster relief fund in place.
</content></comment>
<comment><content>
Research project: One group of people in a hospital were prayed for and the control group was not. Those who received prayer did worse than those who did not. Regardless of the results of this study, there needs to be more of this type of research. You should not claim that prayer helps until you can show through controlled experiment that it does.
</content></comment>
<comment><content>
Well, I know this, after I had my heart attack they told my wife that she may want to get friends and family to come see me asap as it didn't look good. I literally "overheard" this and kinda freaked! When she left to make the phone calls I locked my door, got down on my knees and prayed. I prayed for my life but not for myself. This was a very unselfish prayer. My younger brother Brian died several years ago and my mom was devastated having to bury her youngest of two sons. I prayed that my mother be spared the horror of having to bury two children in one lifetime. The thought of my poor mom brought me to tears and I refused to allow her to suffer even if it meant me having a little humble pie and asking the big guy upstairs for a little help if he's there. That was three years ago. Even the Docs were speechless when I walked out of that hospital just 2 weeks after I arrived. Divine intervention? Hell, I dont know. I DO know that I have went from being an intolerant Atheist to a very respectful one. lol
</content></comment>
<comment><content>
Gabe, I do not think you are an Atheist at all (and I am glad for that), I think you (like most of us), just have a lot of unanswered questions. I am so happy you are here, not only for your mother's sake, but so that you could share your experience with us today. Take care, and God bless you.
</content></comment>
<comment><content>
The devil is bad - God is good. You turn away from god he will turn away from you. He doesn't force his love on anyone. But don't whine when evil happens and god turns away.
</content></comment>
<comment><content>
I ignore them. No matter what is posted they find something wrong...they are fortunate it wasn't their town...and yes God saved their lives...you can replace things, you can't replace people. God Bless.
</content></comment>
<comment><content>
Do a controlled experiment: you pray for no tornado damage in 100 randomly chosen towns in Nebraska and you don't pray for a second 100 randomly selected towns in Nebraska. The people judging the amount of damage in each group could not know 
whether the town was prayed for or not so there would be no 
observational bias. At the end of 10 years, compare the results. Then maybe you would have some data to support your beliefs. Until then you are indulging in superstition.
</content></comment>
<comment><content>
I contribute my wisdom. If these people stopped praying and thought rationally, it might be possible for them to come up with real solutions to their problems. So long as they "trust in God", they will have hard lives and hopelessness.
</content></comment>
<comment><content>
Worm - How about we make it more personal.
Let's say, just for fun, I pray that you would be left a cripple - through unforeseen circumstances.
Should we give it a try?
</content></comment>
<comment><content>
Now is the time to back up our prayers with positive, helpful action. Prayers for comfort and healing are all well and good - and I really do believe in the power of prayer - but these people also need hands to help clean up and rebuild. They need food and water, and clothing to replace what was lost. They need hands and arms around them, comforting them and letting them know they aren't alone. If you're not anywhere near this town, then I could hazard a good guess that there are people in need where you are. Get out there and serve and help people in your community! Doing so helps this world be a better place.
</content></comment>
<comment><content>
I scrolled through as fast as I could since it's not my intention to "tour" the devastated town! I'm not going to stop by every picture to get few kicks out of other people's suffering and nor should others! If we can donate we donate. We cannot offer actual help because we live much too far away. Instead of staring at the devastation, people should be offered an opportunity to HELP! Until that, pray silently and don't guzzle down other people's misery mentally. You never know when is it your turn to host idiots that live off of your suffering in your own hometown!
</content></comment>
<comment><content>
Yes, this article is nothing but eye candy for gapers, no real details, and two lame old pictures stolen from Google. ABC has been scraping the bottom of the barrel for a long time.
</content></comment>
<comment><content>
Exactly. They forget one thing tho', Karma is a biyatch! If you are! As to your last sentence, ITA!!! It has become, like, the second coming of the Daily Fail.
</content></comment>
<comment><content>
Every year people are killed, injured or their homes wiped off the map by these storms. Yes there are the gawkers, but people who live in Tornado Alley, especially those who move here, need to be reminded about the danger these storms present. Unless there are photos of injured people, unnecessary images of the violence and injuries caused, there is nothing innately wrong about these images.
What you do with them, how you dwell on them etc that is the problem.
Every time I see these I keep being reminded that I need to get a plan started to build or buy a real storm shelter for our home. To that end I think that your recommendations for folks to reach our is good but you can relax on the chastising comments. Kids and adults unaware of the force these storms hold need to be shown the damage they do. Yes I too get tired of hearing and seeing the same videos hour after hour. But focus your attention providing the help and prayers you speak of and just ignore that which you don't want to see.
</content></comment>
<comment><content>
I think that it is important for folks to see the devastation that tornadoes can do, so that they take cover as well as insist on storm shelters in their town, especially schools.
</content></comment>
<comment><content>
You can't speak for others, you can't know their minds. 
I think the photos of the devastation not only warn people to take tornadoes seriously but help people to see the need to donate money to help rebuild.
</content></comment>
<comment><content>
Big brother government is a danger to our freedoms BUT one thing that could be useful would be a building requirement, preferably at the state level, that all new homes and businesses have a 'storm safe' area built into them designed to accommodate the normal occupancy of that building. The increased cost can and should be minimal IF the Federal government simply sets some reasonable guidelines. Withstanding an EF5 for every structure is unreasonable but somewhere in the requirement should be the inclusion of basic protection as a minimum along with clear notifications to home buyers of that level of protection and it's location. Tax breaks for additional protection would encourage home builders and buyers but ultimately it up to the builders to buy into a plan. They can even use it as a selling tool for selling homes in the current state of home sales.
This has come up each year for the past half dozen year and yet states and cities forget about it once the heart of the storm season is gone. Do we need another Moore, Oklahoma disaster to get the states moving again?
</content></comment>
<comment><content>
Job 1:7
And the Lord said unto Satan, Whence comest thou? Then Satan answered the Lord, and said, From going to and fro in the earth, and from walking up and down in it.
Job 1:6-8 (in Context) Job 1 (Whole Chapter) Other Translations
</content></comment>
<comment><content>
Zechariah 3:2
And the Lord said unto Satan, The Lord rebuke thee, O Satan; even the Lord that hath chosen Jerusalem rebuke thee: is not this a brand plucked out of the fire?
Zechariah 3:1-3 (in Context) Zechariah 3 (Whole Chapter) Other Translations
</content></comment>
<comment><content>
Matthew 4:10

Then saith Jesus unto him, Get thee hence, Satan: for it is written, Thou shalt worship the Lord thy God, and him only shalt thou serve.

Matthew 4:9-11 (in Context) Matthew 4 (Whole Chapter) Other Translations
</content></comment>
<comment><content>
On the ABC news website was a man with an unclean spirit.

Luke 4 
33 And in the synagogue there was a man, which had a spirit of an unclean devil, and cried out with a loud voice, 34 saying, Let us alone; what have we to do with thee, thou Jesus of Nazareth? art thou come to destroy us? I know thee who thou art; the Holy One of God. 35 And Jesus rebuked him, saying, Hold thy peace, and come out of him. And when the devil had thrown him in the midst, he came out of him, and hurt him not. 36 And they were all amazed, and spake among themselves, saying, What a word is this! for with authority and power he commandeth the unclean spirits, and they come out. 37 And the fame of him went out into every place of the country round about.
Authorized (King James) Version (AKJV)
</content></comment>
<comment><content>
Luke 4

33 And in the synagogue there was a man, which had a spirit of an unclean devil, and cried out with a loud voice, 34 saying, Let us alone; what have we to do with thee, thou Jesus of Nazareth? art thou come to destroy us? I know thee who thou art; the Holy One of God. 35 And Jesus rebuked him, saying, Hold thy peace, and come out of him. And when the devil had thrown him in the midst, he came out of him, and hurt him not. 36 And they were all amazed, and spake among themselves, saying, What a word is this! for with authority and power he commandeth the unclean spirits, and they come out. 37 And the fame of him went out into every place of the country round about.
</content></comment>
<comment><content>
Do you realize you really can make $2000 per week trading? I would have never believed it until I saw it for myself or I started doing it. And that's exactly what happened to me because now I'm making that much money. You just need to know the right place to learn and where I went to is a website called Traders Superstore, you should be able to find them on Google or just search for them. Their support is the best I've ever seen on any website before and they helped me to learn to trade, and it was nowhere near as hard as I thought it would be.
</content></comment>





</comments>
