﻿<?xml version="1.0" encoding="UTF-8"?>
<comments>
<topic id="Raw-Topic-44" category="1" />
<doc id="Raw-Topic-44_07"></doc>

<comment><content>
And when they ignore the laws, they create new laws to make it legal for them, such as Oregon's newest, "Give the illegals a legal drivers license". That'll teach them to come to our country illegally. Break the law and we'll hand you a license to drive in America, even though you are breaking the law. Hmm, that sends a good message to the kids growing up in America. You get rewarded for breaking the law.
</content></comment>
<comment><content>
Sure. bub. Lots of potential immigrants are sitting in Mexico or Honduras thinking, "wow, if I can make it to Oregon I can get a "DRIVER'S LICENSE!" The driver's license is for the benefit of law enforcement, not the driver.
</content></comment>
<comment><content>
A five year old child died and you are on here talking about Sarah Palin and the President? Unbelievable. We have lost our moral compass in this country. You want things to change and improve? Start by looking in the mirror.
My sympathies to the citizens of Pilger and the family that lost their sweet little girl.
</content></comment>
<comment><content>
Oh my.... How awful! My dearest and deepest condolences to the victims and their families and friends. Crap.... I have friends in Pilger's that I am scared to death to call now.... Oh well, we gotta do what we gotta do sometimes for the sake of others. They may need my help.
</content></comment>
<comment><content>
I wonder if the two tornadoes rotated in the same direction or not, and if they fed off each others' momentum or if they're counter-intuitive and actually reduced their destructiveness?
</content></comment>
<comment><content>
I wrote this poem few years ago, and this incident reminded me of it:
Lullaby
A different song rang that evening
When the storm came crossing the barricades
The evening had just got down the aisle
Fire of hearth yet to lighted
Dinner yet to be served
Table mattresses just been laid
Then, suddenly the roar, the whistling wind, the crackling clouds
Mothers’ aprons went up their faces,
Children’s caps dwindling away
Doorknobs lost their grips
First went the door, then went everything else.
Following morning, few men in uniforms stood dumbstruck
Pulled out John, all of six, beneath the great oak tree
His eyes closed, serene face, he slept during yesterday’s lullaby.
</content></comment>


</comments>
