<comments>
<topic id = "Raw-Topic-24" category = "4" />
<doc id="Raw-Topic-24_01" />
<comment>
<content>        
The failure of antibiotic effectiveness has been a growing problem for some years now.
Originally the cause was attributed to it's use in factory farming, where it's overuse led to antibiotic resistant bacteria.
The antibiotics used to treat food poisoning no longer work.
Has this aspect been addressed ?
Style of thing
</content>
</comment>
<comment>
<content>        
One of the key problems appears to be that the monitoring of antibiotics residues in the dairy industry, is left to the industry itself to self-regulate. This from a 2009 government guide:
The approach to the control of antibiotic residues in milk is multifaceted. The primary control is on farm and begins with the correct prescription and administration of the antibiotics and the careful adherence to withdrawal periods. In short, milk producers must ensure that milk from animals under treatment or in the withdrawal
period does not enter the food chain. The primary controls are complemented by the testing of milk for antibiotics, undertaken by food businesses at various points in the supply chain, including on farm. It is up to individual food business operators (including milk producers) to determine their own sampling and testing regime, taking account of other testing undertaken in the distribution chain, including any testing
carried out on their behalf.
</content>
</comment>
<comment>
<content>        
Totally agree - need to understand lessons learnt from previous antibiotic ineffectiveness causes, then ensure we don't follow the same path towards obsolescence.
Are we sure Cam is not, looking for this as an excuse to bung a few billion the way of the pharmaceuticals ............ it does need addressing though, the cynic in me just does not want to listen sometimes!
</content>
</comment>
<comment>
<content>        
The Russians could not afford to buy anti-biotics from the West so they adopted another method. Bacteriophages. Viruses who are the natural predators of the bacteria, found wherever the bacteria are found and specific to that bacteria. The beauty is that they are easily found and are capable of adaptation to any measure that the bacteria mutate to or genetically acquire without human agency. I presume the only reason that they are not being pushed is that Big Pharma would lose out by their use.
</content>
</comment>
<comment>
<content>        
As discussed on C4 News on Wednesday 2 July, the antibiotics section of the industry is not as profitable as drugs like statins or other stuff taken for chronic symptoms. Instead, antibiotics are taken for, say, a fortnight only when necessary, and are therefore nowhere near as lucrative.
So BigPharma has had little incentive to invest past the first few rounds of drugs developed. Equally, BP is likely to put any thought of use of phages in the shade, for similar reasons.
</content>
</comment>
<comment>
<content>        
The Coalition have been putting more cash into the NHS than Labour intended to do. They would be able to put even more in if Labour hadn't made such a mess of the economy.
</content>
</comment>
<comment>
<content>        
Oh shit, not another government sponsored pandemic!! Remember when we were all going to have herpes, then AIDS, then bird flu, a resurgence of Spanish flu, TB, polio etc etc.
Is there evidence of a 'global pandemic' (pandemics by definition are global), is it speculation, or is this more scaremongering to get get billions of public money poured into the drug companies (think bird flu) ?
I'm not convinced, sitting here on my daily doses of Ciprofloxacin and Doxycycline !
</content>
</comment>
<comment>
<content>        
Just google MSF and TB, you will find they are seeing multi drug resistant forms cropping up at an increasing rate across the globe. Their view, and it is far from alarmist, is that MDR TB is a problem NOW, not in five years, not ten but now and it is getting worse
The CRE bacteria and the like could render what is low risk surgery now as dangerous as it was pre-war, pre-anti-bios.
Treatments for cancer that rely on them to assist the immune system could see survival rates going south dramatically as secondary infection become a killer again
If you think this sounds bad, well welcome to reality... it is not exaggerating for once it is probably underselling the problem even now.
</content>
</comment>
<comment>
<content>        
I'd like to see A and E treat the Ebola virus should it come to our shores. 
And by the looks of it just may well do that. 
Overpopulation needs addressing by politicians, not the shortage of housing!
</content>
</comment>
<comment>
<content>        
On the plus side once antibiotic resistance becomes suffieciently wide spread most surgery becomes impossible (beyond perhaps hacking off the infected limbs).
The NHS will save millions.
</content>
</comment>
<comment>
<content>        
Well that's funny,the figures don't show that. What they do show is the amount of cuts made by the coalition the lack of nurses, the hard pressed ambulance service, the A and E being clogged up because people cannot get an appointment at their local doctors surgery,cancelled operations due to lack of staff  and  funding etc,etc,etc. It is not about what "labour intended to do", it is about what is needed.  and  the old chestnut about the mess labour made of the economy has been milked to bits. The coalition has had 4 years of austerity measures  and  still borrows much more per day than labour ever did! Your argument might have worked 3.1/2 years ago but it holds no truth now. If it is true, it proves the coalition are not fit to run this country. PS when cameron  and  his wife had the baby, he said the NHS was wonderful, so it has only worsened on his watch!
</content>
</comment>
<comment>
<content>        
cpme on not again, this is so wrong and misleading:
The pharmaceutical industry has produced three generations of antibiotics in the past 60 years. The first included natural penicillins. However, this group became ineffective as bacteria evolved enzymes that broke the drugs apart. The second were synthetic penicillins, modified in the lab to resist these enzymes, but bugs gained resistance to these too. The third generation, carbapenems, have been further modified. In 2003, the first microbes arrived in Britain that are immune to even these.
There are several generations of beta-lactams but many more of other antibiotic classes; macrolides, tetracyclines, aminoglycosides, fluoroquinolones, colistin as well as the different beta-lactams.
The first carbapenem-resistant microbe in Britain was isolated in 1985, the same year that imipenem was approved by the FDA.
Bacteria are resistant, not immune to antibiotics.
</content>
</comment>
<comment>
<content>        
The lack of research into new drugs is a result of the low profitability of antibiotics compared to those for chronic illnesses and it shows that the market has failed. Instead we need a 'Manhattan Project' for antibiotics (and beyond) which should be a priority for government funding with the resulting drugs being released without patent encumbrances. That'd be a worthy legacy for any government.
</content>
</comment>
<comment>
<content>        
But that would involve, you know, actual collaboration between people, rather than naked greed and selfishness, which the neoliberal doctrine is all about. It would also involve public funding, which is pretty much against everything the Tories stand for.
</content>
</comment>
<comment>
<content>        
This should not be a party political issue. Labour and the Lib Dems have been equally ineffectual in ensuring funding for this research is at the appropriate level. 
If an economist assesses the problem accurately, they should find that private/industrial funding will fall way short of what is required and the practical response will be that this is one area of scientific research that needs a new funding model, heavily backed by central government(s).
</content>
</comment>
<comment>
<content>        
The Market often fails but governments, business leaders and economists don't like to admit it. If they did, they would have to admit that the Market is just one economic tool and regulation and state intervention also have a part to play.
</content>
</comment>
<comment>
<content>        
"The lack of research into new drugs is a result of the low profitability of antibiotics compared to those for chronic illnesses and it shows that the market has failed." 

Profits are low because new, effective antibiotics are reserved for severe, life-threatening cases in order to delay the advent of resistance. Developing a new antibiotic costs upward of 200 million (please check that Alice) and it is obviously not attractive to pharmaceutical companies if they are not allowed to claw back these costs by marketing the drugs for use in all patients who could benefit. So the market has not failed, it has been subverted by health policy. 

If we want a steady supply of new antibiotics, we can either allow the pharmaceutical industry to market them as it sees fit and the medical profession to prescribe them to whoever needs them, and hope that science stays one step ahead of the microbes, or pay pharmaceutical companies their audited costs and continue to reserve the new drugs for severe cases.
</content>
</comment>
<comment>
<content>        
That's right, because Mr Goldman Sachs will really know his arse from his elbow when it comes to developing drugs.
This sounds like a PR exercise to make Cameron look like he is trying to combat diseases, when actually he has frozen research funding during his term, and the UK currently spends 1.79% of its budget on research, which is below the EU average of 2%.
But of course the private sector will shine and produce these drugs, because everything is better there. Even though the commercial incentives are not that great. Also, what does Cameron think researchers (including those outside the public sector) have been doing - sitting on their arses? I don't think he has any idea of the challenges involved in producing antibiotics, all of which have toxicity issues, or drugs for dementia, which have the very difficult problem of needing to get into the brain to have any chance of being effective.
This man likes to talk big, but has no idea what is actually involved in science or medicine.
</content>
</comment>
<comment>
<content>        
I am a scientist designing new antibiotics and understanding how bacteria respond to existing ones. I, for one, am pleased that an economist is in charge of this. His first job is to put a number on the size of the problem and the cost of doing nothing. From that everything else will follow and we will no longer have the piecemeal attitude to developing new antibiotics.
</content>
</comment>
<comment>
<content>        
I don't think so. As an ex-Goldman economist he knows - and the article confirms - that Big Pharma doesn't care about research it can't make money out of, no matter what the social benefit. Which tells you all you need to know about the profit motive's contribution to society and the sense of having this led by an economist, let alone one from Goldman Sachs - a company that has held society to ransom over quite a few things (see Matt Taibbi at Rolling Stone for details).
</content>
</comment>
<comment>
<content>        
I would be very surprised if the answer he comes up with involves Big Pharma in anything like the traditional funding model for drug development. Antibiotic resistance, if not unique, is a special problem that will need a new funding model and an economist (whatever his background) should be well placed to identify this and present a convincing case to government.
Of course the outcome of this review hinges a lot on the personalities involved but let's not dismiss this on day one!
</content>
</comment>
<comment>
<content>        
I should imagine Jim O'neill,s mind will be firmly set on how he can make cameron look good in the knowledge that the pharmaceutical giants are just around the corner with independent investors  and  healthcare companies ready to fund the privatisation of the NHS .
</content>
</comment>
<comment>
<content>        
Chief medical officer welcomes prime minister's demand for global action to combat problem
Like Cameron is the first to notice!
This has been a problem for years, but we are fighting evolution itself. May I wish mankind the best of luck...
</content>
</comment>
<comment>
<content>        
The first included natural penicillins. However, this group became ineffective as bacteria evolved enzymes that broke the drugs apart. The second were synthetic penicillins, modified in the lab to resist these enzymes, but bugs gained resistance to these too.
It's called "Survival of the fittest" and has been around for over three billion years.
We wouldn't be here now without that principle.......
</content>
</comment>
<comment>
<content>        
...and we might not for much longer because of it.
Humanity constantly congratulates itself on how advanced it is without the faintest idea of how its stone age brain can solve the big problems it has largely created for itself.
</content>
</comment>
<comment>
<content>        
How right you are. We have become so paranoid about cleanliness that we overdue it. How long can we expect to "kill 99.99% of bacteria" with some product or another before the 0.01% that survives takes over the world?
</content>
</comment>
<comment>
<content>        
We can always bring out the big guns,like Barry Scott from cillet bang! Id hazard a guess he,s got something with turbo power up his sleeve to eliminate the 0.01%!
</content>
</comment>
<comment>
<content>        
People have to die, it is the natural order of things. In an over-populated planet, should we extend life? On what basis? Race? Wealth? How much more antibiotics will be needed with the mass migration of eastern Europeans? How innoculated are they or we?
</content>
</comment>
<comment>
<content>        
So you advocate closing all medical facilities in case they extend life? Somehow Eastern Europeans are also to blame here, but you forgot to include gays and anyone else who do not turn red in the sun.
</content>
</comment>
<comment>
<content>        
problem is a pharmaceutical company will spend millions developing new ones but then within a year generic form will be available in markets in India and online, it will then lose it's effectiveness much sooner due to overuse.
</content>
</comment>
<comment>
<content>        
Not just overuse, also misuse. Antibiotics lifetime would be longer if they were used properly, resistance is a phenomenon often associated with not treating the illness for the whole course required. At least this is what I was taught.
</content>
</comment>
<comment>
<content>        
To my knowledge a problem with phages is they are quite selective. When a patient has a massive infection which has to be treated NOW, finding the right strain is probably a problem.
</content>
</comment>
<comment>
<content>        
Yes, phage therapy should get the billion pound facelift, antibiotics are looking for.
As one Russian clinician said, "Every infection we have come across can be treated with a phage from the hospital's sewer outflow"
Given, that we can mess with the DNA of anything that lives, can't we find a particularly aggressive virus and adjust it's palette a million ways, to consume a million different infections, or just make it a less fussy eater.
Obviously, many beneficial bacteria would be coded off menu and the virus have a regressive reproductive gene that would see it and it's greatgreatgrandchildren infertile and thus not at risk of developing a taste for yoghurt or heaven forbid, brewers yeast.
</content>
</comment>
<comment>
<content>        
My wife, a retired Doctor, used to discuss this problem back in the 90"s.
She was aghast at the handing out of anti biopics to children and adults like sweets and they then not completing the course of treatment.
In other countries like Saudi, UAE and where we have our charity clinic in Afghanistan anti biopics are sold over the counter like head ache pills, no wonder bacteria are becoming resistant.
She who must be obeyed informs me that this is however mainly hype as there are numerous combinations still left and that this is big Pharm and the Tories trying to justify more tax payers money going to them and privatising the NHS.
She also pointed out that bacteria are resistant to some anti biopics not immune.
And as a 6 foot 5 inch Scottish woman of strong character I wouldn't argue with her when she says "don't panic Mr Mainwaring".
</content>
</comment>
<comment>
<content>        
She who must be obeyed informs me that this is however mainly hype as there are numerous combinations still left 
But I think the point is that we need to start taking action now, instead of waiting for the crisis to happen in the future when we have not come up with any new options.
</content>
</comment>
<comment>
<content>        
I am a vegetarian and an animal welfare activist so don't get me started on the subject of big Agro and the rubbish they manufacture in their factory farms and have the nerve to call it food.
If I told you what they put into the animals and the barbaric way they are treated it would make you sick.
</content>
</comment>
<comment>
<content>        
First of all, it's "antibiotics" not anti biopics. Then, "bacteria are resistant to some anti biopics not immune": this is just utter nonsense. Immune/resistant is the same thing: they don't work anymore.
This is definitely not big pharma trying to make more money. I happen to know an infectious disease specialist who claims that there are less options available every day and that most options will run out within a decade.
What needs to happen is that R and D is done by independent tax funded institutions, not by big pharma. We should never let a company that cares for profits handle our health.
</content>
</comment>
<comment>
<content>        
Sorry about the spelling I have a touch of arthritis and fingers don't move so well these days.
Of course research must be done by government funded institutions and not by big Pharma who operate on the profit motive.
Our health should never be at the whim of private medicine.
My wife informs me that there is a far greater chance of accidental mutation making bacteria immune as resistance is futile.
Sorry resistance is predictable where accidental mutation is not.
There warehouse of antibiotics given below can deal with any resistant bacteria likely to evolve over the next 50 years.
There are several generations of beta-lactams but many more of other antibiotic classes; macrolides, tetracyclines, aminoglycosides, fluoroquinolones, colistin as well as the different beta-lactams.
</content>
</comment>
<comment>
<content>        
Research must be done by government funded institutions and not by big Pharma who operate on the profit motive.
Our health should never be at the whim of private medicine.
My wife informs me that there is a far greater chance of accidental mutation making bacteria immune as resistance is futile.
Sorry resistance is predictable where accidental mutation is not.
There warehouse of antibiotics given below can deal with any resistant bacteria likely to evolve over the next 50 years.
There are several generations of beta-lactams but many more of other antibiotic classes; macrolides, tetracyclines, aminoglycosides, fluoroquinolones, colistin as well as the different beta-lactams.
</content>
</comment>
<comment>
<content>        
"What needs to happen is that R and D is done by independent tax funded institutions, not by big pharma. We should never let a company that cares for profits handle our health."
I agree with this sentiment, but it is not what Cameron is proposing.
I don't agree that immune and resistant are the same; they are not. Immune is total; resistant is partial.
</content>
</comment>
<comment>
<content>        
Good for you. I am not vegetarian, but do know what goes into meat and I consume accordingly. The problem with the antibiotics is that Cameron seems to be talking to big pharma with a view to having them do the research. It could be done separately without involvement from companies who are only interested in profit. They must of course be included as there is big money involved in disease and control, but not in cures. A few people being comfortable is more important than a lot of people surviving.
</content>
</comment>
<comment>
<content>        
Most really important medical advances were done by University research then taken on by big Pharma for peanuts.
USA Universities are much better at getting money for research and then selling the developments back to big business.
AM 72 been a vegetarian since my hippy days in the 1960's apart from a little arthritis in my fingers fit as a fiddle.
Buddhism, Yoga, zen meditation and a vegetarian diet the secret to a long happy healthy life.
That and not letting the bastards grind you down.
Power to the People.
</content>
</comment>
<comment>
<content>        
Don't let the bastards grind you down.
We know what Cameron will do with the money. You are right, he should give it to research students, who are more interested in knowledge than money. I am having similar dilemmas with bees: Everyone wants me to use chemicals, feed them sugar and steal their honey. Dosing them with chemicals makes the mites stronger and the bees weaker; the same thing happens with people. Maybe I'll teach them meditation, but I think it's the other way round.
</content>
</comment>
<comment>
<content>        
Powdered sugar is a good non chemical treatment for Varroa mite it does not get rid of every single mite, but it greatly reduces mites in a colony if treated properly. Along with green plastic brood comb and screen bottom boards, powdered sugar treatments can significantly reduce your mite load.
Humming Mantra meditation is a natural path for bees.
</content>
</comment>
<comment>
<content>        
Thanks. I will try the powdered sugar later in the year. So far there is not much sign of Varroa, but it is there. The chemical treatments aren't 100% anyway, so presumably the survivors pass on the resistance C just like with antibiotics. I am also leaving their own honey for winter feed (rather than syrup) to see if that makes them healthier. They are humming away nicely, so I presume they are happy.
</content>
</comment>
<comment>
<content>        
Maybe antibiotics have come to the end of their useful life. Any new generation of this drug is going to gain resistance over the course of a few years. As rationalistx said above, it's evolution but on a far smaller, accelerated scale.
Maybe Nano technology will succeed where drugs fail.
</content>
</comment>
<comment>
<content>        
Disgusted by GSK (?) spokesperson on Breakfast this morning. "If it's a drug that will only be used infrequently as a last resort, where's the money in that?"
Big Pharma flying it's true colours.
How about the billions and billions that you make on indigestion remedy, sunscreen, spot cream, wrinkle cream, heart-drugs, Alzheimer's treatments, the myriad of drugs that you peddle every single day to the healthy people that haven't died from anti-biotic resistant bacteria? How about adding a penny to every packet of Neurofen to fund what's basically a humanitarian research?
Thinking in tiny little buckets, what's in it for us? What profit is there in saving lives? 
Makes me sick. And what's worse, I work for these b*stards.
</content>
</comment>
<comment>
<content>        
I understand that, but who is going to force pharmaceutical companies to invest money in a loss-making venture? These businesses are not charities.
The answer is, of course, that it is the government's role to address public health needs. If the government wants companies to develop new drugs, it needs to either find a way of forcing them to do so or pay them. Not sure I can see David Cameron doing either.
</content>
</comment>
<comment>
<content>        
One of my points being that they can only sell their drugs to people who are alive... if the average age starts dropping again due to anti-biotic resistant infection, then there's no point developing new drugs to treat age-related disease.
</content>
</comment>
<comment>
<content>        
The government tax fuel to pay for the development of the technology of renewable energy.
And as I replied earlier, they have a vested interest in prolonging the life of the pill-popping public.
The government could fund it, of course, by not cutting funding to medical research institutions. Of course they are partially paid for by grants from e.g. Wellcome, GSK, etc. Not that I've ever heard of a research grant from Astra-Zenica. But they're very willing to make use of publicly funded research, published openly in the interests of common knowledge and peer scrutiny, in order to develop drugs and treatments.
</content>
</comment>
<comment>
<content>        
Tough talking does little. 'We need to act together and now' is not a real plan, it is just saying we need to address the problem. This does not solve the problem, it just means he'll be throwing money at it.
Antibiotics make us weaker and the bugs stronger.
</content>
</comment>
<comment>
<content>        
Of course, the pharmaceutical industry has created far more than "three generations" of antibiotics in the last 60 years. Gyrase inhibitors, tetracyclins, macrolides, vancomycin to name but a few.
Pharmaceutical companies operate for a profit, not out of charity. Their job, like those of most other businesses, is to provide good returns on investment for their shareholders. Surely, Cameron understands that concept. Investing into research for new drugs is an extremely expensive and risky undertaking. Many drugs fail at a late trial stage after having devoured hundreds of millions of dollars. Since pharmaceutical research rests largely in the hands of these commercial companies or the university departments they are sponsoring, governments have no option but to shovel vast amounts of money in their direction to make the development of new drugs worth their while and worth the risk. Is Cameron really prepared to do such a thing?
</content>
</comment>
<comment>
<content>        
He could make a start by addressing the funding shortfall befalling, say, KCL, which they reckon is the reason behind sacking 120 researchers in the biomedical and health sciences.
And address the ridiculous situation of poor management of universities who are demanding high pay packages
</content>
</comment>
<comment>
<content>        
The definition of 'antibiotic' actually is just an antimicrobial compound (=viruses, fungi, protozoa, bacteria) that is naturally occurring.
The problem of drug resistant microorganisms isn't exclusive to bacteria, there are resistant virus strains too.
Strains of influenza with resistance to common antiviral drugs (e.g. tamiflu / oseltamivir) are actually quite widespread (H1N1 swine flu, bird flu, influenza A  and B etc.)
</content>
</comment>
<comment>
<content>        
I'm fascinated by scientific problems of all sorts, but particularly medical ones. Here's a very novel idea for a broad spectrum antibiotic. Sounds a bit 'dangerous', but who knows?
Adenosine triphosphate (ATP) is the 'energy currency' of cells. It's also used as the donor molecule for the incorporation of phosphate groups into the DNA strands. There are several billion phosphate groups in each DNA molecule.
The precursor molecule for ATP synthesis is creatine phosphate. We get about half of our creatine from food, with the other half being manufactured in the body. If creatine phosphate were made in a laboratory using radioactive phosphorous, and taken orally, it seems plausible that the radioactive phosphorous would end up being incorporated into DNA.
Cells die when there is a double strand break in the DNA. A single strand break can be repaired, but not a double strand break. When a radioactive phosphorous atom on a DNA strand emitted its beta particle, the radiation recoil might very well cause a single strand break, with a good chance of a double strand break due to either the radiation recoil, the beta particle, or hydroxyl radical production.
Bacteria utilise host ATP, and they also use it as the donor molecule for incorporation of phosphate groups into the DNA strands. So, they would also take up the radioactive phosphorous, and incorporate it into their DNA. They multiply at a hugely faster rate than human cells divide, so would take up vastly more radioactive ATP than host cells.
As with every other drug, the main question to answer is whether or not the benefits would outweigh the side effects. We can't know about that until trials are conducted. It would be most effective against infections caused by bacteria that have the highest multiplication rate. It could also have a role in cancer treatment, particularly with aggressive, rapidly dividing cancers.
</content>
</comment>
<comment>
<content>        
Mitochondria are always being damaged by the numerous reactive oxygen species produced in ATP synthesis and their other functions.
They utilise multiple antioxidant defence systems, including neutralising enzymes, but can still be stressed by overwork, and this can contribute to disease pathogenesis via chronic NF-kB activation.
Whether or not radioactive ATP would significantly add to this remains to be seen. The additional stress might not be severe.
</content>
</comment>
<comment>
<content>        
Doesn't this rely on the assumption that the faster multiplication rate results in a higher energy throughput than all ordinary cells? When compared with brain or muscle cells, this might not be correct.
Also AFAIK this is done or discussed against cancer but with the radioisotopes bound to specific antibodies to target the radiation as much as possible, unlike your shotgun approach.
</content>
</comment>
<comment>
<content>        
There's currently a hypothesis that histone H1's anti-microbial action can damage mitochondria when taken up by a certain (as yet unrecognised) pathway in neurones leading to cell death, with an implication in Alzheimer's disease. There was a paper in F1000 towards the end of last year.
</content>
</comment>
<comment>
<content>        
I haven't read much on the subject of antibody bound radioisotopes to treat cancer, but 'traditional' radiation treatment for cancer is believed to be effective by causing double strand breaks in the DNA. Now, that really is a 'shotgun approach'. Only a miniscule fraction of delivered beta particles will impact the DNA, and only a tiny fraction of those will cause double strand breaks. I'd assume that delivery of radioisotpes by antibodies must also cause double strand breaks to be effective, although I could be wrong about that.
Although ATP has multiple functions in cells, the fact that it's used as the donor molecule for DNA phosphate groups makes the radiation much more targeted in my proposal.
On the subject of the faster multiplication rates of bacteria requiring more energy, and therefore more ATP, that is correct, but the efficacy of the treatment is not dependent on this. Rather, it's dependent on the fact that dividing bacteria have a vastly greater need for ATP to provide phosphate groups for new DNA molecules, than host cells do.
</content>
</comment>
<comment>
<content>        
Can't tell if trolling or serious.......
The phrase a little knowledge is a dangerous thing has never been more apt.
This would be akin to curing a headache with decapitation. Firstly you'd need a baseline level of reactive isotope in all your cells, to prevent the bacteria being able to reproduce off cells its killed by colonisation, this would mean your cells would not be able to divide at all, which means you'd be dead.
If your talking about chemo, this is given over time to treat a rapidly growing chronic problem, which in chronic infection cases is not the case. 
Wide area radiation is not used anymore in cancer treatment as we learned it has the unfortunate side effect of death
</content>
</comment>
<comment>
<content>        
This would improve bringing the isotope to the cell, but particle radiation interacts differently with matter than gamma: With an external source and a defined target (tumor), you can put the Bragg peak to the point you want, but if you bring the source right next to the target, most of the energy is deposited at a distance, a somewhat suboptimal outcome especially if your target is distributed rather diffuse in the body.
</content>
</comment>
<comment>
<content>        
All of that is just opinion, no more. There are too many people who express their opinions as if they are facts. You don't know what the consequences of the proposed therapy would be, since you have no idea what an effective dose would be, and the dose would vary tremendously, depending on the pathogen, and its rate of multiplication.
And as for this . .
you'd need a baseline level of reactive isotope in all your cells, to prevent the bacteria being able to reproduce off cells its killed by colonisation, this would mean your cells would not be able to divide at all, which means you'd be dead.
Utter, clueless twaddle. You don't know how much would be required, and even if you did, you have no way of knowing what the side effects would be. With 6 billion phosphate groups in each DNA molecule, an effective dose might be incredibly small. How many radioactive atoms of those 6 billion would be required to have a 50% chance of a double strand break? Got an 'opinion' on that? And the assertion that host cells would not be able to divide is based on what, exactly? Got a reference to some research on that subject?
</content>
</comment>
<comment>
<content>        
Some further thoughts on the potential for mitochondrial damage - the amount of supplemental radioactive ATP would probably be an extremely small fraction of total body ATP.
How much depends on how many radioactive phosphate groups on the DNA strands you would need to have a 50% chance of a double strand break.
I couldn't even hazard a guess about this but, for argument's sake, let's say it's 1,000. There are some 6 billion phosphate groups on the strands of DNA molecules. So, only 1 in 6 million would have to incorporate radioactive phosphorous.
ATP has many functions, and its role as a donor molecule for DNA phosphorous constitutes a very minor part of its repertoire. Even so, an effective dose might be equivalent to just 1 in several tens of thousands of molecules of 'normal' ATP. So, the damage potential may not be as great as feared.
</content>
</comment>
<comment>
<content>        
Have you considered the excretion path for radioactive phosphate? Would you be able to use such a treatment day in, day out for years without excessive harm to the patient?
</content>
</comment>
<comment>
<content>        
I actually fell off my chair laughing. It's not an opinion its fact.....
Do you know what the risk of an xray or a CT scan as radiation exposure has an a child or an adult?
Have you ever worked on a living person or in healthcare?
Do you actually have a science degree or a degree in medicine?
I have actually seen chemo patients and the basic hypothesis is hilariously awful. There is a reason there have never been any trials related to this because its stupid and would do far more harm than good.
</content>
</comment>
<comment>
<content>        
But you didn't really 'actually fall off your chair laughing', did you Zeshan? That's just something else you made up, like the rest of your vacuous posting on here.
All drug and radiation therapy causes harm. It's all about dose. Your claim to know in advance of any trials that the proposed therapy would 'do more harm than good' when you don't even know the dosages involved, shows up your intellectual dishonesty.
Radioactive phosphorous is used as a treatment for bone cancer. It gets into every organ of the body, where it causes harm. It probably also causes cancer. Yet, it is still used because it is believed that the benefits outweigh the harm it causes. This appears to be a concept that you are incapable of understanding.
</content>
</comment>
<comment>
<content>        
Hmm, eight hundred and ninety two thousand bazillion pounds for Trident Missiles we'll hopefully and most probably never use, or half a million for a new antibiotic, ooh, that's a hard one...
</content>
</comment>
<comment>
<content>        
The half a million just funds the review. If Jim O'Neill comes back and says it will cost 1Bn or so for a new class of antibiotics every 5-10 years then we will see what Cameron is made of.
</content>
</comment>
<comment>
<content>        
Big Pharma will love this. My view is, the bugs will always win!! Ever since we first tried and continued to fail this battle against 'nature' the bugs have evolved to combat a threat to their lives. The atom bomb never stopped warring throughout the world did it?
</content>
</comment>
<comment>
<content>        
That's a very negative view.
Here's another way to look at it:
The bugs used to kill millions of humans. Because humans saw a threat to their lives, they evolved ways to combat and kill those bugs. Humans have been winning the battle for decades, and now live much longer and healthier lives.
The humans are smart enough to see that the bugs have developed resistance to their drugs, so they have to constantly change and evolve their medicine to keep winning the battle.
The humans can now see that something more needs to be done to avoid a crisis in the future where the bugs will develop resistance to all current drug combinations, and so more work will be put into coming up with new ways to fight the battle.
There will always be a few negative humans who think this is all a waste of time, that we may as will give up - the bugs will always win.
But those same humans are very happy to take these drugs if they happen to get a life threatening infection themselves.
</content>
</comment>
<comment>
<content>        
To some extent I agree. 
We throw vast amounts of money at big pharma to fight bugs and viruses without any thought as to how nature deals with these threats. We are so scared of not using artificial drugs now and blasting the enemy with chemical poisons these days, even though the natural approach might work far better if we give it time. It is much the same with our GP's- we run to them for the slightest pain or problem, wanting instant relief, never allowing our bodies to heal themselves. A sad, desperate state of affairs. There may be "success" with new antibiotics short term, but long term? Can this approach ever "win"?
</content>
</comment>
<comment>
<content>        
Like almost all the Guardian discussions, the cynicism in this one is enough the push one ever nearer to complete indifference. Idiots use the issue as an excuse to attack politicians they don't like. Why are antibiotics becoming ineffective? Because WE are the ones not to complete the prescribed courses. WE have flushed the hard work of Boris Chain and Howard Florey down the toilet.
We waste antibiotics on animals. I watched a TV programme a few years ago, something like Animal Hospital. A woman simpered over a hamster and said "We'll just give it a dose of antibiotic, just in case". Remember that hamster when you have pricked your finger on a rose thorn and are dying of septicaemia, without hope of recovery.
We should go back to the mindsets of the 1940s and before. The dangers of a pricked finger were in many consciousnesses in those halcyon days. Mortality is back!
</content>
</comment>
<comment>
<content>        
I notice no one seems to bother to mention Microban - the inevitable consequence of putting an anti-microbial polymer into every household product instead of the medical equipment it was designed for, meaning that we are building resistance on a massive scale.
Capitalism is all about the short term gain, and to hell with the long term consequences.
So Dave, instead of telling us to "declare a war on super-bugs" I suggest you ask your rich friends. After all, you and they think being rich is the most important thing. So important you have impoverished millions of people, killed tens of thousands of the most vulnerable with IDS/ATOS and rendered over a hundred thousand homeless to make your rich chums obscenely rich.
You have refused to give decent working people decent jobs cleaning our hospitals and instead outsourced and exploited the poorest and immigrants to undercut the minimum wage, and left hundreds of thousands of children hungry and demoralised while their parents chase jobs in a demeaning lottery they can never win. Their crime? To belong to a union, not a gang-master!
You want to declare war on super bugs? Then employ the army of cleaners you should, instead of hob-nobbing with nobs and hobby lobbys. You don't need new antibiotics from big pharma half as much as you need old fashioned elbow grease, steam cleaning, soap and bleach.
</content>
</comment>
<comment>
<content>        
Please tell us what antibiotic Microban uses.
Only it does not use any antibiotic at all, so please do explain how its use can increase antibiotic resistance. If you are right you will have hit upon an evolutionary mechanism previously unknown to science. That is Nobel prize winning stuff.
</content>
</comment>
<comment>
<content>        
Apoligies, but I thought you were the person who made the original comment.
However the fact that Triclosan is not an antibiotic stands.
And it would be nice if the person who made the original comment would answer, because what they are claiming would revolutionize biology.
</content>
</comment>
<comment>
<content>        
Well, that's true. It can't be used as an anti-biotic, as it is biocidal. The mode of action is as effective against a large, multicellular organism as against a single cellular organism.
I have to admit, though, I was concerned by the proliferation of Microban products, as it was one of the staple anti-microbials used in hospitals for disinfection, along with chlorohexidine, povidine-iodine etc. And bacteria are marvellous adaptors.
</content>
</comment>
<comment>
<content>        
No - you're right, I am confusing anti-biotic with anti-bacterial. Easily done, but the concept still stands. It's stupid to use anti-bacterials in places they are not necessary, and we don't need to kill all the bacteria in the world just to make us safer, we need to kill them in the places they are dangerous.
All we are doing is speeding up their evolution of resistance.
</content>
</comment>
<comment>
<content>        
I am not saying the use of Triclosan in products is not problematic, but one thing it is not going to do is bring about antibiotic resistance. If it is has, then there is clearly an evolutionary pathway that is unknown to science. Of course, I don;t actually believe there is such a mechanism, and the original comment was just confused.
</content>
</comment>
<comment>
<content>        
You have a point, but one possible mechanism could be the survival of bacterial individuals that are much more prone to taking up plasmids from the environment, or ones that produce much plasmids that are more robust outside of the protective envelope of the cell. There was a strain of mosquito that survived DDT because its myelin was super thick - not good for the mosquito normally, because it makes for a thicko fly, but it could survive a DDT spraying. So up-taking DNA super-readily from the environment isn't good for a bug as it wastes resources and makes them susceptible to viruses, say, but if it picked up triclosan immunity and colonised an instrument tray, then got penicillin resistance from a patient's skin, then chloramphenicol resistance in the bloodstream... 
Do you see where I'm heading?
</content>
</comment>
<comment>
<content>        
The first included natural penicillins. However, this group became ineffective as bacteria evolved enzymes that broke the drugs apart.
I doubt if the bacteria evolved the drug resistant enzymes.
Enzymes are extraordinarily complicated molecules, which take millions of years to evolve.
The drug resistant enzymes must have been already present in a tiny fraction of the bacteria, enabling these few to survive.
This situation also poses a problem for the theologian.
If God exists, it appears that He is just as concerned for the welfare and survival of bacteria which kill us, as He is for us, who we claim is His "Special Creation".
</content>
</comment>
<comment>
<content>        
What I am saying is that bacteria could never in a matter of a few years, build up from simple molecules, the incredibly complex molecules that are enzymes.
The drug resistant form of the enzymes must have been present in a minute percentage of the population.
This is how some members of the population survive pandemics like the Black Death or Aids.
They already have a built in immunity to the disease.
</content>
</comment>
<comment>
<content>        
So evolution took place, as I said.
Why do you keep saying it did not ? Do you not understand what evolution is ?
You have a very simplistic view of evolution, bordering on the creationist idea of irreducible complexity. Evolution can be defined as the change in the frequency of versions of genes within a population. Please explain how what you are saying is therefore not evolution.
</content>
</comment>
<comment>
<content>        
actually, bacteria are crazy cool and they can evolve new functions very rapidly. not evolve new enzymes, but evolve different functions for these enzymes which boils down to the same thing. a good example is when bacteria evolve completely novel pathways to break down (and eat) novel man-made substances called xenobiotics: http://pubmedcentralcanada.ca/pmcc/articles/PMC3352558/
unfortunately, the incredible plasticity of bacteria is why we can't come up with easy solutions to the antibiotic resistance problem: we've found all the easy targets already.
on the plus side, viruses that target bacteria do know how to deal a lethal blow, and they evolve faster than bacteria. so learning from these phages might be the key.
</content>
</comment>
<comment>
<content>        
Well a generation time measured in minutes can help (Bacteria can reproduce within 20 mins in the right conditions). And as in the case in the case of bacteria observed to evolve to eat nylon (amongst other substances) they are not creating new enzymes from scratch, but rather mutations cause changes in existing enzymes.
</content>
</comment>
<comment>
<content>        
Excellent! Who better than an ex-Goldman Sachs employee to look into how to develop new antibiotics? I wonder who will end up footing the bill?
On another note, is anyone else concerned at the penetration of GS into the workings of the state? Jim O'Neil, Mark Carney, Robert Rubin, Hank Paulson, to name but a few. Giant Vampire Squid indeed!
</content>
</comment>
<comment>
<content>        
Second Goldman Sachs employee overlooking government policy. It is easy to see where Cameron will be working when he leaves Parliament.
What should be happening is putting funding into universities. Pharmas seldom 
make a difference. It is universities that make the difference. Sadly Goldman Sachs etc offer greater returns for the greatest minds to work out how they can steal more money from taxpayers throughout the world.
</content>
</comment>
<comment>
<content>        
Variation in resistance has far more to do with underlying health than any genetic variation.
But since we know people with other health problems are more susceptible to bacterial infections I am not sure what you think we can learn.
</content>
</comment>
<comment>
<content>        
It seems there is a concerted PR drive directed from some secretive well connected PR organisation - I guess soon we will hear the a major drug company has developed just such a super-drug and all of us will be demanding our government to buy buy buy without delay after being primed and scarred for months by our Prime Minister and Civil Servants.
</content>
</comment>
<comment>
<content>        
How tedious. Dave calls for international co-operation. This from a man who has done his level best to render the UK as a pariah within the European Community. It is like a rapist proclaiming the need for better policing.
</content>
</comment>
<comment>
<content>        
Just ban feeding antibiotics to animals!
Every year more antibiotics are given to healthy animals than to sick humans to encourage growth.
It might make farming slightly more efficient, but it's really not worth it if we all end up dead as a result.
</content>
</comment>
<comment>
<content>        
I'd dread to think that doctors were doing that believing it was effective. They are trained better than that. They may have felt under pressure from patients to prescribe something.
</content>
</comment>
<comment>
<content>        
I remember a doctor looking pole-axed when I asked him for a sicknote as I had the flu (his diagnosis) but declined his offer of a prescription.
I can also remember a few years ago throat lozenges that contained not only an anaesthetic but also a broad spectrum anti-biotic.
</content>
</comment>
<comment>
<content>        
The fact that pharmaceutical companies will not develop new antibiotics because there's no money in it is a demonstration of the fact that free-market economics cannot solve vital problems affecting humanity.
Why not put more money into publicly-funded research for the development of new antibiotics, rather than setting up a committee chaired by an economist, apparently trying to work out ways of bribing pharmaceutical companies to develop these things for us?
If we can put together an enormous publicly funded project to prove the existence of the Higgs Boson, why can't we do something similar for this problem?
</content>
</comment>
<comment>
<content>        
Pharma turns publicly funded research output into monetizable assets all the time. Companies such as Astra-Zenica simply don't give back to the scientific communities that they pillage for profits. Some companies, like Wellcome and Glaxo, at least give back and fund research in universities and hospitals.
</content>
</comment>
<comment>
<content>        
There are lots of natural substances that exhibit in vivo antibacterial potency; however, as they are un-patentable, Big Pharma has no interest in developing.
</content>
</comment>
<comment>
<content>        
I'm sorry, someone run this by me again. There has, for some time, been a growing demand for anti-biotics which are non resistant and therefore effective in combating disease and yet there is no supply?
What happened to the infallibility of "the free market"? Why has it not delivered? Has there been some dastardly "left-wing" conspiracy or government interference? Has the state stopped subsidising profits in this field?
What's that? Insufficient profit incentive?
Here's an idea. Let's start properly "thinking outside the box" starting with the heretical notion that the size of the profit to be made is the only driver and determinate for human action and behaviuor in anything and everything.
If the "self interest" of the free market theory is (yet again) failing b to deliver because it's adherents cannot be arsed to get out of bed in the morning for anything less than the luxurious instant short term profit levels they have become accustomed to perhaps it is time to look at one or more drivers or a different ethos?
Co-operation rather than zero sum competition? Public service rather then private profit? Civic duty rather than narrow selfishness?
Excuse me a moment whilst I don this suit of armour in preparation for the inevitable stoning for blasphemy against the one true faith/way.
Exists to a chorus of "he's not a profit centre, he's a very naughty boy" etc.
</content>
</comment>
<comment>
<content>        
I think you misunderstand. There has always been a supply of new antibiotics, which are modifications within existing classes, but these are held back in reserve and used in combination with others to try to kill of a multiple-resistant bacterial infection.
</content>
</comment>
<comment>
<content>        
This is not a problem that "the market" is capable of resolving.
Fortunately we have the research capability in our universities and we have the research budgets, both of which need to be directed at this problem.
</content>
</comment>
<comment>
<content>        
for about 100 years science has known about bacteriophages, but since it is impossible for pharmaceutical companies to take a patent out on them (they occur in their billions naturally in the environment) no research is conducted, except in a few isolated cases. It is completely scandalous! Bacteriophages target specific bacteria and do not kill off healthy bacteria that we need. If the money spent on military research was instead directed into phage therapy (and why not into probiotic bacteria?) the problem would most likely be solved within a few years.
</content>
</comment>
<comment>
<content>        
Bacteriophages were discovered about a decade before penicillin, but it was rhe great pharma companies that chose to make antibiotics during the war when the military became their largest customer, and that's what we got stuck with.
</content>
</comment>
<comment>
<content>        
modern medicine will come to an end For me it would have been much better if it never had started, but we have a certain tradition of medicine in the family which many people may have, but many do not. Even the immunizations of early years were unnecessary for me.
I sometimes wonder about the efficacy of anti biotics. They help I suppose. Cameron is hoping do a similar trade that Thatcher did with HIV.
</content>
</comment>
<comment>
<content>        
the problem is that this is just an arms race between the pathogens and us. today far too many antibiotics are handed out to people who dont really need them. there is also the problem of patients not finishing courses meaning that the pathogen gets some exposure to the antibiotic that while not enough to kill it is enough to help it evolve some kind of immunity. when this happens over and over again we start getting strains of pathogens that are resistant to antibiotics.
when a new type of antibiotic is developed the same thing will happen and we will be back to square one. what we are seeing is the brutal wonder of evolution in practice.
</content>
</comment>
<comment>
<content>        
Ben Goldacre 's Bad Pharma touches on the problem. Drug companies prioritise research into drugs that that make more money. That means less expensive to research and a large market, and nbsp; and that means erectile dysfunction pills. 
So an economist working on new incentives is clearly part of the solution.
</content>
</comment>
<comment>
<content>        
This is an absoulte f*cking disgrace.
I worked for New Scientist magazine between 1996 and 2000 and even then our journalists were warning everyone that this would happen, but no no no, just ignore them and allow the pharmas to keep raking in the money by selling more and more antibiotics and allowing them to be prescribed for conditions that clearly don't need them.
But why let the threat of a very real doomsday scenario stand in the way of short term profit? huh?
And the other question is, what will send us spiralling into the dark ages of rampant disease and hitherto needless deaths quicker? Antibiotics or the demise of the NHS?
</content>
</comment>
<comment>
<content>        
Perhaps this is the new direction. An amazing TED talk on new research that shows how all bacteria regardless of species communicate with each other and how it may be possible to disrupt that process.
</content>
</comment>
<comment>
<content>        
As far as I can see we have been speaking about this issues for a few years, yet nothing seems to be moving forward. Not sure this following point is valid here but one thing that bothers me tremendously is that the production and research of pharmaceutical drugs and antibiotics is left almost exclusively in the hands of private pharmaceutical companies, if anything is a social justice issues it is this? Correct me if I am wrong/
</content>
</comment>
<comment>
<content>        
A lot more prevention and education is required in the first place. T.B. for example is prevalent amongst the homeless - adequate housing and a decent diet would prevent this disease from spreading. Parents who take their little darlings to the GP at the first sign of a sniffle and demand antibiotics need to be taught that the common cold is caused by a virus, not bacteria and by and large medicine is not required. Better hygiene in hospitals and a good programme of public health education, e.g. it is better to avoid catching STDs in the first place than to treat them, as well as checks on meat and milk to ensure there are no antibiotics present might at least buy some time.
However Mr. C needn't think that come the election we will have forgotten what he and his coalition have been doing to the NHS and other public services just because he has come up with another PR stunt.
</content>
</comment>
<comment>
<content>        
I have to say, hats off to Cammers for drawing attention to this issue in a high-profile manner.
I can't believe I just wrote that! Perhaps it'll serve to show, when I come to post a criticism of him (which happens often enough), it'll carry more credence.
Of course, this is a problem which has been known about for years. I believe that no new family of antibiotics has been developed since the 1980s. A kick up the backside is what the pharma industry deserves.
Or is nationalisation of part of the pharma industry, the way to force forward the issue? Oh no, of course not, I was forgetting, Cammers is still in charge! :-(
</content>
</comment>
<comment>
<content>        
I believe in a free market; but there are areas where they simply fail to work; especially on long term strategic investments.
Here is one prime example. The market has been free to pursue new antibiotic development or its substitute (produce alternatives to) for years. The market sees no value in doing so because there are enough people dying yet to raise the value of antibiotics to the level where Big Pharma are happy with the profits. Antibiotics are low cost, high efficiency in health terms. That means they are low value in sales terms. Make no mistake; people are dying from increased levels of nosocomial infection right now; previously minor pathogens have developed levels of pathogenicity that make them fatal, in the U.K. people are dying despite good NHS standards of care
Markets are imperfect machine and the next greed obsessed twat to whine and cry about their perfection needs to back their propaganda with something meaningful- go participate pro bono in some medical experiments
</content>
</comment>
<comment>
<content>        
There was an article on R4 today that highlighted the issue, and sighted much of the problem of why new drugs are not coming on stream being due to the big companies, that are not seeing themselves, as making enough profit from drugs that although widely used would be very cheap, and thus not worth the high investment.
As with most industries these companies do have pre-competitive collaborations, where one of them hosts a project that is supported by staff that are on secondment in order to crack common issues of understanding in a pathfinder type fashion, until either the project period ends or the project has successfully clarified the issues and the competitive phase with separated follows through.
Perhaps in the case of the pharmaceuticals there should also be an additional type of collaborative project; the non-competitive project. One which perhaps none would embark on separately, but which all would have an interest in, if all took a share of the expense. After all the result for them as well as all of us would be fairly dire if we failed to solve the problem somehow. Such initiatives would of course require the meditation of the government in order to start the process off. All participants including the government as one of the collaborative partners would share the results and rights of all solutions, and all would be free to exploit the drugs.
</content>
</comment>
<comment>
<content>        
that does appear to be the problem, a complete lack of financial incentive for pharmaceuticals to pursue new research.
This will have to come from government to look towards the common good and the collective well being of the population. Don't hold your breath.
</content>
</comment>
<comment>
<content>        
To be fair, all governments have chucked money at biomedical research - the existence of the new Crick Institute is indicative of that. Whether it is the RIGHT research is a different question/
</content>
</comment>
<comment>
<content>        
I've witnessed the extent of the misuse of antibiotics in India first hand - a friend with a common cold was given a single 1000mg capsule of an antibacterial antibiotic by a local pharmacist.
Lack of education surrounding the correct use of antibiotics seems like a rather worldwide issue, and is certainly contributing to the resistance problem.
</content>
</comment>
<comment>
<content>        
Well it might mean they have to start teaching the concept of proper asepsis again to everyone who works in hospitals, and not just let them think 'who cares if it's dirty, the patient can always pop a few antibiotics if they get an infection'.
I can't describe the shock of an elderly aunt, who was a nurse 50 years ago, seeing the dust on the floor and blood of a previous occupant still on the bed frame and wall when my father was in hospital in Oxford.
Wouldn't hurt to bring proper cleaners back in house for a start, and not outsource to poor sods on the minimum wage.
</content>
</comment>
<comment>
<content>        
I am wondering if we are looking at this from the arse way round. Rather than looking for new antibiotics ( but please don't stop - serendipity still can occur) wouldn't it be better to get a better understanding of the bacteria? As I understand it there are relatively few modes of action of the common antibiotics: cell wall formation inhibitors ( penicillins etc ), protein synthesis inhibitors ( streptomycin plus others) which stop protein synthesis by binding to various subunits of the bacterial ribosome (30S in particular), and membrane function inhibitors ( daptomycin - an antibiotic of last resort).
There must be other weaknesses in the bacteria which we haven't yet found so might it not be worthwhile doing a massive investment in microbiology in understanding how the bacteria work at the molecular level? Not just the genome but in pathways, enzyme function for example plus how horizontal gene transfer works in detail ( for that is how resistance spreads between strains/species). From here targeted pharmaceuticals could be developed which could then augment the existing antibiotics.
</content>
</comment>
<comment>
<content>        
I would always support the case for more investment in bacteriology- it has unexpected spinoffs, not just in antibiotics, but it has also provided tools which have revolutionised mammalian genetics as well. But the approach you describe- the search for new targets- is a well trodden path, unfortunately. A great deal of resource has been poured into that approach over the last 15-20 years, but little has come out of it. Alternative approaches are needed.
</content>
</comment>
<comment>
<content>        
So instead looking for new antibiotics (including those with different mechanisms of effect) you propose to... look for new antibiotics with different mechanisms of effect? I guess you meant more basic research is needed but you've worded it a little odd.
</content>
</comment>
<comment>
<content>        
First sensible thing Cameron has said, since he's been in office.
Now just pump some money in the NHS and doctors and nurses training,and people might actually believe stuff you say.
</content>
</comment>
<comment>
<content>        
Cameron would rather his mates in the private sector - you know, the prospective purchasers of the NHS, take care of the "pumping money" part of this. Only they're not going to.
</content>
</comment>
<comment>
<content>        
We've all been munching meat that's from animals who are routinely fed antibiotics to fend off infection because of the dreadful conditions on factory farms. It's no wonder they're ineffective. I think I've had prescribed antibiotics twice in my life, but been exposed to them through diet most days until a few years back. It's a major 'duh!' moment for that industry. What did they think would happen?
</content>
</comment>
<comment>
<content>        
I doubt that ingestion of antibiotics in food is a major cause of resistance. The amounts consumed are small, and many would be metabolised by the animal before slaughter. But the use of antibiotics in animal feed is a cause for concern.
</content>
</comment>
<comment>
<content>        
Is it possible that the problem would be reduced significantly by a greater concentration of effort on hygiene in hospitals, clinics and doctors offices.
</content>
</comment>
<comment>
<content>        
Hah, the use of antibiotics in agriculture will never be regulated before disaster strikes. That would mean that people with big pockets would earn a little bit less, and we can`t have that.
</content>
</comment>
<comment>
<content>        
I am puzzled why we need to spend 0.5 million on a review. From a scientific perspective, we know a good deal about the problem, and there are plenty of ideas for potential solutions. As someone who works in the area, I can't understand why we don't just invest and get on with it? A review is what politicians do when they are worried about something but don't know how to act, or want to delay making a decision.
</content>
</comment>
<comment>
<content>        
There need to be stricter controls on antibiotic prescription. Doctors, particularly private ones, too often prescribe antibiotics to patients who don't need them.
Certain antibiotics should be proscribed rather than prescribed to ensure we protect the last lines of defence.
</content>
</comment>
<comment>
<content>        
Invest in medical research. It's not difficult. Or just fund the research. 
Invest in the National Health service, or just fund it.
Or listen to Prince Charles and invest in holistic stuff. Much cheaper but it doesn't work. So don't listen to Prince Charles.
Fund the health service properly and invest in the future health of the nation.
That's what you are in government for. Or didn't you know that. Rant over.
</content>
</comment>
<comment>
<content>        
It was only when I saw this item as the lead on the BBC News at 6 that I realised what this non-story is all about
It's about getting the 'missing' Westminster Paedophile dossier out of the news as quickly as possible
errr that's it
</content>
</comment>
<comment>
<content>        
Not worth the big Pharm companies developing new drugs.
So how are the elite going to protect themselves from the infectious hordes?
By moving to their secret base on the moon maybe?
</content>
</comment>
<comment>
<content>        
The crises has been caused by human stupidity. The wholesale use of antibiotics in animal rearing, and prescribing large doses of broad-spectrum antibiotics on surgical wards prior to every operation, has meant that bacteria have been routinely exposed to antibiotics,and so, it was only a matter of time before resistant strains would develop. GPs also have tended to hand out antibiotics like sweets. The only evolutionary advantage of a resistant strain is that they survive exposure to antibiotics; without such exposure, they might actually be a weaker strain than their non-resistant cousins, and die out.
The routine use of antibiotics should be banned in animal rearing, and no antibiotic should be prescribed without first testing the infection to clearly identify it, and establish the weakest anti-biotic to deal with it.
</content>
</comment>
<comment>
<content>        
There's an added component that I'd suggest - better hospital cleaning regimes. Once upon a time cleanliness was fundamental to all hospitals, now cleaning contracts are just evaluated on the basis of return on investment, not quality of work.
Do cleaning firms ever get taken to task when there's a superbug outbreak that can trace it's source to flawed cleaning processes in hospitals? I suspect not.
We have created the ideal environment for the evolution of antibiotic resistant superbugs, but we have to find alternative weapons to fight them in conjunction with creating better preventative regimes in the first place (big pharma won't like this 2nd option as it means $0 for them).
</content>
</comment>
<comment>
<content>        
I think hospital cleaning is a bit of a smoke screen to divert the blame from where it truly lies, just as doctors tried to blame the public for expecting antibiotics for colds and flu, where it is doctors who are in charge of prescribing. MRSA is mainly carried in the noses of hospital staff, fast-incubated in the heat caused by those silly face masks they have to wear during operations, and then poured out like a fountain all over the patient on the operating table.
</content>
</comment>
<comment>
<content>        
This is also a good example of why the free market idea is so fundamentally flawed. Society needs antibiotics, but there are no fat profits to be made, so no "incentive" to work on them. The necessary research would be better performed by people not motivated by fat profits, such as Universities, and State owned research establishments., but that would go against Tory ideology.
"Socialism", simply means putting the needs of society first, something much needed in this, and so many other areas of 21st Century Britain.
</content>
</comment>
<comment>
<content>        
I was going to mention some new research but someone pointed it out previously and it was ignored.
I take it everyone's forgotten the news from a few weeks back? http://www.independent.co.uk/life-style/health-and-families/health-news/british-university-makes-antibiotic-resistance-breakthrough-9546497.html
There is also some promising work going on in developing the antibiotics produced by the leafcutter ant. :)
</content>
</comment>
<comment>
<content>        
I believe the research that you refer to is the determination of a crystal structure of a protein which transfers membrane components to the outer membrane of gram negative bacteria.
Have any natural products evolved specifically to hit this 'target'? If not, why not, and what does that tell you about whether this is worth pursuing?
</content>
</comment>
<comment>
<content>        
There are a natural class of antimicrobials called Protegrins that are used by mammals to kill bacteria. They inert directly into the outer membrane and combine to form a pore, spilling the cell contents (http://en.wikipedia.org/wiki/Protegrin).
If you mutate these you can make them lethal without forming a pore and in this form they bind to LptD (ref) - the protein structure that was recently solved by Changjiang et al. Derivatives of this discovery are in phase 2 clinical trials at the moment. Now there is a structure of the target it should be possible to gain a full understanding of the protein/drug interactions. This should accelerate development and hopefully broaden the range of species targeted.
</content>
</comment>
<comment>
<content>        
bacteria have evolved CRISPR sequences as an immune system to recognise and protect against phages.
Is there any actual evidence that phage therapy is any better, or less susceptible to evolution of resistance, than other forms of antibacterial therapy?
</content>
</comment>
<comment>
<content>        
Whatever we do in this country isn't of much significance unless China changes its ways. It isn't just humans where antibiotics are massively over-prescribed (hospitals survive on revenues from drug sales so massively over-prescribe) but even more are used in animal health. But not for health reasons - the purpose is to save money, don't need to spend so much money on hygiene if you can just pump them full of antibiotics. There are also growth rate and leanness benefits. You can soul search over whether or not to take that pill, but somewhere in China a farmer is pouring a bucket of drugs into his pigs to avoid cleaning out the sty.
</content>
</comment>
<comment>
<content>        
It might be a good idea to find a way of enforcing that people 'globally' complete their course of antibiotics to help prevent new resistant strains from developing.
</content>
</comment>
<comment>
<content>        
Nonsense, having watched an Horizon programme made shortly after the Russian communist party lost power, the future is using the Russian research gained on using phage's.
The Russians did not have the expertise on antibiotics, so their post war research went into culturing phage's (viruses) that would attack and kill infectious bacteria.
Sadly as the Horizon programme reported, when the communist regime collapsed, so did its funding into this very important area of microbiological research.
This is the future of dealing with disease, not antibiotics which often are misused leading to resistant strains of bacteria.
Viruses on the other hand are the ancient enemies of bacteria, in fact we are simply the battleground for an ancient war that's been raging since life began.
The Russians used of all things human faeces to look for viruses that would be useful in killing bacteria, as they realised our guts are a perfect breeding ground to look for useful viruses.
Antibiotics are a dead end, we need to develop better vaccines and get money into virus research. If we don't, especially that WHO has now found a fully antibiotic resistant strain of TB in Africa this year, we as a species and our modern civilization are screwed.
</content>
</comment>
<comment>
<content>        
The so-called Russians were Georgians, starting off with a guy called Giorgi Eliava who studied at the Pasteur Institute about 1920 and learnt all about phages from a maverick scientist Felix d*Herelle who coined the term bacteriophages. So d'Herelle was the founder of this branch of microbiology but never got with academic science, and lost out to the antibiotic lobby. He went off to Tbilisi in the thirties, but left after his former colleague got shot by Beria......
</content>
</comment>
</comments>
