<doc id="Raw-Topic-24_01"> 
<news_source>
The Guardian
</news_source>

<date>
July 2, 2014
</date>

<author_source>         
</author_source>

<headline>
Call for new generation of antibiotics to fight off superbugs
</headline>

<text>
<p>
Modern medicine will come to an end unless the world develops a new generation of antibiotics, the chief medical officer for England has warned.
</p>
<p>
The intervention from Prof Dame Sally Davies echoed that of David Cameron, who said antibiotic-resistant superbugs threatened to send medicine "back into the dark ages".
</p>
<p>
In a series of interviews, Davies said she welcomed the prime minister's initiative in asking Jim O'Neill, a former Goldman Sachs chief economist, to lead an international expert group to consider how drug companies can be encouraged to make new antibiotics.
</p>
<p>
"I am delighted to see the prime minister taking a global lead by commissioning this review to help new antibiotics to be developed and brought to patients effectively," she said.
</p>
<p>
Davies told BBC Radio 4's Today programme that antibiotic-resistant infections were a grave problem that was getting worse. In England, she said, 5,000 people die from antibiotic-resistant infections a year: "Deaths are increasing and there is an empty pipeline of drugs."
</p>
<p>
Davies went on to warn that surgery for hip transplants and caesareans, and treatment for diseases such as cancer would be hard to carry out if there were no means to kill off random infections in patients. "Modern medicine would quickly go out of the window," she said.
</p>
<p>
Dr Louise Leong, of the Association of the British Pharmaceutical Industry, said antibiotics were a victim of their own success through overuse and low prices, adding there was a need for a new economic model bringing together the private and public sectors. Leong told the Today programme that this was already happening through the Innovative Medicines Initiative, Europe's largest public-private sector medical collaboration to tackle big health challenges, including antibiotic resistance.
</p>
<p>
The pharmaceutical industry has little incentive to invest in research for drugs that are not taken every day and so do not reap large profits. But Davies pointed out that unless the companies deal with antibiotic resistance, their drugs for cancer and other illnesses will not sell if antibiotics no longer work.
</p>
<p>
The pharmaceutical industry has produced three generations of antibiotics in the past 60 years. The first included natural penicillins. However, this group became ineffective as bacteria evolved enzymes that broke the drugs apart. The second were synthetic penicillins, modified in the lab to resist these enzymes, but bugs gained resistance to these too. The third generation, carbapenems, have been further modified. In 2003, the first microbes arrived in Britain that are immune to even these.
</p>
<p>
Cameron, who this month called for immediate action to accelerate the development of drugs for dementia, is said to have raised the problem of antibiotic-resistant superbugs during last year's G7 summit.
</p>
<p>
O'Neil's review is expected to focus on the development and regulation of antibiotics. The initial 500,000 cost of the work will be met by the Wellcome Trust. The Department of Health said the review will come up with a plan for encouraging and accelerating the discovery and development of new generations of antibiotics.In particular, it will consider: how to make investment in new antibiotics more attractive to pharmaceutical firms; the balance between effective and sustainable incentives for investment; how governments and other funders can stimulate investment in new antimicrobials; and increasing international cooperation, including much closer working with poor countries.
</p>
<p>
The review will present its initial findings during 2015 with a final report and recommendations to then follow during 2016. This process will run alongside the World Health Organisation's development of a global action plan on antimicrobial resistance.
</p>
<p>
Cameron has described the emergence of untreatable bacteria as one of the biggest health threats facing the world today. "This is not some distant threat, but something happening right now," he told the Times. "If we fail to act, we are looking at an almost unthinkable scenario where antibiotics no longer work and we are cast back into the dark ages of medicine, where treatable infections and injuries will kill once again. That simply cannot be allowed to happen and I want to see a stronger, more coherent global response."
</p>
<p>
Experts cautioned, however, that antibiotic resistance is a natural phenomenon that cannot be readily stopped, only managed. "Developing new antibiotics will help manage the growing problem of resistance to currently available drugs," said Professor Alan Johnson, an expert in antibiotic resistance surveillance at Public Health England.
</p>
<p>
"Unfortunately, it is not the whole answer as resistance to any new drugs is also likely to develop over time. At a global level, we need to improve our antibiotic stewardship and infection prevention and control practices, as well as developing better diagnostic tests so that infections are treated with the most appropriate antibiotic at an early stage. Combined, these actions would help to stem the speed at which resistance to existing and new antibiotics develops and help to prolong the use of these critically important drugs."
</p>
<p>
Mark Dosher, secretary to the Bella Moss Foundation (BMF), a pet charity, said: "It has to be recognised that new antibiotics could result in new resistance pathogens so we have to look into other areas, from hygiene and environment to the lifestyle of individuals and which people C and animals C are more prone to infection. David Cameron's taskforce is a good idea C as long as it doesn't solely focus on the cost and regulation of new drugs. Just concentrating on financial incentives for health companies to create new drugs would be a mistake in the long-term."
</p>
</text>
</doc>
