<doc id="Raw-Topic-24_09"> 
<news_source>
The Telegraph
</news_source>

<date>
July 2, 2014
</date>

<author_source>         
</author_source>

<headline>
Superbugs could 'cast the world back into the dark ages', David Cameron says
</headline>

<text>
<p>
The Prime Minister calls for united action amid fears manageable illnesses like pneumonia and tuberculosis could kill huge numbers
</p>
<p>
The world could be "cast back into the dark ages of medicine" where people die from treatable infections because deadly bacteria are becoming resistant to antibiotics, David Cameron has warned.
</p>
<p>
The Prime Minister has called for governments and drug companies around the world to work together to "accelerate" the discovery of a new generation of antibiotics.
</p>
<p>
His intervention comes amid fears in the medical profession that manageable illnesses like pneumonia and tuberculosis could kill huge numbers of people like they did early in the twentieth century.
</p>
<p>
About 25,000 people die annually across Europe because of infections that are resistant to antibiotic drugs, Mr Cameron said.
</p>
<p>
Mr Cameron is to announce an independent review led by Jim O'Neill, the economist, to identify why the international market has failed to bring forward new drugs.
</p>
<p>
The Prime Minister wants to set out a plan for encouraging and accelerating the discovery and development of a new generation of powerful drugs.
</p>
<p>
GPs could also be told to stop prescribing antibiotics when they are not needed.
</p>
<p>
"For many of us, we only know a world where infections or sicknesses can be quickly remedied by a visit to the doctor and a course of antibiotics," Mr Cameron said.
</p>
<p>
"This great British discovery has kept our families safe for decades, while saving billions of lives around the world.
</p>
<p>
"But that protection is at risk as never before.
</p>
<p>
"Resistance to antibiotics is now a very real and worrying threat, as bacteria mutates to become immune to its effect."
</p>
<p>
Overuse of antibiotics for minor infections has resulted in bacteria becoming resistant to medicines.
</p>
<p>
Drug companies now invest less money in new antibiotics because they cost so much to develop.
</p>
<p>
Patents for many antibiotics have expired, leading more companies to join the market.
</p>
<p>
It means the drug firms are making smaller profits and investing less in vital cures.
</p>
<p>
Mr Cameron said: "With some 25,000 people a year already dying from infections resistant to anti-biotic drugs in Europe alone, this is not some distant threat but something happening right now.
</p>
<p>
"If we fail to act, we are looking at an almost unthinkable scenario where antibiotics no longer work and we are cast back into the dark ages of medicine where treatable infections and injuries will kill once again.
</p>
<p>
"That simply cannot be allowed to happened and I want to see a stronger, more coherent global response, with nations, business and the world of science working together to up our game in the field of antibiotics."
</p>
<p>
Mr Cameron held discussions with world leaders about the issue last month at a meeting of the G7.
</p>
<p>
The lack of new drugs which are capable of fighting bacteria has been described by the World Health Organisation as one of the most significant global risks facing modern medicine.
</p>
<p>
Without urgent action the world is heading for a post-antibiotic era, experts have warned.
</p>
<p>
Mr O'Neill's review will focus on the development, use and regulatory environment around antibiotics.
</p>
<p>
It will explore how to make investment in new antibiotics more attractive to pharmaceutical companies and other funding bodies.
</p>
<p>
GPs could also be told to stop giving patients antibiotics when they demand them for non-bacterial illnesses like the common cold.
</p>
<p>
Mr Cameron also wants to Increase cooperation and support for action by the international community, including much closer working with low and middle income countries.
</p>
</text>
</doc>
