<doc id="Raw-Topic-24_10"> 
<news_source>
The Telegraph
</news_source>

<date>
July 2, 2014
</date>

<author_source>         
</author_source>

<headline>
Drug-resistant pathogens are the world's biggest health crisis
</headline>

<text>
<p>
As a young doctor in the 1980s, too many ward rounds brought a sense of despair. Time and again, I could offer only compassion as young, previously healthy adults succumbed to a new infectious disease we had no power to treat. HIV provoked a sense of helplessness not only among patients and those at risk, but also among their doctors. Our skills and training meant little without drugs that worked.
</p>
<p>
HIV, in the rich world at least, has gone on to become a treatable illness. The development of anti-retroviral drugs has allowed people to live with the virus, often for decades, without becoming ill. Yet they have not been cured, and they live with a spectre. For it is not a matter of whether HIV will evolve resistance to these drugs, but when. That is what viruses do.
</p>
<p>
We have not, thankfully, reached that point with HIV yet. But the same is not true of dozens of other infectious agents, which we had been complacent enough to assume our drugs had defeated. Multi-drug resistant tuberculosis, E. coli and salmonella are now prevalent across the globe. Most strains of gonorrhoea are resistant to front-line antibiotics. MRSA and C. difficile have become household-name superbugs. In Myanmar, Thailand and across South East Asia, malaria is resistant to the artemisinin combination therapies that have done so much to reduce its lethal footprint . The World Health Organisation warned recently of a post-antibiotic age . It is already here.
</p>
<p>
Drug-resistant pathogens have created the world's greatest emerging health crisis. Its impact is profound because barely any aspects of modern medicine will be untouched. Antimicrobial resistance does not only threaten our ability to treat infections that count victims in millions C malaria, HIV and TB. It will undermine much else besides, in rich and poor countries alike. Cancer is not generally caused by bacteria, but treating it relies on antibiotics, to prevent the infections that would otherwise defeat immune systems compromised by chemotherapy. Operations we think of as routine C hip replacements, Caesarean sections C appear so only because we have drugs that protect surgical incisions against opportunistic germs. As we lose antibiotics, we wind back the clock on medical progress.
</p>
<p>
We have long known that this was a risk. As Alexander Fleming noted in 1945 , when accepting the Nobel Prize for Medicine for penicillin, it is a fact of biology that microbes, exposed to selective pressures through drugs, will evolve and adapt. Our behaviour has turned ultimate inevitability into proximate disaster. Evolution cannot be stopped, but it can be delayed through good stewardship of existing antimicrobials, to buy time for drug discovery and vaccines. Yet overuse and misuse of precious drugs has accelerated their obsolescence, while we have failed to invest in and incentivise the development of new ones to take their place.
</p>
<p>
Let doctors use drugs to help terminally ill patients die, says health expert 01 Jul 2014
</p>
<p>
If Labour can't win on the NHS, then it really is in intensive care 02 Jul 2014
</p>
<p>
Swimming lessons for babies cause ripple effect HSBC
</p>
<p>
This is a wicked problem. Antimicrobial resistance is on one level a scientific challenge. We need to understand better how pathogens evolve, how they can be targeted, and how they can quickly be diagnosed. But it is a social and economic issue as well. It is about how doctors prescribe, and what their patients demand of them. It is about regulation and public policy, how antibiotics old and new are deployed. It is about animals as well as people: 80 per cent of the USA's antibiotic use is on farms, not in clinics . And it is about the right incentives for science and industry. It costs hundreds of millions of pounds to bring a new antimicrobial to market, yet the logic of public health is that such agents will be used sparingly, for short periods, or even kept entirely in reserve. For many pharma and biotech companies, the sums don't add up. Add to all this that pathogens, resistant or not, do not respect borders. What is in London today will be in Shanghai tomorrow and vice versa.
</p>
<p>
Treating infections effectively, without side effects or unintended consequences, relies on good diagnosis and evidence-based medicine. The same will be true of tackling resistance. That is why I am delighted that David Cameron has appointed Jim O'Neill, to lead an independent review of these issues, which the Wellcome Trust is proud to fund and host. Much as another economist, Lord Stern, reframed climate change as much more than a scientific question, I hope Jim will help us to think of drug resistance as a challenge for the whole of society, which affects us all. It will require a web of actions from many stakeholders to solve.
</p>
<p>
Dr O'Neill enjoys advantages that Lord Stern did not. While drug resistance is comparable in complexity to climate change, it does not stir ideological division in the same way. It is also emerging as an issue that clearly resonates with public opinion: it is encouraging that antibiotics won a popular vote in the UK last week to become the focus of the 10 million Longitude Prize . What this means is that the diagnoses and prescriptions that this review suggests should be able to command agreement across national and political divides, and popular support for urgent action. We will need both if we are to weather the coming storm.
</p>
</text>
</doc>
