<topic id = "Raw-Topic-24" category = "4">
	<title> UK-Cameron-calls-for-global-action-on-superbug-threat</title>
	<doc id="Raw-Topic-24_01" hasComment = "Y" />
	<doc id="Raw-Topic-24_02" hasComment = "Y" />  
	<doc id="Raw-Topic-24_03" hasComment = "N" />  
	<doc id="Raw-Topic-24_04" hasComment = "N" />
	<doc id="Raw-Topic-24_05" hasComment = "N" />
	<doc id="Raw-Topic-24_06" hasComment = "N" />
	<doc id="Raw-Topic-24_07" hasComment = "N" />
	<doc id="Raw-Topic-24_08" hasComment = "N" />
	<doc id="Raw-Topic-24_09" hasComment = "N" />
	<doc id="Raw-Topic-24_10" hasComment = "N" />
</topic>
