<?xml version="1.0" encoding="UTF-8"?>
<comments>
<topic id="Raw-Topic-41" category="2" />
<doc id="Raw-Topic-41_06"></doc>

<comment><content>
Remember the ships carrying weapons to Syrian rebels? Maybe that was the return trip, and they carried oil out on their first trip? I also remember reading about "unidentified ships" being seen - I just don't remember any details.
</content></comment>
<comment><content>
US gov imports approx 1.3 million barrels per day from Saudi making Saudi its its second largest single petroleum trade partner. 2012 stats. US is importing a total of 2.15 million barrels per day from the middle east (including Saudi).
</content></comment>
<comment><content>
Where did you get that nonsense from?
Along with China, they are the Middle East's biggest customer for oil.
If the US didn't buy oil from the Middle East, the days of the Pertro-Dollar and the Saudi monarchy would already be over by now.
</content></comment>
<comment><content>
2013 stats show Canada supplying twice as much oil to the USA as the Saudis do, and Mexico now furnishing half of what the Saudis do (Zerohedge) . The day is coming when we can tell OPEC to take their oil and shove it. We will even be their competition. Ye who see the world through the old OPEC glasses need new lens stat.
</content></comment>
<comment><content>
In 2009 you imported 980,000 barrels per day as opposed to the 1.3 million you imported in 2012 and around the same in 2013. If we track back 14 years to 2000 you were importing 1.5 million per day........
</content></comment>
<comment><content>
That's suicide for the US. Nixon dropped the gold standard so the US wouldn't go bankrupt paying for the Vietnam War. Then struck a deal with the Saudis in control of OPEC to decree all petroleum trading on the planet would be transacted in US dollars solely.
That means all countries have to have a stash of US cash in their treasuries. That demand plus Saudi Arabia putting it's oil profits in NY bank deposits allowed the US to go on a few decades of reckless credit and spending.
That's why the House of Saud has carte blanche, and is always under the radar of scrutiny
</content></comment>
<comment><content>
Private collectors and some private museums, no doubt.
The greed of the 1% is universal.
There is a long history of wealthy private collectors buying unprovenanced artifacts, and it still goes on. Fortunately, most reputable museums will no longer acquire artifacts without a documented provenance, but there are exceptions.
</content></comment>
<comment><content>
I think you are forgetting about China. They will replace the US purchases and may even exceed them. This is what the US is trying to prevent, keeping oil supplies from China unless it is the US that can sell to them. China has the US by the balls with the huge trade deficit..in turn the US is trying to grasp China by the balls by preventing them from getting their own independent oil supplies. That way they can't squeeze each other's balls as they will both be feeling the pain. I think the US will eventually be on the loosing end as greed has blinded them with stupidity.
</content></comment>
<comment><content>
I wouldn't write off the Chinese having a hand in things, or Russia for that matter. If it can be conclusively stated that the US/UK/Gulf states group do not back ISIS in some way, then someone big is giving them support.
</content></comment>
<comment><content>
Every time we buy petrol it is counterproductive, every time we buy food that has travelled 1000's of kilometres it is counter productive. We keep putting money in the pockets of those that fund this. We as citizens have to start making some decisions as our governments won't do it.
</content></comment>
<comment><content>
Of course America and China are the two biggest importers of oil! These are big countries! What else would you expect? Of you wish to point a finger, find the counties that use the most oil per capita. And even, can you legitimately place blame on those? Perhaps their energy needs (very cold winters, very hot summers, a lot of manufacturing) are greater. It is illogical and simplistic to randomly attack like this
</content></comment>
<comment><content>
China has a lot of its 'own' oil supplies- it is wreaking havoc on the African continent with their dirty oil deals with corrupt governments that keep their populations in desperate poverty.
</content></comment>
<comment><content>
Saudi Arabia. They wish to spread the evil whabbi doctrine which promotes extreme sharia law throughout the Islamic and even western world. This is the cause for most of the wars in the mid. 
That's why I drive a fuel efficient car, less reliant on Saudi oil.
</content></comment>
<comment><content>
The devil we know and love. Yes they are flawed but overwhelmingly good. 
I am happy it is the USA, than any of the odious decrepit states of the Mid East. I think most of the citizens of the Mid East agree if they had a chance to migrate there.
</content></comment>
<comment><content>
Anybody who knows their middle east history would be aware that the West has been playing off minority leaders against majority populations since the very creation of the states boundaries. For Tony Blair to cause a war on lies, fail to sort out the mess he personally created and then repeatedly say 'the decisions will be tough' just sums up how either mind-blowingly stupid he is or how he really knows what's going on but doesn't want to say "it's all about securing cheap oil and resources and I and the rest of the West don't care how many middle eastern people die"
</content></comment>
<comment><content>
I wouldn't say it was Blairs fault either, there are too many points of cause and effect here to boil down to one sweeping statement. However, who's to say that intervention in Iraq and Afghanistan and the subsequent imposition of 'democratic' governments didn't have the effect of making millions of people living under quasi despotic rule think they could do something similar off their own backs with enough of them standing together? Just a thought.
</content></comment>
<comment><content>
Me? I think the Domino effect that George Bush and Tony Blair hoped would happen across the middle east did come to pass in the form of the Arab spring. I also think that the West squandered the opportunity this created to change the middle east for the better by inaction and acquiescence to Russia.
However it has been fairly common in this paper to hold as an article of faith that the invasion of Iraq did not cause the Arab spring, that apparently was down to twitter.
</content></comment>
<comment><content>
Given that Saddam Hussein and Al-Qaeda detested each other, and there was no or very little Al-Qaeda presence in Iraq before the war in 2003, and Iris are an Al-Qaeda splinter group (they appear to have reorganised from Al-Qaeda in Iraq), I would say Blair, Bush etc have quite a lot to do with the present situation in Iraq.
</content></comment>
<comment><content>
No, he was essentially just a messenger. If you look at cases like Tunisia the people already knew that the state was corrupt and that their leaders were rotten to the core. It was common knowledge that bribes had to be supplied in order for any business venture etc to go through. Wikileaks merely showed to the world what the Tunisian government was really like and why US companies were not investing.
What triggered the revolution in Tunisia was not Wikileaks but an act of murder by the state. Wikileaks just added context for the benefit rest of the worlds' news services. This pattern happened throughout the middle east, Wikileaks gave local flavour for the BBC and Al Jazeera but the people within the countries where the revolutions happened already knew their governments were corrupt. It's hard not to notice having to pay a bribe in order for your child to go to school.
</content></comment>
<comment><content>
Or for him to have helped instigate the invasion of Iraq without a UN mandate thereby leading to the radicalisation of many of those who now form Isis. Oh wait...
</content></comment>
<comment><content>
It surprises me not in the least that you have so many recommends because whenever an article or revelation comes up about the Middle East, in place of any serious discussion,debate, out come the rabid Blair haters. They don't actually contribute anything that could be called intelligent and they put me in mind of stone throwers at a public execution, such is their mindlessness.
</content></comment>
<comment><content>
Capitulation to Russia? LOL The Syrian civil war is a proxy war started by the USA with the express purpose of isolating and containing Russia, exactly the same as the civil war in Ukraine.
</content></comment>
<comment><content>
it would have been a lot cheaper to simply buy the oil you fool. 1 trillion dollars spent on iraqi oil production instead of overthrowing saddam and his regime would have kept the oil supply secured for 25 years.
Tony bloody Blair is but a fly on the arse of the elephant that is thousands of years of sectarian hatred and bile. Blaming him for buzzing around said arse is witheringly lazy.
Wake up.
</content></comment>
<comment><content>
Blair and his born again Christian Ally invaded Iraq almost as a new age Crusade (Bush said as much, although at the time he did not see the significance of his foible - probably still does not). In doing so they they got rid of the most secular leader in the Arab world. The map of the area had also been redrawn by the allies after WW I and the fall of the Ottoman Empire. Iraq, Syria, Jordan - none of these countries existed, and were created without thought to the sectarian mix of moslems in the area "all this area had been part of the Persian of Ottoman Empires, so there ha always been a mixture of Shiites and Sunnies in the area. After the invasion, there never was no thought for an exit Policy - possibly because the Americans and VP Cheney wanted influence for Haliburton for whom he worked. This however appealing as an explanation is pure comjecture - however, it shows the disdain with which the People in the area feel the West treats them Neo-Colonialism; this is without the thorny question of Israei. And what job did Tony Blair get after relinquishing the Prime Ministership? Peace envoy for the area - Like making Eichmann Chief Rabbi.
This has become even further exacerbated by the Arab Spring. In real terms, that area had been divided along Soviet/US lines since the 60s. The only major change had been after the Death of Nasser and Egypt going to the American camp in 1977 with the Camp David agreement (curiously at the same time as the Iranian revolution - go figure) and the Arming of Iraq by the US and UK during the Iran-Iraq war of the 1980s (1.6 Million dead). The Arab Spring, although bringing to a partial end the old system in the area had the distinction that in all the countries where (r)evolution occured, the major opposition was The Islamist movement. They even won a mandate in Egypt. As soon as this happened, Blair started bleating about how "we" had to face extreme Islamism in the area. Again there is no exit policy (see Libya and Egypt) and again the People in the area see the arrogance of Neo-Colonialism from Western Powers .
So Blair started a Neo-Crusade, initiated three regime changes and is now saying we have to get involved at a time when Obama wants to wash his hands of it and try to rein in Israel which he rightly recognises as the crux issue of it all - the sticking point from which there is no recovery in the region. That's why it's Blair's fault.
</content></comment>
<comment><content>
Tony Blair and his master Bush would be locked up and hung for crimes against humanity if the rules of the Nuremberg trials were applied to them as they were applied to NAZI leaders. Blair is nothing more than a war criminal on the loose. Anything he says is worthless.
</content></comment>
<comment><content>
So why didn't they become radicalized while Saddam Hussein was in power? Maybe because they were afraid of him, but not afraid the Americans, as it turns out, were really just too nice to these people. So the US installed a democracy for the people. The ISIL and their kind are the type of scum found in every society, but which are abundant in the Middle East.
</content></comment>
<comment><content>
They are continuing - when did those wars end? But if you mean why did that not actually make the airstrikes? Maybe because Russia was prepared to make it more than a proxy war if they did and also because they could see that they had made a mistake as is now evidenced by their own assets in Iraq being threatened as a result for their support of the proxy war in Syria.
</content></comment>
<comment><content>
Are you trying to be funny? The crazies got the chance after USA left and created a vacuum and left behind a Shi'ite government that was torturing and murdering Sunnis.
</content></comment>
<comment><content>
It was not intended as a chronology as such. More of an explanation of the self evident contribution of Bush and Blair to the present chaos in Iraq. Is there something you want to contribute, if so go right ahead?
</content></comment>
<comment><content>
The crazies got their chance when Saddam Hussein was deposed from power, which left a massive vacuum in its wake. It could have been filled if there had been even a semblance of planning by the US, UK etc. However, as we know there was not virtually no planning, and hence the extremists filled the void left by Hussein's demise.
</content></comment>
<comment><content>
Cheaper for whom? If US and UK taxpayers foot the bill for overthrowing Saddam, thus allowing oil importers (e.g., Halliburton in the US) to have a secure supply of oil which they then sell to the US and UK taxpayers, it is more profitable for the oil importers to recommend war. You did notice the recent report out of Princeton that business interests have a great deal of impact on US policy.
</content></comment>
<comment><content>
Morew aaattributable to the centuries old tribal dispute between the Sunnis and the Shia .... interference by Western nations has only prevented the Muslims from settling their own dispute.
Iran - which although not an Arab nation, is mostly Shia Muslims, so naturally they are against ISIS (Shia through and through) and - if the West leaves them alone, will enter the fray and kill off most of the terrorist/insurgents. May Allah be praised for setting up the confrontation.
</content></comment>
<comment><content>
No it isn't a 'black swan' because many of us suspected that this would be a likely outcome rather than an unpredictable event. Particularly after the US and Gulf States have 'courted' Jihadist support and alliances since 2007.
We also knew that the Southern Iraq border was used as a safe haven by these groups when they were fighting in Syria, and that disgruntled Iraqi Ba'athists-Fedayeen have combined forces with militant Islamists since the attack on Haditha in 2005.
The only thing we didn't know was when it would all blow up in our faces.
This is pure 'blowback' (Johnson 2003) rather than a 'black swan'.
</content></comment>
<comment><content>
Well, it was a black swan for the Guardian. Just like the black swans in Australia, they had no idea that there were militant extremist fighting in Syria. None of their sources in the State Dept told them.
</content></comment>
<comment><content>
Oh, so they tortured a guy, the Americans and Iraqis killed their leader without trial, and THEN Isis attacked. There's always more the story isn't there.
US is reaping what it sews.
</content></comment>
<comment><content>
US wants this. If there are two choices in the Middle East peace/co-existence and anarchy/war which do you think they always choose? Do I even have to ask?
</content></comment>
<comment><content>
Oh, so they tortured a guy, the Americans and Iraqis killed their leader without trial, and THEN Isis attacked. There's always more the story isn't there.
The Iraqi forces killed him, not the Americans. The Americans aren't in Iraq now. Given the situation I think killing him was a better option than capturing him.
I don't suppose the mass executions of prisoners by ISIS register on your moral radar? The Geneva Convention is history.
</content></comment>
<comment><content>
I can help you with what is NOT going to happen, a democratic Iraq that is not sectarian and understands tolerance of your neighbour.
Outside that, anything can happen, and it probably will, one variation after the other.
</content></comment>
<comment><content>
Where is all this America stuff going? How is America reaping what it sows?
Do you think that America wants Iraq's antiquities?
Do you think that North America is oil poor?
I think that it is Iraq that is concerned about ISIS taking over.
</content></comment>
<comment><content>
When attacks on American infrastructure, in America, become more common, then I would say America has reaped what it has sown.
If that happens, Americans will end up with a fascist nightmare of a government that has militarized police throughout America and a national ID system. Much of this has already happened.
My fellow stupid Americans are going to end up with the government they have allowed to happen.
</content></comment>
<comment><content>
I do see your point that nobody should be surprised about retaliation. But I suspect that the ISIS folks were planning a military attack all along. That was why they stockpiled guns and ammo and trucks and big black flags with their logo.
The article gives the chain of events in the following order:
1) two days before the attack on Mosul, the tortured messenger reveals the name of Abdulrahman al-Bilawi.
2) the messenger warns that Mosul will be attacked within the week.
2) "several hours later" somebody (whose nationality is conveniently not specified to protect the guilty) kills Abdulrahman al-Bilawi.
3) two days later Mosul is attacked.
The timeline presented in the article suggests that the attack on Mosul was already in the works, and was not merely retaliation for the killing of Abdulrahman al-Bilawi. Although I expect the killing provided additional emotional impetus to the troops.
</content></comment>
<comment><content>
I am glad that you think my reasoning is logical, even though I did not proofread my comment well enough to re-number the steps before I posted. 1), 2), another 2), 3). Such sloppiness detracts from the potential consideration that might be given to my argument.
I do wonder if perhaps the events were conveyed to the journalist in the wrong order or were incorrectly juxtaposed by the journalist as a result of getting partial accounts from several different sources. The messenger's words -- "He said to us, 'you don't realise what you have done'," an intelligence official recalled. "Then he said: 'Mosul will be an inferno this week'. -- make more sense if they are delivered after he hears that his boss has been killed.
"[W]hat you have done" in forcing the messenger to betray his fellow soldiers is unlikely to provoke a large-scale attack. Only "what you have done" by killing a top military commander would be expected to draw retaliation on such a large scale.
So helterstupid may indeed turn out to be correct. Perhaps further articles will clarify the order of events and the allegiances of the participants. Obviously the journalist was told not to report who killed the general. The Iraqis are credited with gathering up the digital evidence, but the general lies dead without any agent being identified. I am curious.
</content></comment>
<comment><content>
We are very lucky that we did not get militarily involved in Syria, Imagine how embarrassing that would have been: We would now be fighting side by side with Isis in Syria, while at the same time fighting against them in Iraq.
</content></comment>
<comment><content>
I agree that ISIS and other violent Salafi cults of supremacy are sick.
But these groups have extensive links to the CIA alleged by whistleblowers from central Asia to the Middle East.
</content></comment>
<comment><content>
No, they are not under the direct control of any outside force, which is why using these forces is so monumentally stupid by the US, but aiding their funding, and training is not out of the question. Saddam era generals and many Sunni militias have joined in. Saddam generals are on record saying this took 1 years to plan.
The CIA have an important role in this, it will eventually come out.
</content></comment>
<comment><content>
how come it came as a surprise to the US whose intelligence is supposedly meant to monitor terrorists activities? probably too busy monitering Merkel's communications and the European parliament ... Ha ha ha !
</content></comment>
<comment><content>
You have to thank the British House of Commons for that. Remember the shock when they decided not to be involved? The vibes were clearly so that Cameron and Obama had expected a yes. The Brits were to vote first, and then Washington could have said they are kind of joining in, with Australia following suit quickly.
Why, otherwise, would they have been so surprised and shocked? They tried to hide it the best they could but the vibes were there.
</content></comment>
<comment><content>
This sounds like an interesting conspiracy theory - not a shred of evidence or truth to it, though. Why hasn't Assad's name come up in any of this. I think you need to rethink who the bad guys are.
</content></comment>
<comment><content>
Actually it has worked quite well, any gas pipeline can not be built theough terrorist held areas, so it will likely delay the mooted Iran to Iraq to Syria to Turkey from the Parsa Iranian gas fields into Europe, which will bring down the cost of gas for Europeans.
And ironically, because Iraq did not fall, it has had the opposite effect too. Thank god for US, Saud and Israeli incompetence.
</content></comment>
<comment><content>
A couple of run down oil rigs that the EU decided were OK to buy from, plus some antiques have funded an insurgency that has been going on since 2003?
</content></comment>
<comment><content>
A couple of run down oil rigs that the EU decided were OK to buy from, plus some antiques have funded an insurgency that has been going on since 2003?"
And robbing banks, don't forget the banks, apparently they are super good at that. They clearly are funded but I doubt it is by these supposed entrepreneurial thefts.
</content></comment>
<comment><content>
Again I think you need to rethink who your friends are and who your enemies are. if you have something to say, come right out and say it. Gossip is just that.
</content></comment>
<comment><content>
To be fair those white Toyota pick ups are rather menacing."
Its more likely the crucifixions, beheadings and live burials that cause the Iraq troops to cut and run. I know it would give wings to my feet.
</content></comment>
<comment><content>
Puppet armies don't fight. They are just interested in collecting a paycheck courtesy of Uncle Sam. That is what happened in Vietnam and that is what is happening in Iraq.
Who says the US finally conquered the Vietnam syndrome. Iraq is looking more and more like VN. Wait until the stuff hits the fan in Afghanistan.
</content></comment>
<comment><content>
So you are saying that President Johnson offered to pay the south Vietnamese for fighting the Viet Cong? As I recall, the South Vietnamese government came to the US for help because they were being threatened by the Viet Cong.
Using chemical warfare is never right.
But, quite frankly, if a paycheck is what is needed to keep militant terrorists from impeding democracy in the world, then so be it. I don't want terrorists running my country, and in effect, I think the fact that the government makes it so easy for emigres to come here is probably the same as offering them a paycheck.
</content></comment>
<comment><content>
As I recall, the US supplied and trained the South Vietnamese army, which didn't last long after most American troops left the country.
I agree with other commenters. The US-trained Afghan army will not last after most American troops leave the country. I support American disengagement. We should have left long ago. But I don't see a good outcome whether we stay or go.
One could discuss why our efforts along the line of building up the indigenous army don't work out well.
</content></comment>
<comment><content>
that these weaker nations need is to have a strong ally come along side, and to know that they won't be deserted, and to help them become stronger.
There are no simple answers, but you can't have every bully in the world dominate. We don't let bullies in our countries do that.
</content></comment>
<comment><content>
They didn't want to die for Saddam and now sure as hell they don't want to die for Obama.
It's basically a Vietnam re-run. Some people and some countries never learn.
</content></comment>
<comment><content>
it is a bit interesting that the iraqi army also melted in the face of the american invasion both in gulf war one and two"
You may remember that the Iraq generals were given bags of money by the US to desert, if your generals have deserted enmasse why would any troops stay?
</content></comment>
<comment><content>
Some of them don't want to die for "Iraq" which is a country made up by France and Britain after the !st World War. They may be more prepared to die for Kurdistan or a Sunni split off or a Shia split off from Iraq.
</content></comment>
<comment><content>
The Iraqis fought back, it was a war. Don't you remember? They melted away at the initial invasion, then the army was disbanded (huge mistake), then they had no salary.. then they were recruited by whatever cleric/warlord. And the fighting kicked off again.. this is the regular army, not the conscripts who ran for it.
</content></comment>
<comment><content>
Only a fool would die for his country. The wise will let the other guy die for his. I will not die for my country that some patriotic bulkshit. Die for my country so that politicians and bankers can live large. Fu.k that. I will die for my family and for myself self that's it.
</content></comment>
<comment><content>
Leave Blair alone please, and Bush?
I don't know what planet some of you live on, but on Earth people who stand up to terrorism and repressive dictators who slaughter their own people go down in history as the good guys.
I guess its still fashionable and edgy to hate Blair and Bush.
</content></comment>
<comment><content>
I know. 1 is too many, but doing nothing is not facing the reality of the situation. We didnt do anything in Syria and the figures are just as terrifying.
We need to views this with detachment and ask the question what is right, who is right and what do we do. I feel sick about Syria, because we could and should have intervened and saved lives i think, really upset the chance to discuss military options got blocked, quite ashamed by that.
</content></comment>
<comment><content>
You were sold a pup. Saddam was the good guy until some cock and bull story about his supposed involvement in 9/11 and weapons of mass destruction was used to make him a bad guy all of a sudden.
The Taliban were "good guys" when the USSR invaded Afghanistan
Nothing to do with hating Bush and Blair, but an understanding of history and their role in recent events
</content></comment>
<comment><content>
Well if they are guilty then so is the population of the USA and UK, guilty of trying to do the right thing, which is never popular.
Bush and Blair are guilty at most of receiving bad intel, I don't think that will stand in the Hague
</content></comment>
<comment><content>
I don't think he had anything to do with 11/9, that was Al Qaeda but he did slaughter 1000's of his people, this is an undisputable fact, is it right to let that happen? With good judgment I say no.
Taliban were and are never the good guys.
</content></comment>
<comment><content>
Just do a bit of research. Look at how Saddam Hussein came to power? Because it wasn't by election!
Ask yourself about the connections between oil producing countries and their form of government.
Look at the Iran Iraq war and how the West exploited both sides to profit from selling weapons.
Look at who decided these countries borders and then ask yourself why they were deliberately created to exploit ethnic tensions.
Or for speed just look at the history of Palestine.
The Middle East is our problem because it was set up to fail to ensure cheap oil.
Still unsure?
How many countries has America and the West bombed in the last 100 years?
</content></comment>
<comment><content>
We supplied them with weapons, funding, organisation (via Turkey, Qatar and S. Arabia) and covert training. 'We' blamed the Syrian government for the chemical weapons attack. We are the evil shits here.
</content></comment>
<comment><content>
Blair pressurised the security services into altering the evidence so that HE could go to war - Tony Blair is as guilty as Hitler, and the entire political system knows this. Ever heard of the 'dodgy dossier'?
</content></comment>
<comment><content>
The point is is that the likes of Blair and Bush stand up to repressive dictators when it suits them.
I'm pretty sure North Korea, Zimbabwe and our friends over in the House of Saud are still ticking along nicely.
</content></comment>
<comment><content>
It is very easy to sit comfy at home and say 'we should do this, we should do that' - after all that is what old men like Blair and Bush do; send young men to fight and kill other young men (and women and children) to 'liberate them / protect our interests' (delete as appropriate).
It is telling that in most of these conflicts, the neighbouring countries (you know, those oil rich onces busy buying up our landmarks and football clubs) somehow don't feel the need to intervene themselves or even fucking chip in with the costs.
I'll make a deal with you - when it kicks off in France, or Spain, or somewhere local to us, then I'll get on the boat myself and lend a hand, but til then, I'd prefer us to keep the fuck out of other countries business; they don't thank us, they don't want us; it doesn't do anybody any good in the long run, and it's bankrupting us whilst the people with money (the middle east, Russia, China) are pissing themselves laughing.
</content></comment>
<comment><content>
Fashion has nothing to do with it. The fact is that if it were not for the Bush/Blair invasion of Iraq none of this would be happening right now. Thanks to Bush and Blair there are 2 million Iraqis who have become refugees in neighbouring countries, and approximately a million more who are refugees inside of Iraq.
Plus, just from an American standpoint, there are 4600 young Americans who would be alive today if not for invading Iraq, tens-of-thousands of Americans who would not be missing body parts or their sanity if not for the invasion, and a trillion dollars from the US Treasury that could have been spent on something else or returned to the taxpayers, if not for the invasion.
</content></comment>
<comment><content>
I admit I don't fully understand the Middle East, I wish I did.
I don't think I can disagree with you without researching more, but I have no reason to disbelieve you, man is more than capable of exploitation.
Aye there are problem all over the world, some societies are just not compatible, often wildly different, some see profit as the most important thing our desire for profit and our obsession with it breeds an acceptable culture of limitless greed and exploitation of man and the world's precious resources, how far is someone willing to go to get power and wealth? And who would ever want to give that up?
</content></comment>
<comment><content>
I know what you're saying, we are damned if we do damned if we don't though.
The world is too small to be able to turn a blind eye now, and if the shit ever hit the fan again in Europe, I would be absolutely delighted if countries came from far away to help us, and equally disappointed if they didn't.
But aye, the people against who feel they are right, maybe they are and we are wrong, so I can only go on gut instincts of what my moral compass feels, does this feel right?, I ask myself.
</content></comment>
<comment><content>
What are you talking about? Saddam was a CIA man, through and through. After he ceased being useful (exactly at the moment cold war ended) he was set up as patsy and disposed of. Get your history straight lol.
</content></comment>
<comment><content>
The US governemt supported the Taliban right up until the late 1990s because Washington viewed the Taliban as anti-Iranian, anti-Shia, and pro-Western - what a catastrophic misjudgement.
After Bush's accession to the presidency, various Taliban envoys were received at the State Department, CIA, and National Security Council. There are even French intelligence reports that the CIA met with their old mujaheddin operative bin Laden in the months before September 11 attacks.
</content></comment>
<comment><content>
''but on Earth people who stand up to terrorism and repressive dictators who slaughter their own people go down in history as the good guys.;;
Depends if you are relying on a snapshot or looking for the big picture.
</content></comment>
<comment><content>
"Taliban were and are never the good guys."
Odd that. They were backed by the UK and the US in a proxy war against the USSR. We supplied them with weapons, money and training. A friend of mine even had a hand in training them.
They were the good guys whilst they were fighting Russians.
</content></comment>
<comment><content>
That sums it up pretty well. Just can't understand how people keep trying to whitewash Bush and Blair. The whole invasion was 'illegal' by world standards, but the Blair/Bush coalition decided to go it alone, and the result, thousand upon thousands of dead, disabled, and displaced people, trillions of dollars, and look where we are today, back into square one all over again. A complete clusterf*** run by a couple of guys whose egos got the better of them. They triggered this whole process off that is unfolding today. Sure Saddam was an evil f***, but what unfolded after his demise, is well ************!!!!
</content></comment>



</comments>
