<?xml version="1.0" encoding="UTF-8"?>
<comments>
<topic id="Raw-Topic-41" category="2" />
<doc id="Raw-Topic-41_08"></doc>

<comment><content>
Agreed. First, it was loving dubaya who said " mission accomplished". Secondly, thank Obama for stopping the body bags. Nitwits like cvcr who has not stepped into a war zone or hasn't suffered the loss of mates, loved ones should not talk sh.t.
</content></comment>
<comment><content>
the middle east needs a strict dictator to keep these savage miscreants in line.
the Caliphate is a murderous death squad that uses god as an excuse to carry out slaughter to fuel their thirst for blood.

they are Luciferian monsters
</content></comment>
<comment><content>
ISIS has learned successful terror tactics from the Mongols and the Americans.
A warlord, notorious for his use of provoking mass terror among his enemies, was Genghis Khan, leader of the Mongolian Empire in the 13th century AD, says Wiki. Defeating the will of the enemy was the top priority, and before attacking a settlement, the Mongol generals demanded submission to the Khan, and threatened the initial villages with complete destruction if they refused to surrender. After winning the battle, the Mongol generals fulfilled their threats and massacred the survivors. Tales of the encroaching horde spread to the next villages and created an aura of insecurity that undermined the possibility of future resistance.[4]
The United States ran an extensive program of psychological warfare during the Vietnam War. The Phoenix Program had the dual aim of assassinating NLF personnel and terrorizing any potential sympathizers or passive supporters. Chieu Hoi program of the South Vietnam government promoted NLF defections.
When members of the PRG were assassinated, CIA and Special Forces operatives placed playing cards in the mouth of the deceased as a calling card. During the Phoenix Program, over 19,000 NLF supporters were killed.[20]
The CIA made extensive use of Contra death squads in Nicaragua to destabilize the Sandinista government, which was socialist.
FYI. There are an estimated 1.6 billion Muslims around the world, making Islam the worlds second-largest religious tradition after Christianity, according to the December 2012 Global Religious Landscape report from the Pew Research Centers Forum on Religion and Public Life.
Although many people, especially in the United States, may associate Islam with countries in the Middle East or North Africa, nearly two-thirds (62%) of Muslims live in the Asia-Pacific region, according to the Pew Research analysis. In fact, more Muslims live in India and Pakistan (344 million combined) than in the entire Middle East-North Africa region (317 million).
However, the Middle East-North Africa region has the highest concentration Muslims of any region of the world: 93% of its approximately 341 million inhabitants are Muslim, compared with 30% in sub-Saharan Africa and 24% in the Asia-Pacific region.
Muslims make up a majority of the population in 49 countries around the world. The country with the largest number (about 209 million) is Indonesia, where 87.2% of the population identifies as Muslim. India has the worlds second-largest Muslim population in raw numbers (roughly 176 million) though Muslims make up just 14.4% of Indias total population.
</content></comment>
<comment><content>
Ditto; My thoughts; as soon as I heard the story the other day.
They got bored in Syria waiting for more money and arms.
Its an "End of the world` `murder spree" for them.
</content></comment>
<comment><content>
They learnt these from LTTE terrorists in Sri Lanka who summarily executed over 1000 Sri Lankan policemen in early this century. Hope these murderous louts end up the same way as the LTTE .
</content></comment>
<comment><content>
So you made the point that even if the "extremists" are a mere 1-10% close to 16million are murderous "misunderstanders or hijackers of their religion" of pieces?
They learned this kind of behavior from the inventor of the religion. He is considered to be the most perfect man who ever lived and everything he ever did is worthy of imitation forever. EVERYTHING he did is aokay forever, do a little reading into what he did during his life and see if you still want to blame the CIA. Besides, if it were merely the CIA causing this problem, why has this been going on since the 600's, in Africa, Indonesia, Middle East-North Africa, Asia Pacific region, Europe, the United States etc. Only thing they have in common is Islam
</content></comment>
<comment><content>
ISIS must d ie, and their sponsors must d ie up to their 7th generation, so this to become too personal and no one is their left to be inspired by "mortars". Cruel? I would say executable. While you try to brig them to justice, they will explode the world.
</content></comment>
<comment><content>
Your English betrays you are not of American background. No one says "up to their 7th generation." Please. ISIS is dangerous for sure. [how odd that their acronym is the same as the name of an ancient Egyption goddess,] but Americans and others need to spend their blood and money protecting the peaceful world from ISIS and Queida "travelers." Iraq needs to remember their training and defend themselves and their homeland against extremism...as do we.
</content></comment>
<comment><content>
This forum is open for non-US residents. No one ever claimed I have an American background, except an MBA from a US school. We pronounce the goddess name as Issida. Thanks for the comment
</content></comment>
<comment><content>
Actually it was McCain who wanted to fund and arm the rebels. Only food and tents were sent and they called the President a wuss. Damned either way and even when he doesn't.
</content></comment>
<comment><content>
"Only food and tents were sent", really? Why do people get on here and post lies all the time? Do a little research, we have been delivering guns to Syrian Rebels since last September.
</content></comment>
<comment><content>
Cause he's Obama like that
Why did he overthrow Libya and Egypt and cause more unrest in the area while not supporting Iranians? Why does he draw red lines for Syria then erase them and say Nah, just kidding?
When the War in Syria started there actually was a real, secular free syrian army, thats who McCain wanted to support. Now the islamists have taken over and we are sending weapons and freeing terrorists from gitmo. Cause he's Obama like that
</content></comment>
<comment><content>
ISIS = Obama's funded Syrian Rebels
just like Reagan, Obama created this monster.
blame every last Plutocratic politician in the US for this mess.
start with Reagan for funding Al Queda during the cold war
</content></comment>
<comment><content>
US supports ISIS (islamists) in the war in Syria and now US wants to fight exactly the same guys, ISIS, a few miles across the border, in Iraq.... no comments... 
Americans, maybe it's about time that you wake up?
</content></comment>
<comment><content>
Careful not to drop it on yourselves then claim it was a group you use to find then use it as an excuse to invade another country ... You should worry anyways your obese population will probably swallow it
</content></comment>
<comment><content>
in iraq they are called by the usa " blood thirsty monsters" but they cross the syrian border and they magically transform into " freedom fighters" and can even shake hands with Mccain .
</content></comment>
<comment><content>
We own drones--they have Hellfire Missiles--Use Them--when you want to get rid of a snake you cut off its head--I don't know just how many heads this particular snake has--but we have more Hellfire's than it has heads--and if we don't, things are really going to start going south in a hurry--The single, only, thing these folk respect is sudden deadly force ruthlessly applied--do that, and they will behave--it is the only possible solution--"negations" aren't worth warm spit.
Stan
</content></comment>
<comment><content>
Only WE have to be perfect. 
The islamists purposely hide behind their women's skirts. They purposely hide behind their children. They strap bombs on the mentally challenged. The men and women strap bombs on their daughters out of some sense of deranged family "honor". .
They have even been known to stage events with fake dead children and the photogs snap away. Then the kid gets up and walks away. It gets cropped into "proof" of an atrocity (France has been good at this one)
But Only WE are required to be perfect
</content></comment>
<comment><content>
Another form of execution may be the dependence in hope that US or other airstrikes will centre on recent converts groundwise and inductees into the expanding sunni uprising.Hoping for a slaughter of units placed in open unprotected positions while original combatants move on with booty collected and to other areas.
</content></comment>
<comment><content>
BS! The bush clan deserves all the credit for a destablized iraq. Why didn't evil bush or stupid bush do it right in the first place? Obama sux, but this is one thing we can still blame on the descendent's of nazi bankers.
</content></comment>
<comment><content>
Oh please, this has been going on since the 7th century, what was staying in Iraq and spreading our freedom dust 5 more years going to stop the Sunni and Shiite conflict that has been going on for 1300 years?
</content></comment>
<comment><content>
He was the most perfect man who ever lived and everything he ever did is worthy of imitation. That is the way it has always been in islam. EVERYTHING he did, everyone should read up on what he did during his life (hint, he was no Jesus) and realize that close to a billion people believe that ALL of it is perfectly ok because he said so. It is why there has been conflict for 1500+ years. The sunni and shia have been killing each other for over 1000 years because they couldn't agree over who should take over after mo died. They consider each other to be infidels, not fellow muslims. This has been going on since long before there was a modern Israel or anyone knew of North America or whomever the current blame lies with.
</content></comment>
<comment><content>
The point is that you shouldn't have even been there. The West thinks he knows what's good for the Middle East but fact is, you don't understand a bit of it.
Those brutal regimes such as Saddam Hussein's are the only way to keep the people frightened and under control. Whenever you try to install 'democracy' there, it ends up worse than it was before the West intervened. Look at Iraq, look at Afghanistan and look at Syria (not to mention Egypt and others).
The Middle East is made out of tribes and those tribes will kill each other when they have a chance to (even if they belong to the same religious group).
This is why the Middle Eastern regimes want to prolong the tension with Israel, because this is the ONLY element that unites Arabs together and without Israel to blame, they will consume each other.
</content></comment>
<comment><content>
The alternative was to have our troops stay there for the next 50 to 100 years. Nope, it was actually time for the training wheels to come off and for the Iraqi people to fight their own fight and figure out for themselves what kind of Iraq they want.
</content></comment>
<comment><content>
Thank you Mr Obama for yet ANOTHER screw up. 
This administration is a complete and utter joke.
EVERY SINGLE measure of American lifestyle has decreased in the past 6+ years.
</content></comment>
<comment><content>
The point is that you shouldn't have even been there. The West thinks it
knows what's good for the Middle East but fact is, you don't understand
a bit of it.
Those brutal regimes such as Saddam Hussein's are the 
only way to keep the people frightened and under control. Whenever you 
try to install 'democracy' there, it ends up worse than it was before 
the West intervened. Look at Iraq, look at Afghanistan and look at Syria
(not to mention Egypt and others).

The Middle East is made out of tribes and those tribes will kill each other when they have a chance to (even if they belong to the same religious group).
This is why the Middle Eastern regimes want to prolong the tension with Israel, because this is the ONLY element that unites Arabs together and without Israel to blame, they will consume each other.
</content></comment>
<comment><content>
start by thanking Reagan for funding and forming Al Queda during the cold war.

Reagan was quoted as saying "these men hold the same ideals as our forefathers, they are great men"

yes, you read that right, the UNITED STATES COMMANDER IN CHIEF was talking about the same murderous death squad the world endures today, the Caliphate.

welcome to reality
</content></comment>
<comment><content>
Stop fighting your own f%$#ing country so we can f%$#ing stop this, dumb@#$. Number one priority is ridding the world of the religious crazies who think God is telling them not to work toward a peaceful solution.
</content></comment>
<comment><content>
He is trying to make a joke (the smiley face gave it away)
Israel gets blamed for EVERYTHING that happens in the middle east so it MUST be their fault, if not, someone will figure out a way to make it their fault
</content></comment>
<comment><content>
I do not believe in gods. America needs to spend its finances on securing its borders and investing in its own decrepit infrastructure. Otherwise it will end up like the Roman Empire, collapsed under the weight of its own mismanagement. Mark my words. The hour is late.
</content></comment>
<comment><content>
Securing its own borders? Gasp! Don't you know that we are the only country in the entire world not entitled to having territorial integrity? We are currently being invaded by tens of thousands of children. Wonder how many jihadis are sneaking in while the border patrol plays obi's babysitters?
</content></comment>




</comments>
