<?xml version="1.0" encoding="UTF-8"?>
<comments>
<topic id="Raw-Topic-41" category="2" />
<doc id="Raw-Topic-41_03"></doc>

<comment><content>
All that money ISIS means that Mexico which is controlled  by the Drug Cartels will soon get huge bribes to allow ISIS to put bases in Mexico and to assist in invading the USA.
SO it is important to seal the border with Mexico and start killing all whom cross the US Border ASAP to defend the USA as Mexico  because of it being controlled 100% by the Drug Cartels is now a enemy of the USA.  Make no mistake the Drug Cartels will take the coming bribes from ISIS.
And since ISIS is soon going to control the Oil market  we need to demand that Harry Reid and Obama be impeached because they  refuse to allow the Keystone PipeLine to be build will mean  us tax payers will soon be supporting the ISIS as well as the dam EPA so we need to try Obama for treason and abolish the EPA as they also want  Americans to be by EPA policies to pay ISIS so they can bribe Mexico.
</content></comment>
<comment><content>
But the worse part is ISIS will soon be bribing the Drug Cartels  to allow ISIS to put bases in Mexico and to assist ISIS in crossing the USA border. 
So the immediate problem for the USA is SEALING our borders ASAP and to start killing all whom cross from Mexico and to  put Mexico as number 2 on the US Enemy list.
</content></comment>
<comment><content>
There's never going to be this "caliphate" they apparently want.  Too many tribal groups, religious divisions, ethnic divisions, different viewpoints, for any of them to come together in any significant way.  All they'll do is create chaos wherever they are.  That actually might not be a bad thing, except for the millions of innocent people in their path. 
</content></comment>
<comment><content>
the reason we should have packed up everything we had there and returned it here. that's what the British did. now they have the same stuff we have. but then that was what this administration had wanted anyway. they need more and more chaos to keep taking more of our rights away. and they will wait and see.
</content></comment>
<comment><content>
I hate to admit that the radicals chose an excellent time to make their move.  We are sidelined, opens the door for Iran to get some Persian land back, and Russia/China have some safe havens to train and send out more anti American terrorists...........  This is going from bad to a storm.  The fact that the Iranian insurgents are helping out their fellow Shiite's is only a smokescreen for them to do what Russia did to Ukraine.  Poor fools.......
</content></comment>
<comment><content>
Iraq Crisis: Did Obama's foreign policy mistakes sow seeds of disaster?
Absolutely not. 
The non-existent planning following Bush's rush to war created present day Iraq and so Iraq was and always will be Junior's legacy.
</content></comment>
<comment><content>Absolutely not?  Wow...what a load of garbage that is!  Barrack has had it 6 yrs. now and you are totally blind if you think Barrack has had nothing to do with the some of the results.  You would probably follow Barrack over a cliff..if he asked you to join him.
</content></comment>
<comment><content>
please your guy has been running things for 6years now and all you can come up with is that bush did this. give it a rest. i'm sure 20 years from now you will still be doing the same.
</content></comment>
<comment><content>
The towelheads deserve EVERYTHING they are doing to each other... I have NO compassion for them... They live in the 7th century and understand ONLY being ruled by a dictator or a mullah! Sometimes a combination of both... they understand and NEED to be subjugated!!! Sadly it is THE only way of life they have EVER known! And even given the OPPORTUNITY to change by the blood and treasure of the United States they still choose religious persecution!
</content></comment>
<comment><content>
As a Navy vet I would not want to be on the USS GHW Bush. Obama puts them in harms way but will not let them engage if attacked. Anyone remember the Cole? Clinton did nothing and the attacks kept coming till they hit the trade center towers
</content></comment>
<comment><content>
With all that is going on in the US and around the globe why is Obama always out of DC? You on the left who still support him really need to do some self evaluation on what you want in a leader. If you cannot list any real accomplishments then I suggest you stop the support and start asking why
</content></comment>
<comment><content>
I said two years ago that all the bad actors would just wait it out seeing Obama gave them  time line of when he decided the war was over. If you look at history Carter did the same things and Bill continued them which led to the attack on 9/11. Obama will go down in history as the most incompetent leader the US has ever had. I really wonder if he needs help getting dressed inthe morning
</content></comment>
<comment><content>
It's a Sunni/Shia civil war....that was inevitable as the partisan Shiite leadership under al-Maliki created this situation by ousting Sunnis from power, and now the Sunnis are PO'd and they've started siding with their friends from Syria.  Now Iran (Shiite) is getting involved in the sectarian conflict because there is no one to really stop them from getting involved (say like Saddam) and al-Maliki is so desperate to hold onto power that he's invited them in.
At the end of this, we may see a partition of Iraq into sectarian regions and a new client state for Iran. Too bad we couldn't leave Saddam in place to counter Iran, as that is what we did during the 80's when we supplied him with arms and green backs!
</content></comment>
<comment><content>
Obamanation pretty much sums up the last 6 years of failure. Go ahead liberals tell me how great he is when everything here and around the globe has gotten worse. The B_S is coming to an end ,you cannot hide incompetence and ineptness for ever
</content></comment>
<comment><content>
I don't want ANY of our troops to be at risk in Nigeria. Let the Nigerian government handle that situation themselves. The most we should do is provide them some intel, but no weapons, and especially NO BOOTS ON THE GROUND !
</content></comment>
<comment><content>
I blame global change for all the turmoil, I bet Kerry will fix climate change it is our number one enemy. God Help America from these inept leaders we have
</content></comment>
<comment><content>
I want to thank President BO for broadcasting our pullout intentions, cozening up to corrupt dictators, ignoring cries for help and dealing with terrorists.  
Vote NO MORE for incumbents!  
Educate yourselves on the issues. 
DO NOT just buy the advertisements from EITHER side.
</content></comment>
<comment><content>
Obama doesn't want to engage except by drones and covert means and then only if forced to. He views national defense and honoring treaties as stealing money from 'fairness' programs that is rightfully theirs.
Accept a new cold war that will outlast your lifetimes. al Qaeda in Iraq was defeated, the Taliban was also but this administration is more concerned with domestic social justice and income redistribution issues and agendas than national defense or foreign affairs.
War will come again and our allies will be less likely to work with us after watching us leave them in the lurch, go back on our world, welsh on a deal and hang them out to dry as a reward for thier sacrifice.
The next time we are attacked expect most to sit by and watch with only condolences and other words.
</content></comment>
<comment><content>
Its going to be the exact same story in Afghanistan soon.  Anyone who thinks Hillary can steer us through this is dead wrong. These people absolutely are a threat to national security.
</content></comment>
<comment><content>
Obama will never have a ship in the US Fleet named after him. It must hurt for Obama to have to rely upon the USS Bush which is one of the best in the fleet.
</content></comment>
<comment><content>
I consider myself a right wing hawk (not a chicken) and I feel we should do everything possible to keep the Sunnis and the Shia kil ling each other  ,save us from doing it.
</content></comment>
<comment><content>
I still have no answer from the rightwing chicken hawks that want to "do something" in Iraq, Crimea, Ukraine, etc.   What do you want to do, and how would you like to pay for it?
</content></comment>
<comment><content>
WWBD or WWTTPD or WWTGOPD if obama wasn't the president? ...nothing.... we would just have more dead american troops, Bush, the tea party, GOP. Anything to make our elected president look bad. You all are just Un-American
</content></comment>
<comment><content>
If any think America is protected from Islamic terrorists by vast oceans and great distances, they had better think again.  Thanks to Obama, our southern border with Mexico is a sieve for illegals, drug dealers.....AND TERRORISTS.  It should send shivers down the spine of EVERY American.
</content></comment>
<comment><content>
True.  But why is it that in the past 14 years there is not one documented terrorist incident inside the US that can be traced to entry via our southern border?
</content></comment>
<comment><content>
IN MY WORLD THERE IS NO "MIDDLE EAST."   SO WE DON'T HAVE TO GET INVOLVED IN SOMETHING THAT DOES NOT EXIST.   I DON'T CARE ABOUT OIL --- I DRIVE A BLACK PRIUS. 
</content></comment>
<comment><content>
I'm a conservative/libertarian.  I also drive a Prius.  I'm not saving the planet or helping us become energy independent.  I'm getting 50mpg and spending less of my own money on gas.
</content></comment>
<comment><content>
My Mercedes gets better gas mileage than your prius - and it's not about oil,  You just sit there in your little prius bubble and wait for the next 9/11 - but don't come crying to us
</content></comment>
<comment><content>
Has anyone been paying attention to what is going on in the ME?  If Iran steps in to help Iraq, it is likely they will be acting as Russia's proxy.  When the price of gas goes up, Russia profits.  Don't forget how much oil we buy from Russia.  BRICS seems to be a growing alliance.
</content></comment>
<comment><content>
We don't really buy a huge amount of oil from Russia overall.  Europe has the most to lose with their natural gas purchases from Russia.  If Iran gets bogged down in Iraq, is that a bad thing?
</content></comment>
<comment><content>
Do you really think they will get bogged down?  They are ready to send in 10,000 troops right now.  With Iraq's youth joining up to protect their homeland, they can send the al qaeda folk back.  In the meantime, it appeas that while our attention is diverted, Iran is getting their nuclear reactors working.  No, we are the ones being bogged down.  Our special forces in Uganda have not located Kony after several years.  We don't seem to have the situation in Nigeria sorted out yet.  We have troops in Poland.  We are losing territory in the Philippines.  Time to grow up a bit.
</content></comment>
<comment><content>
I see fox has closed the article on Obama moving the USS H W Bush AC carrier into the area.  Too bad, all the fox keyboard  generals would be so pleased.  Then again it might make the Pres. look decisive.  Can't have that.
</content></comment>
<comment><content>
 I'm no Obama supporter, can't wait until 2017.  But it's a good thing the carrier group was moved back.  Now, making the decision to actually use it would be decisive.
 </content></comment>
 <comment><content>
 Let's have another USS Cole, a Bill Clinton gift to the U.S.
Moving assets is hardly a hand-clapping event.  It *might* lead to one, depending on what's done with them.  But, just moving them?  no. It's more dangerous to have assets in the area without proper planning...and some 'nads to back up that planning...neither of which Obama has.
</content></comment>
<comment><content>
That is hilarious coming from the left...the most uninformed voting group in history.  Have you ever seen an interviewer go to some of these left wing colleges and ask basic history questions and current event question.  Half of them did not even know who the VP was. So spare me the hogwash comparison.
</content></comment>
<comment><content>
Riiiiight.
Smart people vote to pay more taxes that do what?  And, God knows the U.S. should shut down small business, it's been such a setback for the American people.  Why, doesn't history show socialism is where the prosperity is???
</content></comment>
<comment><content>
If you look at the actions during Carter which is what started the conflicts for the US in the middle east and the acts by Clinton the similarities are identical to what Obama has done over the last 6 years. The end result of the Carter/Clinton doctrine was the attack on 9/11 
</content></comment>
<comment><content>
Oh, I see we can go back to Clinton and Carter, but mention W and you people have hissy fit.  W had as much chance as Clinton to go after Bin Laden.  He didn't want to anger the family friends, before or after 9/11.
</content></comment>
<comment><content>
Yeah....NO.  The Saudi Bin Laden family had essentially disowned OBL, wanted nothing to do with him.  Bad for business.  The difference is that Clinton actually had a decision to make that could have taken out OBL, but he chose not to.  In fairness, OBL was a small time player back then.  9/11 probably would have happened anyway, it wasn't a one man operation.  
</content></comment>
<comment><content>
Well at least you can admit that 9/11 would have probably happened any way.  OBL may have been on the outs with his family and the Bushs, but they were still tied together, just like they have been to the Saudi Royal family for four generations.
</content></comment>
<comment><content>
It is evident (again) that failing to remain engaged in the Middle East has emboldened our  enemies. enemies.  Obama sees no options between doing nothing and sending troops (which nobody was suggesting).  It will take a serious president and a long time to undo the damage Obama has caused this country.
</content></comment>
<comment><content>
It is only the vote-for-sale GOP/TP that is calling for military intervention in Iraq. Blaming our president for  the consequences of an illegal war started and fumbled by the war criminal George Bush is disingenuous at best and a delusion at worst.
</content></comment>
<comment><content>
Obama chose to be president.  He has been president, and therefore responsible for foreign policy since then.  Failing to remain engaged in the Middle East was his choice.  He is responsible for the consequences.  I wish lefties like you would stop blaming Bush for everything and hold Obama accountable for something.
</content></comment>
<comment><content>
A one-fold increase should mean a 100% increase,given the definition you liberals can now understand what a 9 fold increase of AQ under Obama .That is not what he said he said they were fragments and were decimated. Fragments do not take over nations and do not grow to the largest numbers ever in N Africa . Lack of leadership for 6 years has wiped out all the accomplishments by GWB in the middle east and Africa .ISIS is a new more radical faction who does not care about life at all theirs or ours. Liberals your talk nice policy failed and has made the world a far more dangerous place. Do not reply to me I do not need to hear excuses and blaming others not in control. Obama is in control PERIOD 
</content></comment>
<comment><content>
Let them keep trying to establish this elusive Caliphate they apparently want.  Watch them run up against the millions in the Middle East who DON'T want it.  Keep them fighting each other, watch to make sure the bad guys don't get the upper hand and provide aid when it looks like they might.  As long as these thugs are fighting in Iraq and Syria, they aren't over here poking around. 
</content></comment>
<comment><content>
Only to a certain extent.  If it appears the side we dislike more is getting the upper hand, then we help the other side.  If the other side is winning, and the situation is getting better under control, good deal for everyone.
</content></comment>
<comment><content>
every thing is coming it to place, only missing piece is for China (instead of Japan) to start something in the East for it to be just like prior to WWII
</content></comment>
<comment><content>
Please list all of the wars that China has started, and all of the countries it has invaded.  Mongolia,and Tibet are the only ones and this has been going on for decades.
</content></comment>
<comment><content>
It's inconceivable that the vote-for-sale GOP/TP would be calling for intervention in Iraq after the war criminal Bush invaded it illegally and fumbled the war afterward, after more than ten years of unnecessary bloodshed, after the pointless deaths of thousands of brave American soldiers, after nearly two trillion dollars squandered in this senseless war, after Cheney's pals at Halliburton stole billions of dollars when it received a no-bid contract, and after more nothing positive was accomplished for all of the money, sacrifice, and tears wasted in the effort. Can the right wing lunatic fringe be so bereft of its senses and devoid of any shred of common decency that it would call for our return to that colossal Republican failure? The answer, sadly, is yes.
</content></comment>
<comment><content>
I don't see anywhere that anyone from the GOP is calling for the re-introduction of ground troops into Iraq.  Nobody wants that.  Doesn't mean we can't use other military assets to put a dent in the terrorists' action.
</content></comment>
<comment><content>
In what prison are you doing your time?

How much is the tyrant paying you for doing this? 

How many more of these credits do you need before the tyrant reduces your sentence to time served and unleashes you upon us once again as he did recently with 36,000 illegals?
</content></comment>
<comment><content>
Today is Flag Day, dating from the Second Continental Congress in 1777.
Where are its praises from the one, the only, the Great Orator-in-chief?
If we left out the L in the word flag, hed be on every news show all night.
</content></comment>
<comment><content>
Because Republicans are not students of history I will educate them. The ongoing war in Iraq is what is called a civil war or in the context of the Mideast, a sectarian war. 200 years ago we had the North fighting the South over a system of beliefs that neither side could agree to. In Iraq we have the Sunni and the Shiite that are fighting because they too disagree. We have no business taking sides. The fight is not about terrorism.........it is about religious ideology and.terrorism is merely the method used by the Sunni to fight the Shiite government we installed in Iraq. This fight will continue long after enough Americans come to their senses and say enough is enough. Let them fight it out.................its a thousand year old war and none of our business.
</content></comment>
<comment><content>
Obama's promise that terrorism is over is in jeopardy.
Also in jeopardy are the 15,000 employees at the US Embassy, Bagdad.
I had heard the Iraqis had fled leaving US weapons behind, but I had not heard it was $14 Billion in US tanks and Blackhawk helicopters.  What happens when a jihadist tries to take off in a helicopter?  Sounds like the opening line of a joke.
</content></comment>
<comment><content>
And if my Grandmother, God rest her soul had a Johnson she would have been my Grandfather. It is what it is and there is nothing we can do to change that dynamic.
</content></comment>
<comment><content>
Sunni and Shiites have been at war for centuries. It is pure folly to believe we can intervene again and make a difference. We have no business in Iraq for any reason. Its their fight......let them fight.
</content></comment>
<comment><content>
This is one time even a Republican should appreciate Obama doing nothing. Stay out of Iraq.....it was a serious error in judgment to start the first war and would be insane to start another.
</content></comment>
<comment><content>
Actually i don't disagree with you.  This whole region is what is.  Irrational fanatics that have been fighting for over a millenia and will do it a thousand years from now unless the rest of the world decides to take the necessary steps to eradicate the problem.
</content></comment>
<comment><content>
That was the best strategy for Syria too. I'm so glad Obama didn't give-in to Republican Senators McCain and Graham's demands to send US troops to fight alongside with the "Syrian Rebels." It turns out those Rebels are ISIS.
</content></comment>
<comment><content>
USS George Bush CVN-77 carrier getting ready to drop some ordnance on terrorists.  That's a good thing.

They'll never ever be a USS 0bama anything except maybe a commemorative outhouse at a county fair in Chicago.  That's also a good thing.
</content></comment>
<comment><content>
Oh please not another tough talking chicken hawk. When you suit up and fly a mission over Iraq you can boast American firepoweer......until then you are just another chicken hawk armed with nothing but your mouth and cheap words.
</content></comment>
<comment><content>
Let these camel jockeys devour each other.  Time to tell them to have at each other and if they mess with us or Israel they will cease to exist!!! Let the military fight for once rather than go in there as baby sitters!!!
</content></comment>
<comment><content>
Welcome back to the war Paul Bremer created with CPA Order #2, and the disenfranchisement of Sunnis in Iraq. One Harvard MBA unilaterally decided that the US should pick a side in a 1,400 year-old sectarian conflict. Now the Shias of Iran are coming to support the Shias of Iraq; who could have possibly predicted that?
</content></comment>
<comment><content>
Or the Federal government who gets 10x more per gallon of gas than the oil companies that have to refine and produce the gas!!! How about the Feds giving up their 65 cents+ per gallon to help the Americans!!
</content></comment>
<comment><content>
Obama is pathetic!!! Golfing weekend again!!!  Time to let the military vaporize these camel jockeys once and for all!! And we aren't going to "train" the Iraqi coward military or rebuild anything we bomb this time!!!!
</content></comment>
<comment><content>
Too bad we couldn't force all the chicken hawks on Fox to put on the uniform and join the fight. That way when they demand another war they can fight it instead of someone else. Until then talk of going back into Iraq to lose even one soldier is for the phony tough and arm chair generals that never fight......just talk
</content></comment>
<comment><content>
Time for son of man to be revealed and this age of man to subside. No longer shall we be gorillas! We shall go into the tents and sweat out our infirmities and inequities and put away our swords. We shall dawn the morning star and extinguish the apes of our inheritance. This disease shall no longer be.
</content></comment>
<comment><content>
PaulDennis, Michael H and luckeyone4 seem to be the only liberals on to try to present a liberal POV and honestly, they aren't capable of debating with my dog.  I'm going down for a Reuben.  Have a nice day...    
</content></comment>





</comments>
