<?xml version="1.0" encoding="UTF-8"?>
<comments>
<topic id="Raw-Topic-41" category="2" />
<doc id="Raw-Topic-41_09"></doc>

<comment><content>
It's just a totally biased opinion by the editor. It's a war on terrorism, these enemies are terrorists, the USA and the ISAF needs to destroy them at all costs. If they get Baghdad, the US Embassy will fall, billions gone, Obama should arm a few gunships and go to town
</content></comment>
<comment><content>
you do realize who is helping the Iraqi gov't to defend Baghdad from the
ISIS don't you? That would be Iran. So you would have us work With 
Iran? hilarious.. the enemy of my enemy indeed.
</content></comment>
<comment><content>
Utter nonsense, Where were you when the dimwits decided to invade. As for drones, first time a drone does in a wife or kid of a terrorist everyone will be weeping briny tears over it. Drones are not some magic bullet. They don't just get the terrorists.
When the people in the country , including the military in the country do not care enough to stand and fight why should we care so much. And yes, Iran is already involved, they have been since the Shiites took over the country.
</content></comment>
<comment><content>
I agree that the Shiites have taken over the country, but I don't think we will be crying over drones being used to take out ISIS. This may be a case of one rotten apple, and another rotten apple. The unfortunate fact is: that there is no such thing as a war (regardless of what types of arms are used) that civilians are not killed.
</content></comment>
<comment><content>
Well we sure cry over the drones taking out family of terrorists everywhere else. Heck there are people objecting to a terrorist being taken out who happened to be born in the US. Funny we realize that people who are a danger in the US and refuse to be arrested can be shot to eliminate the danger but let it happen overseas and there is hysteria. Of course civilians are killed in any kind of war, but this one is for the Iraqis to fight, not the Americans Since the Iraqis are not willing to fight for their country, why is it incumbent on us to do so? The Iraqi military having an advantage of 140 to 1 chose to not fight but instead fled leaving their citizens unprotected while fully armed with US weapons why is it our business?
OK if the ISIS group takes over Iraq they will be a major problem on several levels, that is true and we did invite the terrorists into Iraq so we have some responsibility but gosh, if the Iraqis are not willing to do anything what do you think we can do? We don't have eyes on the ground to identify targets. We can sort of send drones over and they can do some blind destruction guessing but I have doubts that will be actually effective. Iraq has a problem, but I don't see us sticking our face into that fan as improving anything, heck it won't even make Iran more friendly to us.
</content></comment>
<comment><content>
Taking out an al Qaeda operative in the Middle east is not the same thing as using a drone on our soil.
Basically, I don't believe that we don't have eyes on the ground., or that our satellites don't know where many targets are. Bet we do, maybe not as many as we would like, but they are there.
Personally, I am not going to lose sleep over those currently in power in Iraq, on that you and I agree. Get our people out, let the people there fight it out. If it divides three or more ways, so be it. It seems none of them can get along with each other playing in the same sandbox, so let it be three or four sandboxes. we need to quit fighting the crusades, and the 1948 Palestine War, and the continual wars after that one. 
.What we really need to do is spend more money on being energy independent, and researching alternative fuels.
</content></comment>
<comment><content>
Well we can see pretty well from satellites, no question. I doubt it we have a lot in the way of eyes on the ground. However in what appears to be rapidly moving situation I have my doubts as to our success.
I do agree about the middle east, it is their countries let them decide what they want.
I also agree about working on being energy independence. The problem with oil and gas is that while we are more independent than we were just 4-5 years ago both oil and gas are essentially owned by the oil companies when sucked out of the ground and oil collected in the US doesn't stay in the US because the oil company can get a lot more for it by selling it to Japan or China or European buyers. Alternative energy is a great idea and should be more fully exploited especially the forms that are renewable and thus not finite. However I have doubt about ever achieving energy independence as long as Apache oil can pull oil out of the ground in Oklahoma and sell it to a buyer in China for 2 cents more a barrel than they can get in the US.
</content></comment>
<comment><content>
There are also many ways to cut energy consumption. Over the period of the last few years I have switched all the appliances to those which use less energy, and in the last two year all the lighting in the house have been switched to energy efficient bulbs including many which are diode lighting. They definitely use less energy. I see solar, wind, and renewable sources growing but it will take an all out push to get it going. People could help a lot by pushing at the local level for more investment.
And yes, I agree that the reason that oil people are screaming for the Keystone pipeline is to get Canadian dirty crude to the gulf so it can be refined in the international tax free zone at Port Arthur, Texas where it can be sold to the highest bidder in the world, and not pay U.S. taxes.
</content></comment>
<comment><content>
They don't seem to mind hiding behind women and children. They are in the open now - civilians are already fleeing the areas where they are. Hostility towards the US? Ha ha! No one likes us anyway. There is no place for murdering Mujahideen or Sharia law in a peaceful world. If they want to be martyrs let's help them on their way.
</content></comment>
<comment><content>
Do you get that the US Military DID arm our so called "partners" in Irag? We armed them, trained them to fight against Al-Quida and now they are dropping those US supplied weapons and running from ISIS . . .leaving US supplied weapons in the hands of those very terrorists?! We have allowed too much American blood to be spilled over there. They need to stiffen their spines and fight their own fight for a Peaceful Iraq. If the Iraquis won't do it, why should one more American life be wasted over there?!
</content></comment>
<comment><content>
Gunships can't do the job silly and gunships can be shot down. Why should a single pilot be placed at risk for a country where the people in it don't much care.
As for the US embassy yup we built a great big embassy, so what it is just a building. Get the embassy staff out of there and any Americans willing to go, we have shed enough blood in a country we should have never invaded in the first place.
</content></comment>
<comment><content>
Rah Rah,go volunteer and wear your armor i n120 degree hiumid heat for a couple of tours you are so heroic! Iraq was lost when we invaded with a quarter of a million men against one billion five hundred million who hate our guts all over the muddled east who have nothing to live for.Bush and Rumdumb knew this but loved the profits for "USA" "defense industry rinvested in by Daddy bush's fund and the cadre of vultures including Cheney.
</content></comment>
<comment><content>
Arm a few gunships? You need to work on geography and scale a bit. 
Refueling, rearming, maintenance basic logistics. And wars are won by ground forces not just bombing someone. That just softens up enemy,
We need to stay out of Iraq. It was broken beyond repair when we attacked them and wiped out the ruling party im 2003 and 2004
</content></comment>
<comment><content>
Well, being a member of the "Prometheus Society", as you say below, sure hasn't helped you with the nuance of your opinion. "Bomb the terrorists."
The US is reaping what GW Bush sowed in Iraq 10 years ago. And for the past 35 years it has reaped what it sowed in 1953 in Iran.
Good luck with that hammer, for which every problem is a nail.
</content></comment>
<comment><content>
Billions is a low ball figure, try for trillions being gone, and trillions more owed over the next 4 decades. Going into Iraq with boots on the ground has to go down in history as the biggest mistake of this century. These people are clueless about learning to share with each other. They do not understand democracy, all we replaced in Iraq was tribal leadership putting the party that was up down, and the party that was down up.
This actually predates this history by a full century to the partitioning of the Ottoman Empire after WWI, and was compounded by allowing a Jewish state after WWII.
</content></comment>
<comment><content>
Still blaming Bush....If Obummer had the a cold he would blame Bush. We now have the worst President in history.....VA scandal, releasing terrorist for a traitor, border security, Benghazi, Iraq poor decisions, Ukraine crisis, and on and on. We now are the laughing stock of the world due to his blundering foreign policy. He is the puppet of Putin after all!
</content></comment>
<comment><content>
I found it quite accurate an analogy. Bush got us in 2 wars and dragged down our economy with trillions in debt . . .all Obama has done is try to repair 8 years of Bush Administration damage . . .to our position in the world, to our economy, and bring back our soldiers who do NOT need to be dying over in Iraq when they won't fight for themselves.
</content></comment>
<comment><content>
Bush may have had the opportunity for a better education, but he obviously didn't take advantage of it. As for IQ, I doubt very much Bush has a higher one than Obama, and I KNOW Bush had a lower one than either of the Clintons.
</content></comment>
<comment><content>
If Bush had it so wrong, it would have fallen apart right after he left. Somebody had to neglect the situation for years for this to happen. These ISSI guys are brutal, doesn't that kind of prove Bush was right about them and Obama was wrong about them?
</content></comment>
<comment><content>
You are clearly not very informed about Iraq. Ever since the invasion there has been brutal sectarian civil war going on, and just because the U.S. media stopped covering it doesn't mean it didn't "fall apart" from the get go.
</content></comment>
<comment><content>
Cheney knew when daddy Bush thought about going all the way that it would end up a civil war. Only this time he didn't care because Halliburton (and himself) stood to make a lot of money.
</content></comment>
<comment><content>
Bush did it right and had the game won,...but then the Democrats put in to the game, an ignorant MUSLIM, who knew nothing about the Politics of the Middle East.
Obama the Muslim wanted America to fail, everything he has done in the last five years proves that.
</content></comment>
<comment><content>
You kinda remind me of that guy Johnny Carson sometimes played on the old Tonight Show. You know the one...dressed in red plaid from head to toe and spouting crazy right-wing ideaology?
The only difference is...YOU'RE not funny. Just sadly pathetic...because you're SERIOUS. Whoa!
</content></comment>
<comment><content>
I thought that Obama was a Communist. So we have Obama flexing US/NATO muscle on Putin who supposedly wants to reconstitute the Soviet Union back (which was Communist). Obama is also using going through drone attacks like through socks, which take out at least 10 innocents on average for every intended kill (no regard for "Muslim life").
So maybe we need a new epithet?
</content></comment>
<comment><content>
If Bush, Cheney and Rumsfeld want to pay for the operation, sure. Let's "fix" it. Something tells me that their donations won't be forthcoming, though. Why don't you pony up some of your own cash to fund this latest pet right wing war?
</content></comment>
<comment><content>
We can't afford it, we have all of these new bills; like higher health care payments and food.
Also, we are saving a few dollars to help po' broke Hillary, she has three giant houses to pay for and she and Bill have been up tight since leaving the W.House. Haven't you been keeping up?
By the way, have you heard the news, Chelsea Clinton is paid more than SIX HUNDRED GRAND per working for NBC....more than just about anyone else in the company. Could that be some kind of back door contribution to Hillary's campaign??? These dems get greasier and greasier every day.
</content></comment>
<comment><content>
Local news anchors do not break out of the $100,000 range. For correspondents, moving to major urban centers like New York City offers the best hope of earning the $12 million salaries - and speaking fees - pulled down by nationally-recognized names like Katie Couric. On "Rock Center with Brian Williams", Brian Williams earned $13 million in 2012.
"Paid more than just about anyone else in the company"??? Not true.
I bet you really squawked when Jenna Bush Hager and Meghan McCain were hired to be correspondents, didn't you?"
</content></comment>
<comment><content>
Bush was not a MUSLIM, OBAMA IS A TERRORIST Muslim.
Bush graduated from college, Obama flunked out of three colleges.
When Obama flunked out of Occidental College, he did so with A 96 IQ.
</content></comment>
<comment><content>
who the f has forgiven him? he's a war criminal who lied and misled the American people into a 10 year unjust war that killed thousand of American soldiers over his inflated ego and cheney's insatiable need for oil and prestige.
</content></comment>
<comment><content>
Forgiven?? THOUSANDS of dead American troops?? HUNDREDS OF THOUSANDS of dead Iraqi civilians?? A devastated country... $6 TRILLION DOLLARS of American taxpayers money?? Bush will NEVER be forgiven by those of us who think and remember history.
</content></comment>
<comment><content>
No, he's not forgiven. Because the entire country of Iraq is unable to move on, except toward violence. And Bush, Cheney and Rumsfeld never admit mistakes or error. They would tell you there is nothing to forgive,
</content></comment>
<comment><content>
In the land of logic, we tie proper cause and effect...and the cause of this was predicted back in 2004. Many well versed experts warned that the lies used to justify the March to Iraq were more dangerous because it would create a vacuum of power. Hussein was crazy BUT he was not a religious radical and he kept AQ OUT of his country. Of course GWB lied about that to justify their excursion. They created a vacuum and this, which took years to play out, is the result.
</content></comment>
<comment><content>
You little deniers are pathetic. This has nothing to do with the current administration and everything to do with the previous White House full of liars, war profiteers and their enablers like you. If you choose to deny reality, that's fine - just don't expect the adults in the world to join you.
</content></comment>
<comment><content>
Yeah what a waste of time, discussing the MILLIONS of people who have died and will die (that means LOSE THEIR LIVES) and live in a cesspool of civil war and violence, AND the American servicemen that died or were maimed and now have to deal with the crummy Obama VA. The whole situation was created by George W. Bush, Dick Cheney and Donald Rumsfeld who are now comfortable, rich and retired. What a cooked up scandal!
</content></comment>
<comment><content>
Listen, the Middle East is chocked full of big boys and girls (adults) making adult decisions. Their destiny is in their hands, not ours. If they wish to kill and be killed and suffer miserably for their religous beliefs then so be it. The West cannot change the priorities of the Middle East. 
I guess my point earlier was if the US didn't have to deal with all the distracting scandals over the last six years, maybe we could make some headway heading off the bigger problems....wishful thinking probably.
By the way I don't take the loss of our soldiers anywhere on this planet lightly so don't put words in my mouth. Thank you.
</content></comment>
<comment><content>
And I thought the liberal media had finally run out of rational for blaming Bush for every misstep......Didn't BO brag about terrorism being on the run on his watch and "no longer a threat"....Sorry, while going into Iraq was an error, the current situation belongs to Barry (not my fault) Obama.....
</content></comment>
<comment><content>
He LIED us into a war deliberately that never needed to be fought in the first place which killed thousands of Americans and hundreds of thousands of Iraqis. When do you Right wing extremists stop defending these war criminals?
</content></comment>
<comment><content>
He DIDNT Lie. Get facts straight. He was told info from intelligence. I was in Saudi in 1996 and 2000, the intel pointed towards Hussein. Bush acted on intel...while Obama fails to act no matter what the situation.
</content></comment>
<comment><content>
Are you kidding? It's called history. Your apologist sources at right wing websites don't count and you can't re-write history to suit your needs. It is widely known that Bush intentionally ignored credible evidence that Saddam had no WMDs and touted discredited evidence to make their case for war. So the answer is BUSH LIED. Nothing you say can change that.
</content></comment>
<comment><content>
Who lied? Mr. Clinton for 8 years pounded the WMD's in Iraq drum. Mrs. Clinton and John Kerry had access to EXACTLY the same intel reports, and came to the same conclusion as Bush, and voted for the authorization to use force.
When are you going to stop lying to yourself, and others, and pretending like you don't know these things?
I am a democrat, and you make us look like 1d1ots.
</content></comment>
<comment><content>
It's Friday evening you m*ron. I work 40 hours a week in a white collar professional scientific setting. You're clearly not very bright if you think that my avatar is my picture.
</content></comment>
<comment><content>
Wow. That seems to be your trite copy paste response to everything. I guess you really drank the kool aid about non-far right people being the jobless takers. LOL. Typical.
</content></comment>
<comment><content>
If someone is going to lie about something that big, they have to contrive some evidence. Sure they have little pieces that give them cover, but the overwhelming evidence suggested otherwise. The admin pulled together and selectively chose bits and pieces to justify their excursion...so many of you lapped it up wrapped in the flag and criticizing anyone who dare question the president...of course that was then.
</content></comment>
<comment><content>
I have one and employ people and am seeking someone right now. What do you need a job? Sorry, I only hire people who are objective, pay attention to reality, and think logically.
</content></comment>
<comment><content>
You are the fool. You revisionist democrat ultra-liberal idiots are completely unable to discern truth from the anti-American slander which dominates American universities and media outlets.
</content></comment>
<comment><content>
Why is it when someone is against going to war, in this case the second Iraq War, they are anti-American? Why is it when we feel we are lied to are we question what our government says to us we are anti-American? American Universities are not anti-American, they just are filled with young people who value life over senseless wars. Not wanting to see your fellow country killed or wounded is not anti-American in fact it is just the opposite. Given a just reason for war, like WWII, and you would find many of these young people signing up but being lied to and then seeing through those lies one would expect little support from an educated population.
</content></comment>
<comment><content>
LOL. Turbo, you can deny it all you want, eat up the media spin all you like, but the truth cannot be hid from history. Obama will be udged harshly for his failures and they are numerous.
</content></comment>
<comment><content>
The "intel" was extremely weak and we were warned not to give it much consideration. Google "curveball informant" and educate yourself about the true "rationale" for going to war in Iraq.
</content></comment>
<comment><content>
Go look up PNAC (Project for a New American Century). Go look up a document they published called "Rebuilding Americas Defenses". Read it. If you have a short attention span, pay special attention to what they say about "a new pearl harbor" and why. And who they wanted to invade to bring about this new American century. Note the date it was published. Note the authors. Compare it to the GWB administration if you're not readily sure who those people are.
</content></comment>
<comment><content>
If I see one more mentally vacant coward blame Bush yet again, I may have to start listing the thousands of things that Obama has done to make this Country into a cesspool more recently. We are starting to wake up...
</content></comment>
<comment><content>
If you had a sound understanding of international politics and cause and effect, you would know that this started in 2004 NOT now. This exact scenario was predicted by people who were ADAMANTLY against the invasion of Iraq...of course people like you were busy calling anyone a traitor who dare question Bush. What a difference.
</content></comment>
<comment><content>
The only mentally vacant people in the conversation are those who willfully deny reality and cause and effect. Bush and his regime overthrew Saddam and his regime about 10 years ago. This has absolutely nothing to do with Obama, who will also be held accountable by history for his OWN mistakes. So stop trying to change the subject with more lies.
</content></comment>
<comment><content>
"those who willfully deny reality and cause and effect." Yeah like the people who say "bush lied, people died"
Who lied to you? Mr. Clinton for 8 years pounded the WMD's in Iraq drum. Mrs. Clinton and John Kerry had access to EXACTLY the same intel reports, and came to the same conclusion as Bush, and voted for the authorization to use force.
When are you going to stop lying to yourself, and others, and pretending like you don't know these things?
I am a democrat, and you make us look like 1d1ots.
</content></comment>
<comment><content>
You guys keep harping on that...because what ELSE do you have? Political pressure and the republican propaganda machine made anything impossible for many of them...depending on their situation. The republicans jumped all over anyone who voiced opposition to the invasion....calling them cowards, unpatriotic traitors. 
If people in this country didn't have the memory span of a gnat...they might have been able to stand up and be counted against it. Yes...it was spineless of them to just go along. 
And you're about as likely a democrat as Rush Limbaugh. Nobody believes you right-wingers when you claim that.
</content></comment>
<comment><content>
Nice try, but Rafid Ahmed Alwan al-Janabi was the source of intel about the WMDs, and he didn't defect until 1999. The German and British Intel agencies warned that his info could not be trusted, but the Bush administration saw it as the excuse they needed for war.
I'm a Democrat, and YOU made yourself look like an .....
</content></comment>
<comment><content>
Really? Which mistakes are those, pray tell? We were all under the impression that your dear leader NEVER made mistakes. Are you about to be the first Obamaite to speak a truth?? Be careful now, you may need a paramedic and CPR after this. Now don't tell us that Obama thinks there are 57 states in the union, or that Hawaii is a nation because we all know that already.
Cause and effect?...What hog wash, EVERYTHING has a cause and effect. A burning building has a C and E but you don't wander around and ignore it simply because it has a cause you didn't like...You put it out and try to save lives.
Cause and Effect: Obama, in SIX YEARS has only increased the war in Afghanistan which has caused more troops to be engaged, which in turn has had the effect of more troops being killed!!!
How do you like that for Cause and Effect?
Considering the fact that there have been more casualties under Obama in under six years than there were under Bush in eight says there is another Cause and Effect in play.
Now, since all of you Obamaites are so vociferous in your wailing on about how Bush lied to everyone, including Hogan's goat, and that's why we went to war and everyone knows it. It would,therefore, seem logical to assume barack obama has been sending young Americans to their deaths while at the same time knowing the whole thing was based on lies!!! Could be serious grounds for impeachment and even imprisonment there, don't you agree? 
Cause and Effect! How do you like it so far??
How do you reconcile the fact that there are some young Americans, who are today going to school or out on vacation, living a full life that will because of barack Hussein,be DEAD by the end of this decade! Cause and Effect is really a biatch, isn't it? Think about your hero and then those dead Americans.
</content></comment>
<comment><content>
Mr Checker..if you only knew what the rest of the world thinks of the people in the US for being stupid enough to elect someone for two terms (Bush) who left behind him a legacy of a world even more fractured than it ever was before
And then electing a President who has tried in vain to fix up various messes but the right wing congress has blocked his every move.
So ..you should start thinking who is to blame..is people like you. 
As a country you elect government entities who paralyse each other..and you wonder why nothing gets sorted. 
Is astonishing to the non US world really. ..which maybe would not matter so much except your country is supposed to be a world leader. That can't seriously happen when you can't even get together to figure out what is best for yourselves let alone anyone else...
Then you have your guns and shoot each other to pieces nearly every day. You can't even understand how uncivilized and insecure that makes you look and sound to most of the rest of the world. 
Obama wants to get that sorted but large numbers of people in your country seem to want you to remain uncivilized in that way in the eyes of most of the rest of the world.
</content></comment>
<comment><content>
Congratulations Jartin, When exactly were you appointed-elected to the position of speaking for the world? 
WOW, that's some load your carrying there...Ombudsman for the entire world. Do you also carry the title of Inspector General, or do you simply prefer the single title of Ombudsman?
Part of your job is as a Public Advocate and I wonder if you would try to get to the bottom of something that has not been addressed today.
If all of the obamaites know that Bush sent us into war based on lies and other untruths...isn't it logical to assume obama himself knows also? Or, is he soooo disconnected from everything, as usual, he doesn't realize it's all been based on lies?
Now,If he is indeed aware of the fraud perpetrated by the Bush admin, wouldn't it seem that he too, in sending young Americans into Afghanistan to be wounded or killed, is guilty of some kind of crime? I mean, isn't it a crime to send troops into battle, already aware that it was lies that got them there?
Also, When obama was running for the office, he said that his FIRST act as POTUS would be an executive order bringing the troops home from both Iraq and Afghanistan...instead, he has expanded the war in Afghanistan...which has killed about 3,000 Americans and wounded thousands more.
</content></comment>
<comment><content>
Gosh,, I'm not sure quite what your main point is here..?
But wasn't the fact that Obama didn't quickly bring people back from Afghanistan so quickly.. to do with the fact that it was left too unstable after most of your resources had been diverted from there to Iraq?
Anyway I don't think I'm trying to be a world advocate. (A chance would be a fine thing though..ha)
I think the main point of my comments is that from the outside looking in...most people can't figure how on earth the US has allowed itself to be painted into such a corner where no part of it's government can really do anything about anything without alienating one half of the country and large portions of the world.
If I was the king of the world advocating peace and prosperity and could make decrees, I think I would split your country into two..(much like Iraq seems about to be..) and then each part of you can get on and govern your own part as you wanted...such are the massive ideological divides you have..(and the corruption associated with the huge money that backs those divides).
It would be an odd swirling sort of dividing line but I guess not much more odd than in Europe.
And you have religious extremism in the US which could also be almost as dangerous (although not as bloody) as extremism in other world regions.
I'm not sure whether dividing the US along ideological lines would make this more of a problem or less? Other people might have an opinion.
I'm personally surprised your country has not had a civil war in the last 20 years or so. It almost seems like you want to.
</content></comment>
<comment><content>
people are starting to wake up?
i'm sorry.. i don't want to seem negative, but i really don't agree with you..
how many people went out there to pick up a book and actually learn something? how many people started reading about the history of this world? almost no one. you ask someone to tell you what is happening in a certain country, and they tell you that they have no idea. they can't even point the country on a map. they don't have their own opinion about events that are going on, all they know is what they see on the news channels. everyone has generic views, there's only two options. what the republican party thinks, and what the democratic party thinks.
nobody cared that more than a hundred thousand people died in iraq and afghanistan, nobody cared that tens of millions of people suffered and lived through misery, poverty, sectarian violence, terrorism, etc. because of the wars. they supported the wars. it's only after the financial crisis, after they lost their homes and ended up on the street that they started realizing what was happening. but they didn't learn on their own.. they were forced to. so it wasn't genuine.. it was only superficial.
people used to wave their little flags and say that they lived in the best country in the world.. they thought that the government was perfect and that it only did good and honorable things around the world. and all of a sudden, they turned around and started believing that the government was out there to get them and that there are reptile men that want to take over the world with FEMA labor camps. it's funny when people tell you that you need to get "educated" and they send you to youtube videos created by a bunch of lunatics. that's their education..
haven't you noticed this trend? people missed the entire message.. it went in one ear and came out of the other. the entire idea was to realize that you must never be in either extreme.. that you should never blindly trust everything, especially if it looks like the people that are telling you about it seem to be very motivated and have an interest in you believing what they're telling you. kind of like news stations spending millions on PR campaigns to make you believe that they're "balanced and fair".. basically, the idea was that people should make up their opinions on their own.
the best proof for this is the current events. look at what obama has been doing.. after 8 years of guys george bush, dick "halliburton" cheney, and donald rumsfeld and their patriot act, their wars, their government spying, etc., people wanted CHANGE. especially after the financial crisis. but look what happened. here comes obama with his pretty messages of hope and change.. the perfect guy to make it seem like things will change while in reality they will remain the same. and look what happened. the day that he got elected, he started doing the complete opposite of everything he had promised during his campaign. guantanamo bay was never closed, the war in iraq didn't end for another four years, etc. he even sent MORE soldiers to afghanistan. the guy continued everything bush had started. the patriot act, the government spying, etc. the guy that received a nobel PEACE prize completely screwed over libya and syria, two secular countries that were some of the most modern and developed countries in their regions. one of them now has extremist "freedom fighters" in government positions trying to create strict islamic laws.. and the other is almost completely destroyed. more than a hundred thousand people are dead, and he's training, giving weapons, and equipping terrorist "rebels" that are executing and beheading people. not to mention the drones that kill more innocent civilians than terrorists. the guys that run the nobel prize organization must be dying of embarrassment.
so yeah.. it seems like people really haven't learned anything. and it's very clear when you look at what obama is able to get away with. it's even more sad when you consider that this is happening after eight years of george bush.. if that didn't allow change to happen, then nothing will.
</content></comment>
<comment><content>
Who lied to you? Mr. Clinton for 8 years pounded the WMD's in Iraq drum. Mrs. Clinton and John Kerry had access to EXACTLY the same intel reports, and came to the same conclusion as Bush, and voted for the authorization to use force.
When are you going to stop lying to yourself, and others, and pretending like you don't know these things?
I am a democrat, and you make us look like 1d1ots.
</content></comment>
<comment><content>
i agree with you man.. but when you look at the big picture, all of this doesn't even matter.
the fact is that guys like dick "halliburton" cheney had an interest in going out there. donald rumsfeld was happy to go in and take out his old buddy saddam, the guy he had shook hands with in '83 during the iraq-iran war. i honestly don't understand all the hate for george bush.. sure, he was the face behind all the misery, death, destruction, instability, sectarian violence, terrorism, and war that tens millions of people in that region had to suffer through, but at the end of the day, he was just a fool. he had to make his brain work at maximum capacity just to remember to breathe, or to be able to form a coherent sentence once in a while. there is just no way that this guy came up with this big plan to fake all of the evidence in order to get support for the wars. that was obviously done by guys far smarter than him.
as for obama, things don't look much better.. he screwed up libya and syria, two countries that were some of the most modern and developed in their regions. gaddafi and assad might be psychopath dictators, but at least they had secular regimes that allowed everyone to live relatively well. instead, he chose to ally himself with saudi arabia and qatar, two backward countries that look like they got stuck in time 1000 years ago. countries that are the biggest supporters of terrorism in this world. countries that want to export their radical wahabi and salafi ideologies all over the region. countries that have been destabilizing the middle east for decades so that they can remain the kings in the region. because of this, terrorist "rebels" in libya are now in government positions trying to create more strict islamic laws. because of this, syria is now almost completely destroyed, and more than a hundred thousand innocent people have died.
obama and his little helpers chose to support, train, provide weapons, and equip terrorist "freedom fighters" from groups like islamic front, army of the mujahideen, jabhat al-nusra, muslim brotherhood, etc. and all kinds of other terrorist brigades, militias, and "citizen soldiers" death squads. people that film themselves screaming hallahakbar while they execute and behead people, cut people open to eat their organs, and blow themselves up in crowded place to kill as many innocent people as possible. and this is all done through saudi arabia, qatar, and turkey. the average people now have to worry about getting killed or blown up by "freedom fighter" animals every time they step out of their homes. there's now thousands of saudi and qatari backed takfiri terrorist dogs running around syria spreading misery, death, and destruction everywhere they go.
so instead of dealing with a psychopath like assad that nevertheless maintains a relatively modern and developed secular state, the world will have to deal with a bunch of savages that look like they just stepped out of a time traveling machine from the year 632. these are the guys that will end up in government positions if assad gets taken out... they are foreign terrorists that have no allegiance to anyone other than their little terrorist groups.. not even to the people of syria that they are supposedly "liberating", and especially not to the US. so just like in libya, the first thing they will do once they get in power will be to create an islamic state and force people to live under strict islamic laws. everyone else will be persecuted and forced to convert to islam from fear of being executed or behaded.
it's ridiculous how these guys were somehow "freedom fighters" and "rebels" when they fought in syria and beheaded people over there, but they're now suddenly "terrorists" and "insurgents" because they've crossed into iraq to do the same thing. you previously had terrorists from iraq going to fight in syria. in three years of war, they have gained a lot of experience, and they have weapons and equipment. but now, the opposite is happening.. after countless defeats in their fight against assad, they're now crossing into iraq in an attempt to increase the scale of the conflict and destabilize the entire region. think about it, these guys are coming to take over cities in iraq with the training, weapons, and equipment that was partly provided to them by the US. and they're fighting the iraqi army, which ironically was also trained, armed, and equipped by the US.
how does that make any sense? obama's "advisors" along with all of his old senile generals must be mentally challenged or something.. those terrorists now have weapons, ammunition, explosives, armored vehicles, tanks, attack helicopters, artillery batteries, and all kinds of other things since the iraqi army just fled. and they're already bringing some of it to syria. they literally have bulldozers creating little openings along the border so that they can bring all of those vehicles and equipment into syria. not to mention that they just stole almost half a billion dollars in money and gold from the central bank in mosul barely 3 days ago. that's going to pay for a lot more weapons.. they'll be able to get those expensive cameras for their little propaganda video.. their morale and motivation will be a lot higher, a lot more poor illiterate kids will be fooled into joining them and will have their heads filled with their radical ideologies. basically, their group will grow, and they will become a lot more effective at spreading misery, death, and destruction.
so yeah.. i don't know why you are defending the government. sure, john mccain was a mummy, a fossil, a lone survivor of a long dynasty of dinosaurs. he has already called for involvement in basically every single crisis in the last few years, and it's very likely that we would have currently seen soldiers on the ground in places like libya, syria, ukraine, iran, etc. obviously, obama is a much less scarier alternative. but i think that every single human being on this earth can agree that he is the biggest disappointment ever. the entire world had very high hopes for him, he was even given a nobel peace prize. and now everyone is realizing that he doesn't stand for anything. he's the same as all of the previous clowns.
</content></comment>
<comment><content>
the thing that actually hurts me is the fact that there are still people like you that look at this as if it was all just a game. we're not fans of two rival sports teams.. this is real life..
yet some people are still stuck at this primitive level.. i have seen a guy talking about how "his" political party was not doing too well at the moment, but he says "imagine that you have a child that doesn't behave, what do you do? are you going to abandon him, or will you stick with him until the end no matter what?" comparing your blind allegiance towards a political party to a parent's dedication to his child.. that's the problem. people that say "i am a republican and my family has been loyal to the republican party for three generations".. really? you haven't had a single moment where you realized that the party you were blindly loyal to was wrong? i honestly don't understand some of you guys.. how can you be so excited about two stupid political parties.. and call yourselves a "member of the democratic party".. or a "member of the republican party".. are you really that simple-minded? it's like you're admitting that there is nothing beyond that, that you cannot come up with your own opinions based on what you know and what you have observed along the years.. it's insane.. it's like people are followers of a cult or something..
personally, i would literally feel ashamed of myself, i would feel dirty if i gave myself a label like that.. do you really need to feel validated by being a blind follower of a group that is larger than yourself? why do you need a bunch of old politicians, a bunch of mummies and fossils, telling you what to think? you can make up your opinions all by yourself, you don't need bill clinton, george bush, obama, or whatever other crooked politician implanting all kinds of garbage into your heads. open a book, and make up your own ideas..
</content></comment>
<comment><content>
No...she went along with the lie...believing it to be true. Well...she didn't REALLY believe it...I don't think many people really DID...but that's politics. And besides that...Bush would have done it ANYWAY. Do you really THINK he would have let a few democrats put the kabosh on his little foreign adventure? So why be branded an unpatriotic traitor by the republicans and STILL have it happen. Hello?
</content></comment>
<comment><content>
Oh, Paleeeeze...Look at how low you are going to defend Hillary...don't you have any pride? ...She didn't really believe it..."??? 
What, She just made believe!?!?!? 
Go play with your toys and behave yourself, Gary.
You must have studied Constitutional law under Donald Duck and barry...No POTUS can simply willy Nilly send troops off to invade another country. What an absolutely stupid thing to say; it just goes to show the level of dumb that infects the obamaite mind. They will say anything to defend their dear leader,no matter how dumb it sounds.
""...unpatriotic traitor"...Isn't that the term used by Comrad harry when he accused those who opposed obamacare as being such?? In fact, that seems to be poor old senile Comrad reid's fave epithet, He said the same thing concerning the TEAParty not long ago. Leave it to a RED to try to reverse the truth, it's their stock in trade.
</content></comment>
<comment><content>
Please explain this lie... seeing how WMD were found, you seem to be obtuse. Google Hillary, Kerry etc all who recognize WMD were there before we invaded.
Obama dropped the ball plain and simple. He can kill children in a coffee shop half way around the world but cannot lead. The world is laughing at us. Obama's legacy is nothing but death, scandal and misery like those dreamer children of his. 1 lie and promise after another , left unfulfilled. He's morally bankrupt.
</content></comment>
<comment><content>
We do not defend anyone...Our response is to the endless crap that you drones put out as though Obama was doing anything about anything...Obama is an abject failure by any measure as I am sure most of his supporters are in their own lives. Successful normal people do not suffer fools, nor do they tolerate lies, distortions and excuses for everything....
</content></comment>
<comment><content>
If you believe in a "liberal media" that's all I need to hear. You're clearly a nincompoop who cannot apply logic to any situation where your political tribalist ties are concerned.
Bush and his cronies (or was it the other way around?) lied us into the Iraq war and then profited from their war crimes and are now comfortably retired in a stable country. The fruits of their lies are that there never were any WMDs, Iraq is a cesspool of terrorism and a power vacuum in the Middle East. Put another way, the Iraq war accomplished NOTHING it was supposedly going to and EVERYTHING that it was said to be fought to prevent. Right wing authoritarians like you just aren't capable of recognizing irony.
</content></comment>
<comment><content>
NO ONE LIED... just keep throwing that word around and you will believe it...
What did Hussein use to kill a million Kurds?.... The WMDs were moved to Syria where they used them just recently to kill their own insurgence...
get a grip on reality...
</content></comment>
<comment><content>
LOL. It's a strange form of denial practiced by you whacked out 
wingnuts. Of course they lied, id*ot. There were no more WMDs and even 
if they were and had been moved to Syria as in your bizarro world, they 
would NO LONGER WORK. You see, those things would have to be 30+ years old! Duh. Besides that, none of the weapons recently 
used in Syria have been traced to Iraq - and in fact there is credible 
evidence to suggest that they were sourced to the Syrian insurgents via 
Turkey and U.S. governmental involvement.
</content></comment>
<comment><content>
1) My chemistry education. If Saddam had any more WMDs (and he didnt) sarin and the other gasses reputed to be in Saddam's arsenal simply decay over time.His weapons were created in the 70s and 80s and would now be over 35 years old. They would not work.
2) There were no more WMDs to begin with, so the
story about them being moved to Syria are revisionist history cooked up by right wingers on the Internet. This claim was never made by the Bush administration or backed by any of the EXTENSIVE surveillance that we had carried out on Iraq dating back to the 90s. It simply is not true.
3) Seymour Hersh (a well respected investigative
journalist) recently published an article which opens up the
contention/possibility that the US and NATO funneled chemical weapons to Syrian opposition via Turkey. Ill let you Google it for yourself.
</content></comment>
<comment><content>
Who lied? Mr. Clinton for 8 years pounded the WMD's in Iraq drum. Mrs. Clinton and John Kerry had access to EXACTLY the same intel reports, and came to the same conclusion as Bush, and voted for the authorization to use force.
When are you going to stop lying to yourself, and others, and pretending like you don't know these things?
I am a democrat, and you make us look like 1d1ots.
</content></comment>
<comment><content>
Ohhhh, Your nose is gonna' grow there tough guy....It was Bill Clinton that gave the contract to Halliburton and most of the other contractors, including Black Water.
The reason why I know this is because they talked about it on C-SPAN AM.
</content></comment>
<comment><content>
Nonsense...
There were satelite pictures that showed massive transport from suspected WMD sites in Iraq to Syria in the weeks before the war. The U.N. weapons inspectors documented that whole buildings that were utilized for Saddams nuclear weapons program disappeared in the last 2 weeks before the war.
Besides, just about all the intelligence agencies around the world agreed that Saddam STILL had WMD's. 
So calling it lies is both false and ignorant.
</content></comment>
<comment><content>
So Scott Ritter was a liar when he said the were no weapons. You neo con nazis distroyed his life and discredited him. You never even said you were sorry for not believing him. This is your war, pay your taxes dead beat.
</content></comment>
<comment><content>
"Bush and his cronies" shows Bias right there. That is a typical liberal trademark, republicans will just ignore what you have said. I do not care for either of these presidents.
</content></comment>
<comment><content>
Oh really? That's a very interesting interpretation given that I did not vote for Obama OR Bush. Yet from the use of the word "crony" (maybe you should look it up - you don't seem to understand its meaning) you can divine my Bias [sic] and my typical "liberal trademark". You're a hoot!
</content></comment>
<comment><content>
Correct...and that's why everything that stinks today is the fault of the mindless drones who voted for him in the first place and then were so enmeshed in their lemming like status, voted him in AGAIN, after failing so miserably the first four years. Look around sycophants, behold your work...how many dead in Afghanistan? Maybe you can count them as you drool on. 
Speaking of yahoos...anyone who voted for barry the second time should have their voter I.D. taken away. Oh, that's right the obamaites are afraid of IDs for voters...but not for Welfare and other Govt giveaways.
</content></comment>
<comment><content>
What is sickening about you deniers is you think its fashionable to ignore every shred of real evidence about the real cause and effects from the Bush days extending to now and you want to fabricate these BS stories about Obama.
This stuff has real world consequences. When the H are you people going to wake up and start looking at reality with clear eyes instead of through your hyper partisan lens. This EXACT scenario was predicted a decade ago when Bush NEEDLESSLY invaded Iraq based on lies. You enablers lapped up every little excuse and dismissed every damning bit of evidence that hinted at the irresponsibility of that move....going so far as to suggest anyone who dare question W was traitor.
Now you spin everything you can to ignore reality, deny cause and effect, and make up fantasies in your ridiculous zeal to malign Obama at any cost necessary.
</content></comment>
<comment><content>
Its George Washington fault for starting america anyway, if george Washington would not have ever been president and the 3% of the us population would have layed down their arms and not protested British rule then we would not be in this mess in the first place.
</content></comment>
<comment><content>
That makes absolutely no sense. Going into Iraq was an error because it inevitably led to this. Yet Bush isn't responsible and you're not responsible for cheering it on because Obama is president now. That's not "responsible" that's just you and Bush ignoring what you've done and pointing a finger at someone else. The gall of right wingers saying (not my fault) Obama about the guy who said this, "I know that an invasion of Iraq without a clear rationale and without strong international support will only fan the flames of the Middle East, and encourage the worst, rather than best, impulses of the Arab world, and strengthen the recruitment arm of al-Qaida. I am not opposed to all wars. I'm opposed to dumb wars."
While they themselves willingly cheered it on while denouncing the people who warned against it as being Un-American. It's beyond ridiculous. It's disgusting and shameful. Grow up someday. You're the ones who don't live up to being American.
</content></comment>
<comment><content>
Shhh....Gary, Who has been sending thousands of young Americans into Afghanistan for the past six years??/ And, Gary, Who was it that expanded the war in Afghanistan and kept it going up to the present? And Uh, Gary, How many young Americans that are alive today will be dead or mutilated in the months and years to come...the years left in the Obama term?? Perhaps one or more of your friends will be one of them; if so, please be sure to write a positive letter of thanks and support to your president!
Maybe by then this sham will be as it should be, all about flesh, bone, blood and young lives wasted; not some snarky game of titfor tat played by a bunch of snot nosed school children.
P.S. I couldn't care less about Nixon getting the heave ho. Perhaps someday, if you grow up you, will learn to stick with an issue and avoide cheap snarky remarks. You can if you learn to think and form ideas based on what YOU have learned, not on what you think is clevor.
</content></comment>
<comment><content>
wallaceboy - such pathetic, bankrupt reasoning. Do you really believe the garbage you're spewing out?? Obama never voted to go into Iraq. He was always against it. He inherited this misery from W, along with an economic depression. How can you possible blame this on Obama?? He had nothing to do with it. Whatever. Go back to Fox News..
</content></comment>
<comment><content>
...but,now that we all understand how the Bush admin "lied(sic) to get us into a war in Iraq, we have a president(sic) that has continued to send troops into harm's way for almost SIX YEARS- even though it's obvious to even the most ignorant of his lap dog disciples that it was all based on "lies"(sic).
</content></comment>
<comment><content>
Being a left wing drone is very boring... everything you are going to say is known, even before you say it. Notice how all of you drones are repeating everything that has already been said...Here let me give you a hot list so you don't forget anything....
GW Bush

Halliburton
Chaney
Iraq
FOX News
Limbaugh
Palin
Iraq
Lies
Lies
Lies
All Lies...
Why is everybody Always Pickin' On Me??
It was Bush (Update to It's Bush's fault)
Lies
Lies
Obama has accomplished little or nothing because of John Beynor and his eight Repubs.
Repubs are dumb and mental but they were able to stop the obamaites; forcing their dear leader to violate the law and the Constitution to a point where there are some whisperings of impeachment!!

Why is everybody pickin' on me?? I didn't send the troops into Afghanastan yesterday, it was Reagen...or maybe it was Nixon? Nooo, No, Oh, Yeah, It was Bush! He's sending move orders to the Pentagon from his ranch in Texas....via skype.
</content></comment>
<comment><content>
It's odd that you mention "sending other people's children to Iraq to die" while you don't seem to be so concerned over your dear leader sending "other people's kids to die" in Afghanistan EVERY DAY! Now, do you? How many will die this month...next month and the months after that??? Duh....

Five were killed last week...Who did you say was CIC??? Bush?

"...the mess Bush left us with." You are, of course, referring to the mess that barry-o and his nest of vipers have not only failed to correct, but, have made even worse, as todays news will confirm, yes?

At least Bush had a semblance of a coalition...we will be lucky if the world doesn't form a coalition and move against this country.
But then again, maybe then we could chase out the nesting vermin...
</content></comment>
<comment><content>
Those FIVE Americans who died last week were killed while Obama made speeches....Obama was in office, not Bush. This is Obama's war...he could have stopped it and did not...let him stand up and be a man, for once in his life.
Obama speaks of "No man left behind"...What a sick joke. I suppose that doesn't include the FOUR Americans whom he abandoned to die while he went to bed!!!
</content></comment>
<comment><content>
Bush is the worst president in America history CLEARLY. He destroyed iraq. Its ashame.. Ive met some Iraqis.. they are really nice people.. BUSH YOU ARE A WAR CRIMINAL! AND A TERRORIST!
</content></comment>
<comment><content>
And then while US troops and innocent civilians were still in harms way - bush brazenly taunted the insurgents to "BRING 'EM ON."
Tough words from a guy who didn't have to fight or die - only collect money from the war profits.
</content></comment>
<comment><content>
Now wait a minute. Bush WANTED to fight in Vietnam. He really did. But he just didn't have enough flying hours in. Of course he was AWOL for months at a time. So that COULD be why he didn't get his hours in. OOPS Never mind.
</content></comment>
<comment><content>
Yes indeed they did. In fact. I nearly amended my comment to reflect that. Tks. I remember being stunned long distance at that time. 
And it just made Bush's folly even worse...
</content></comment>
<comment><content>
He was selected by the powers that be, so he could finish his daddy's job of getting rid of Saddam and conquering Iraq. Man they wanted that OIL bad. Whatever the price, and boy did we and other nations pay it, in blood, sweat and tears and half our nations wealth, while all those that profited are sitting on their butts in the laps of luxury, still trying to run our country into another war, with their big mouths.
</content></comment>
<comment><content>
If someone handed you a bag of dung covered in scorpions and said, "you have all the time you need to turn this into a bucket of strawberries but we're going to oppose you in everything you try to do that whole time," who is to blame when there are no strawberries?
</content></comment>
<comment><content>
The terrorist group that is taking Iraq, is being indirectly supported by Obama because they're defeating terrorist groups in Syria, which Obama is supporting directly, and taking their money and weapons. This is Obama's fault.
</content></comment>
<comment><content>
Blame Obama? You are an idiot. As the saying goes, eggs cannot be unscrambled. So genius, how was Obama supposed to unscramble this mess? It is easier to point blame and complain then offer solutions. Not only that, is America God? Can we merely point a finger and say stop, and expect others to listen?
</content></comment>
<comment><content>
So you think you can destroy 5 thousand years of culture, decimate a people and destroy a nation and it can be fixed in six or eight years? I hate Obama as much as any Republican, but Bush is a war criminal who should be executed. Obama too. Clinton too. Cheney too. Rumsfeld too. Kerry too. McCain too.
</content></comment>
<comment><content>
Well said. I am a Marine veteran of the Iraq War, from getting us involved in the first place, to parting with the Geneva Convention on torture, this mess can only be blamed on the Bush administration.
</content></comment>
<comment><content>
Although I do not agree with Obama being a war criminal. That argument is better left to his use of drones; however, it is new technology, and the history of war has witnessed leaders misuse new technology.
</content></comment>
<comment><content>
Most all are just like you, blame someone else if you hate them. For the life of me I can't figure out why you hate Obama. I can see you disagreeing or disliking some one. Bush, Cheney and Rumsfeld are war criminals. McCain only glory was flying an airplane, crashed and was a prisoner. Never set a boot on the ground in war, Kerry did, nothing wrong with him. Clinton was a good president, for the people. Do you belong to one of our "homegrown" hate groups in the US. 2035 in the US, 57 in Texas alone.
</content></comment>
<comment><content>
He fought like hell to get it then started complaining and hasn't stopped yet. He is the only president of the US that has complained about the one who came before him. Bush has never spoke ill of Bill Clinton nor Obama but Obama can only take credit and shifts all the blame to Bush. There is a term for that mental disorder, look it up, megalomania.
</content></comment>
<comment><content>
Sure he did, all by himself, with no damn help. Bush had most of congress, and some of the American people, along with all our military, other nations military, they did conquer Iraq, they just destroyed it at Iraqi's and the United States and other countries expense. Tell me how one man can rebuild a nation, with 3/4ths of congress and part of the American people against him, when H had done nothing wrong, except win the Presidency, for whom many consider the wrong party. Though he won the presidency twice, 1/2 of congressmen and the 1% (88.9% of the wealth owners, corporations, warmongers, part of SCOTUS, who have the power, did not back him up to help clean up mess and all our losses. How about some of you find out how much money the big corporations made off the profits of war, paid to them by we the taxpayers of this by our government. Bush and Paulson, so that all of his friends got bailed out, before he left, but not our country. Obama didn't have much to work with, plus he doesn't hold the purse strings, and those who do obstructed all the things he tried to do, for the people and our country. Stuff it John Smith!
</content></comment>
<comment><content>
Evelyn , you are having a Hillary moment. Obama had the House and Senate for two years. He messed up in Iraq, a normal guy would be called out on the carpet for it, but he is above that, unlike Americans who work ten times harder. Either he is super naive or treacherous. He never really liked America or our troops all that much...or their sacrifices. I am sorry you made a mistake.
</content></comment>
<comment><content>
John Smith - I am not wrong and never have been wrong about Barack Obama, and what he had to work with. Nor have I ever been wrong about the "Village Idiot" from TX , his Daddy or the motley crew of his cohorts and the powerful corrupt bunch of oil people, who only wanted the oil and the power. They used our military to get there, both of the bushes, Gulf War in 1990. In 2000, Jr. was selected to go back and finish the job, his daddy didn't do, get rid of Saddam, before he could nationalize Iraq's oil. The drawing plans were on the table before 9/11 hit us. The bull that they told about WMD and telling the people and the young men they were fighting for our freedoms. In case you never did your research on the history of the Middle East. Britain,, France, and the US, with the big, rich and powerful oil companies have been sticking their nose in those countries business since the 1920's and trying to dominate the people and their country for their oil. All those countries, not just Iraq. All a bunch of greedy people. What you said about Obama, not liking America and our troops, shows your stupidity. He may be nave, but he doesn't have a treacherous bone in his body. But I know for a fact who does. Every GOP president and congressmen who has held office in the US government. You need to read real history, beginning in Europe throughout our world. The devastation caused by Spain, England, France, The Netherlands and Russia, and America. None of them were nice people and the United States has not been either.
I am old (87) and have followed history and politics all my life. If you want the truth, you can find it - the real truth about the great leaders of these nations. They were the worst enemies of their own people and people of other nations.
</content></comment>
<comment><content>
You should have been in the military during Clintons administration or Carters administration. You would have to have lived it to believe it but you have no idea what squander means.
</content></comment>
<comment><content>
You mean when he mismanaged the economy until housing mortgage rates were skirting 20%? Perhaps you are talking about how he run the military into the ground to the point they couldn't pull off the hostage rescue, planes not being able to make the trip due to failures, crews with such little air time they crashed into each other in the desert as they started their retreat. Of course the Iranians held him in such high regard they would never have released our hostages if Reagan had not been elected. He made it clear in no uncertain terms what he intended to do to Iran when he took office if they still held our embassy personnel. Our people left Iranian airspace within minutes of Reagan being sworn in. You know for most of his early life Reagan was a democrat only in later life after he gained more knowledge did he turn Republican.
</content></comment>
<comment><content>
Excuse me...but wasn't it Carter who 37 years ago encouraged us to conserve oil, use less of it and develop other forms of energy? I know...stupid idea huh?
As for Bush...so you honestly think that being hated and feared is a good thing? So much for YOUR grasp on reality and common sense I guess.
</content></comment>


</comments>
