<?xml version="1.0" encoding="UTF-8"?>
<doc id="Raw-Topic-41_01">
<new_source>
BBC
</new_source>

<date>
June 14,2014
</date>


<headline>
Iraq crisis, Where will ISIS attack next?
</headline>


<text>
<p>
US President Barack Obama has said he will take several days to decide what action to take over Iraq, but that no US troops will be deployed there.
</p>
<p>
Any US involvement "has to be joined by a serious and sincere effort by Iraq's leaders to set aside sectarian differences", he said.
</p>
<p>
In recent days Sunni insurgents have seized the cities of Mosul and Tikrit, and are moving closer to Baghdad.
</p>
<p>
Jim Muir gave his analysis on what ISIS's next move may be.
</p>

</text>



</doc>
