<?xml version="1.0" encoding="UTF-8"?>
<doc id="Raw-Topic-41_10">
<new_source>
BBC
</new_source>

<date>
June 16, 2014</date>


<headline>
Spain arrests eight in 'ISIS cell'
</headline>


<text>
<p>
Spanish police say they have detained eight people on suspicion of recruiting militants to fight in Syria and Iraq.
</p>
<p>
They suspect the cell of trying to send people to join the Islamic State in Iraq and the Levant (ISIS), a jihadist militant group.
</p>
<p>
Raids were carried out in Madrid in the early hours of Monday, officials say.
</p>
<p>
The cell's leader was once held at the US detention centre at Guantanamo Bay in Cuba after being arrested in Afghanistan, a statement said.
</p>
<p>
Unconfirmed reports in Spanish media named him as Lahcen Ikasrrien, a Moroccan national who was released on his return to Spain in 2005 for lack of evidence.
</p>
<p>
One of the seven other people arrested is believed to be from Spain. Another is from Argentina and the remaining five from Morocco.
</p>
<p>
Police were also reported to be hunting the brother of one of the Madrid bombers. Attacks carried by Islamist militants on four trains in March 2004 left 191 people dead and another 1,800 people hurt.
</p>
<p>
Spanish police have carried out a series of raids against suspected militants in recent months.
</p>
<p>
A number of people were arrested last month in Spain's north African enclave of Melilla on suspicion of trying to recruit fighters for Islamist militant groups in Libya and Mali.
</p>
<p>
Although Monday's arrests were not thought to be linked to potential domestic attacks, Spanish police are said to be stepping up security ahead of the proclamation of Prince Felipe as king later this week.
</p>
<p>
Spain is, however, concerned about the threat of "blowback" from the conflict in Syria and the Sunni rebel offensive led by ISIS in Iraq, which has led to the capture of a number of towns and cities.
</p>
<p>
At the weekend, a French national was detained by German police on suspicion of fighting for militants in Syria. He was arrested as he arrived in Berlin on a flight from Istanbul.
</p>
<p>
Belgian police investigating the murder of four people at the Jewish Museum in Brussels are seeking the extradition from France of a militant who spent a year fighting in Syria.
</p>
<p>
The Dutch government revealed on Monday that many Islamist fighters from the Netherlands had joined ISIS
</p>
</text>



</doc>
