<comments>
<topic id = "Raw-Topic-12" category = "5" />
<doc id="Raw-Topic-12_05" />
<comment>
<content>        
(At the risk of losing my recommends, answer: The Whelsh.)
Let's take this as a serious question. It seems to argue that if you cannot resolve "ownership" then neither side has a right to tell the other not to destroy what is in question. Is this even a logical question? After all, there is only one truly neutral response to not knowing who owns something, and that is to leave it alone. Killing it is a rather brutal way of insisting that you have the claim.
</content>
</comment>
<comment>
<content>
Great yes, it's the best question of all. Of course we all equally own the whales. Anyone who would wish to kill one should pay the rest of us for the right. This could be administered by the IWC. Then if people want to save the whales - they could buy them.
By the way, the logical extension to all this is that we all own the world and all its resources and should likewise get a share of the taxes raised through oil extraction, use of wind, air and water. Then benefits for the poor look like the present benefits for the rich - otherwise called rents.
There, we've provided a solution for most of the problems in the world. Define ownership and the solutions would follow.
</content>
</comment>
<comment>       
<content>        
If Japan is willing to hunt whales for food, what is the moral difference between whaling and any fishing? The argument should be about sustainability, not culturally insensitive outright bans (after all, if it's good enough for the Eskimos, what is the issue?)
</content>
</comment>
<comment>
<content>
We really need to get a grip on fishing as well.
In terms of the difference between the two cases, perhaps whaling is a more pressing problem because it seems easier to drive whales fully to distinction. But whether that is scientifically the case, I don't know.
Regarding the Eskimos, there is presumably a vast difference in the scale of activity?
</content>
</comment>
<comment>       
<content>        
No it's not good enough for the Eskimos - I assume they want to be part of the world of people. Life is dynamic and things are changing all the while - surely the Eskimos with their philosophy would understand this - or do they want to be ossified in the past.
Bans are what are required. Whales aren't fish, like horses aren't oysters. The moral argument is not devoid of context, rather it should embrace it. The fact that whales live for hundreds of years, in social groups, and have brains larger than ours should mean they are treated differently from fish.
But like Westy says, fish need our attention also, as many are under great threat of extinction.
</content>
</comment>
<comment>
<content>
Now we turn around and tell them it's all wrong. The Japanese fear that their fishing industry is next (quite rightly: fishing blue-fin tuna is close to sending the species extinct). And they point out that the US, fierce upholder of the 1983 moratorium, undermines its moral position by allowing indigenous Inuit to hunt bowhead whales in the Arctic.
This is because The Japanese are a developed western economy with a number of choices. The inuit hunting of whales is small scale, by a less developed community and absolutley essential to their survival. The USA currently holds no responsibility for the actions of either group, as both are made up of sensible adults
Contrary to popular belief, Eastern Nations are not childlike primitives who look to the West for moral guidance, they are also capable of understanding a change of heart. THey don't crave consistency in the way a small child does
</content>
</comment>
<comment>       
<content>        
Clearly a silver lining is no obstacle to focussing on clouds.
This sort of attitude begs the question of why bother making any improvements at all. It's simply not going to be good enough. So in this case, "thanks to the UN and to Australia for nothing!" is apparently the message and response to what is in fact good news.
</content>
</comment>
<comment>
<content>
A large amount of articles in the Guardian are based on focussing on clouds rather than silver linings.
Their defenders would argue it prevents people resting on their laurels, and maintains forward momentum for a cause.
I would argue that it just reads as a bunch of whining crap.
</content>
</comment>
<comment>       
<content>        
The arguement really should be about sustainability. What we need to question is the pros and cons of comercial whaling and fishing. There is no doubt that tuna is being driven to exstinction, should this not be banned from comercial fishing? What about cod which is also in the same position. In my opion an animal should not be hunted out of existence and I think this is really what needs to be focussed on.
</content>
</comment>
<comment>
<content>
One victory at a time.
This one is won - so move to next front.
Imagine if all wars were fought on all fronts at same moment and if one front was won first it was given back cause some people thought another front had priority.
</content>
</comment>
<comment>       
<content>        
Im not an expert by any strech of the imagination but allot of people would argue the over harvesting implications for tuna and cod are far more imminent than minke whale hunting. But people like whales more than tunas or cod.....
</content>
</comment>
<comment>
<content>
'Perhaps that's the message we need to take away from today's result: none of us can occupy the unsteady moral high ground without looking down into the depths.'
Couldn't agree more.
If only seeing this appalling treatment of whales would bring us to empathise and treat all animals more humanely. As said it is not only the Japanese harming whales...or any other animal for that matter.

Unfortunately our  love  of seeing certain animals and their travails does nothing to make us stop and think that perhaps we, the human animal, should treat all other animals with respect and regard.

We hoover up our oceans of 140/150 million tonnes of fish a year to use as food   25% used as feed for livestock.

On a yearly basis, 60 Billion animals are intensively reared as food.(  Most killed without stunning; as to those supposedly slaughtered  humanely  (oxymoron) this is wishful thinking. Watch undercover footage to see this myth.
Many enjoy shooting animals for  sport . Or watching them being baited for entertainment.
( Many enjoy seeing caged animals in zoos for so called  education   and   conservation .
( ( In much of the world animals are still used with brutality and ruthlessness as transport and to carry loads.
( ( In all wars animals are used as tools in these terrible conflicts.
Animals are used as research tools   burnt, poisoned and cut, driven mad, starved and tormented to find  cures  for human ills.
We poison them, hunt them, chase them, cage them, eat and wear them.
As we are the supposedly most intelligent of animals on earth, it is such a pity our own behaviour is still so base that we harm and ruin so many other animals lives and environments with so little thought.
</content>
</comment>
<comment>       
<content>        
I feel your pain.
If it may be of any consolation, try to look at us as being not different from other "dumb" beasts caught in a perpetual cycle of population boom and bust, innocently mindless and unable to attend to much beyond our immediate interests in food, shelter, and sex.
Don't let that thin veneer of human "intelligence" and "culture" fool you. As opposed to our astonishing technological advancement, our social development and moral progress have been slow and painful. We still have yet to learn how to extend kindness to a stranger, not to mention non-human animals, especially whenever our custom, convenience, or economic interest are threatened in any way.
So here lies my solution: In broadest sense there is - learn to love thy neighbor.
One day, I may even take on that advice myself.
Cheers
</content>
</comment>
<comment>
<content>
Well Brad, there are people like Phillip here who feel whales are cute and special. Some of these types of people even claim to be able to communicate with whales using a form of telepathy. It's quite remarkable.
But the answer to your question, Brad, is that it isn't any different at all.
You might even consider it to be far more humane than the killing of factory farmed animals.
</content>
</comment>
<comment>       
<content>        
That's an interesting take on it. Seriously though it is because they were almost hunted into extinction and given that there is little interest in whale meat it seems gratuitous to go back to the days of killing them. Of course the Japanese pro-whaling lobby might have you believe that they don't really want to kill many at all, which is, no doubt, true. But that's only because they are the part of a tiny number of countries still doing it, they think they are special and should be allowed to do it and don't really care if others do as well. They have just thumbed their noses at the international community and are quite proud of it and really don't care what anybody thinks of them or their behaviour.
</content>
</comment>
<comment>
<content>
Wherever did you get the notion that "Japan can't hunt whales anymore"?
Because Japan most certainly can. And will do so in the North Pacific in the near future under its JARPN II program which remains perfectly legal.
The court also set out guidelines for restructuring a future iteration of the JARPA program so as to bring it into compliance with Article III.
To claim that Japanese whaling is finished it a simple fallacy.
</content>
</comment>
<comment>       
<content>        
But what people want to know is "why"? The meat is so popular that tonnes of the stuff sits frozen in storage. When you take away most of the demand, there can be no scientific justification for their slaughter either, as investigating whether full commercial whaling will be possible is a non-starter. We're not controlling a pest here; the whaling is done as a tradition, albeit an inherited one with a short history by Japanese standards.
All humans do is mess with the general order of things, as we seemingly systematically remove apex predators from every ecosystem, either through hunting or destroying those ecosystems. Doing so without even ending up with a useful or desirable foodstuff, as is the case with whaling, at the end of it is just vandalism.
As it happens, hunting Minke whales is more sustainable than China's disgraceful hunger for shark fins or that country's lamentable traditional medicine culture that has driven tigers, rhinos and other magnificent animals to the brink of destruction. But, ultimately, there is no justification but for "tradition" for doing so. And "tradition" is the poorest, most closed-minded excuse for doing anything.
</content>
</comment>
<comment>
<content>
They aren't "utter basterds" to whales. They are just regular homo sapiens who wake up in the morning and ask themselves the qeustion, "How can I earn a living to feed my spouse and various children, and save enough to obtain an iPad, and pay my electricity, and water, and rents, and gasoline." (not usually in that order).
How do you answer those questions, Emekid?
These guys answer the question, "Hop on a boat and bring back something for which the market will pay Yen."
Is that so stupid?
Is that so evil?
They have their families to think about. Can't you see?
</content>
</comment>
<comment>       
<content>        
But whale meat has become a "speciality" food that I would imagine only a small proportion of (wealthy?) Japanese choose to eat. It would not take that much to stop this trade? Mind you - tell that to the Chinese and their seemingly incessant need for ivory. Not even food, but the traded in that still results in the needless slaughter of thousands another of our favourite large mammals. Where there's a buck to be made...
</content>
</comment>
<comment>
<content>
Who is going to enforce this ban on Japan?? It may be a good thing,but in this day and age with all of the current conflicts around the world can we afford yet another one.I do not support Japan at all on their so called whales for scientific research lies.This is a way for them to catch and sale whale meat at high prices and certain individuals making large sums of YEN at the whales expense!!!
</content>
</comment>
<comment>       
<content>        
Correct. It's government welfare programme for the marine industry. The whale slaughterers and bureaucrats are all living off tax payers' money.
The propaganda campaign in its favour, including the obligatory indoctrination of children, is coordinated by the power fisheries agency and is largely designed to sustain government funding for itself, rather than have anything to do with food or culture let along necessity.
If it has a cultural element, its the tradition of pork barrel funding for over employment which buys the LDP votes in rural districts.
However, ultimately the strongest argument against it is based animal welfare. If a business was to do to a horse or cow what they are doing to dolphins and whales, they would be shut down for cruelty overnight.
Sadly, Japan's adopt of animal welfare standards and animal rights is behind other otherwise equally developed nations and it is too much under the influence of the America model.
</content>
</comment>
<comment>
<content>
There are a couple of important factual errors and omissions in this piece.
Firstly, after WWII, the American supplied ageing whaling ships from their own fleet and, secondly, their primary interest was the whale oil for themselves, not feeding Japanese people. The extremely valuable whale oil went to the USA to be used in everything from military and space applications (from military submarines to intercontinental missiles and even Hubble), to automatic transmission produced by their automotive industry right up until the 70s brought about the banning.
In essence, the Americans were using the Japanese as cheap Asian labor to carry out an risky and unfavorable business. Since American violently forced Japan to open up to the West and modernize for the sake of its own whaling industry in the 1800s, until then, the USA was the commercial driving force behind it.
The second repeated and well worn myth is that Japan did not need "protein" after the war. It could produce perfectly adequate protein itself from traditional plant based sources. Before the Americans came, Japan (Edo) was very largely a sustainable plant-based society, and a near perfect model for the type of culture humanity will need to move back towards in order to survive this century.
After the war, it needed carbohydrates, not protein, as farming was decimated and the rice crops failed a number of times. Whales are a very inefficient source of carbohydrates, and whaling is an extremely absurd way to go about supplying them.
However, since that time, Japanese school children have been indoctrinated into believing the industry was "Japanese culture" through a coordinated propaganda program partly in favor of support the right wing political voter base in rural areas (which should be explained).
Whaling never was the traditional culture of all of Japan. Much of Japan revered the whale just as it is revered in the West now. The idea of it being a traditional culture of Japan is a modern construction brought about by the collusion of the whaling industry and government.
</content>
</comment>
<comment>       
<content>        
Save the Cats errrr sorry meant Save the Tigers
Save the Whales errrr I actually mean Save the Minke!
Wait a minute Minke whales do not need saving. Their numbers are around 600,000 and have increased thruout the years of Japanese harvesting.
Save the Minke except the Minke doesn't need saving. Precious rsources of time and money and attention are diverted to an animal that is safe not even vulnerable while many of our Australian avifauna are severely threatened.
This anti-whaling deception is Green neck tomfoolery. just more fundamentalism which is always anti-science. in this case obfuscating by use of term whale for the not threatened Minke
</content>
</comment>
<comment>
<content>
Even if Japan is now banned from whaling, it is only because the Japanese whalers refuse to comply with international regulations. Whaling will certainly continue in Norway, Iceland, and Faroe Island.
So anti-whaling groups should continue to fight to end whaling worldwide. While they are at it, they should fight to ban fishing and the killing of other animals too. Humans don't need to consume animals to have a long life anyway and just like whales, any animals that don't pose a threat to humans should be left alone. People who make animals suffer for a living then might as well find another hobby.
</content>
</comment>
<comment>       
<content>        
Humans are a pestilence. Sure the rich and priveleged are the worst for energy consumption, but sheer numbers are also not sustainable.
There will be a collapse. Successful fusion energy doesn't seem much more likely than before, concepts for storing energy from renewable sources exist, but the engineering is beyond our capability for now.
Worrying about this hunt for non-endagered whales seems irrelevant, and I would bet that many of the anti-whaling posters have pet cats which are not spayed.
Never much hear that population is the problem, it sure as hell is, and those behaving responsibly outside eastern Asia seem content to be replaced by imported fast breeders.
</content>
</comment>
<comment>
<content>
"worrying about this hunt for non-endangered whales seems irrelevant"
I agree we humans have effectively become a plague species, but I can be concerned about over population while trying to conserve animal species - it's hardly either/or.
Finding an accomodation with all the species that live on this planet is critical for our future - some of us see whales as a marker of whether we have the wherewithal to pass a threshold challenge. Who knows if we succeed with whales there might be hope this for many thousands of other species at risk this century
</content>
</comment>
<comment>       
<content>        
Don't be taking me wrongly, I not meaning either or, I have a very small footprint, but too many having giant ones.
Agreeing with all you saying. Whales, Blue, baleen, big ones need absolute protection, Killer whales, too, but many other species need protection, if you have time to glance at my other posts in this thread, I must be sleeping now.
</content>
</comment>
<comment>
<content>
Phillip,
a question for you regarding this bit ..
The Japanese fear that their fishing industry is next (quite rightly: fishing blue-fin tuna is close to sending the species extinct).
Could you explain why Australia increased it`s quota by 500 tons to a tad over 5000 tons for 2014 then?
Perhaps there is a difference in the Japanese catching non endagered minke whales and the Australians catching critically endangered.bluefin tuna?
tough one that really ..
</content>
</comment>
<comment>       
<content>        
Australia's increase in the BF tuna catch if true is a disgrace. So is Western Australia's current shark baiting scheme (designed to protect surfers :0 ) However, that does not mean Australia should not be applauded for their stance on the whales.
Two things are not mutually exclusive. The bluefin tuna AND the whales should be afforded protection. However with the current administration's attitude towards the environment, I don't see that changing any time soon.
But then where is the demand for bluefin tuna coming from??.almost all the demand is Japan where bluefin is being freeze stored en masse.
</content>
</comment>
<comment>
<content>
Simeone commented that the ruling gives Japan a face-saving way out of whaling... how come Norway and Iceland don't feel the need to save face and continue to flout the ban? Why is there no sanction for them? (Maybe there is, I don't know enough about it). Surely this ruling must be celebrated as a step in the right direction. Every human has a responsibility to damage the planet as little as possible: don't consume whale, tuna or anything that is endangered or endangers the environment... simple?!
</content>
</comment>
<comment>       
<content>        
Surely there should be more indignant Sea Shepherd/ Greenpeace campaigning there than against Japan which at least hides behind the veil of scientific research... I suppose there's no legal leverage if they haven't signed the moratorium.
</content>
</comment>
<comment>
<content>
Ehm, unfortunately exports are banned under IWC rules
Ehhhm - No, not at all, care to point out which rules?
You might be thinking of CITES - I think you`ll find that both Norway and Iceland have already exported whale meat to Japan - over 2000 tons of Fin whale and 5 tons of minke whale meat from Norway ( approx ) to date - all above board of course under CITES reservations etc.
shame really given that it doesn't actually affect the quotas as tonnes of blubber sits in storage in Norway,
Ehhm .. no, none at all in fact - Norway dumps the blubber at sea ...they used to have some blubber stored a few years back but thats all been destroyed now.
the meat gets eaten (yummy:).
Indeed, and indeed yummy :) I can point out a few delicious recipes for you if you like?
;)
</content>
</comment>
<comment>       
<content>        
Lets all congratulate ourselves....not.
There are plenty of creatures being slaughtered everyday, like rhinos and elephants that have had their tusks hacked off while they are still alive.
I won't be celebrating any victories until the last scum sucking poacher or wealthy businessperson that supports it, is murdered.
One Planet.
Let's share it in harmony with all.
</content>
</comment>
<comment>
<content>
Having reduced the Japanese nation to submission, the occupying Allied powers turned decommissioned Japanese vessels into whaling ships, and   with western observers aboard   were sent out to kill whales and use their meat to feed a starving nation.
Now we turn around and tell them it's all wrong.
The post war reconstruction of Japan, with massive western support, that saw it become the world's second largest economy meant they were no longer a starving nation and made whaling redundant with only the shaky notion of research to sustain it. Japan was given numerous opportunities to step away from whaling through diplomatic channels over many years and was quite intransigent about it.
</content>
</comment>
<comment>       
<content>        
The claim by the Japanese that the hunting of these wonderful creatures is a bunch of bull shit. There are no scientists aboard those ships and killing these animals is just for pure profiteering and nothing else.
The Japanese and the Icelandic must stop such a cruel and barbarous acts against these defenseless animals.
</content>
</comment>
<comment>
<content>
It's only a win for some people, and most likely a phyrric one.
Japan will almost certainly now conclude that the IWC, originally set up to regulate whaling for the benefit of whalers, has now been so thoroughly subverted by environmentalists and squeamish, irrational westerners as to be beyond repair.
They will probably walk away from it, as they are legally entitled to do under the treaty, and resume full commercial whaling with no regulation whatsoever.
Enjoy your 'victory'.
</content>
</comment>
<comment>       
<content>        
Your scenario is pretty unlikely. Japan isn't given to fits of pique and actions that would likely alienate it from the community of nations. Japan spends large sums subsidising the whale "research" and the ships they use are ageing. This in addition to the growing unpopularity of whaling and the lack of demand for whale meat in Japan itself makes it hard to see why they would tie their fortunes to a "must kill whales" strategy.
The research was essentially economic rather than scientific - specifically an effort to prove that commercial whaling is environmentally sustainable, but lack of demand on the consumer side has made the supply side of the equation irrelevant. More than 2,300 minke whales worth of meat are reported to currently be in storage,
</content>
</comment>
<comment>
<content>
Sea Shepherd will never ever go anywhere near Alaska, cause they are an American organization who loves America and wants to portray the USA as being among "the good guys", so that Americans gets racist against other countries where whales are hunted.
</content>
</comment>
<comment>       
<content>        
I think SS have already had an campaign against subsistence whaling in the USA...against the Makah tribe of Neah Bay - they hunted grey whales and were making a mockery of the 'subsistence whaling' clause by trying to set up export markets.
</content>
</comment>
<comment>
<content>
Personally, I don't understand why Japan insists on continuation of the minke whale hunt (harvest, killing, whatever you want to call it). Clearly, taking over 900 of these animals a year for "science and research" must be insulting everybody's intelligence. At the same time, it is only of marginal economic importance, so why bother with this activity? Even with my background in commercial fishing, I find it ridiculous and unnecessary.
That said, let me try to cast a light on at least one myth in this article.
"Many more whales and dolphins die each year through pollution, bycatch, ship-strike"...
I spent 15 years on commercial fishing boats, mostly on huge factory trawlers, operating in whale-rich waters(relatively speaking) of the North Pacific and the Bearing Sea. Not once have we caught a whale by mistake, or bycatch. Mind you, I worked with nets with opening large enough to engulf a football stadium, not just the pitch, but the stadium. Moreover, during this time, I have not even heard about any such event that was verifiable. The only whale I have ever seen in the net was a part of a dead, largely decomposed specimen, pulled up from the bottom. Killing whales in the process of other fishing is so rare, that frankly, should not even be mentioned in a serious discussion. It is conceivable for these animals to become wrapped up in massive drift nets, but this type of fishing is no longer allowed, and has not been for years now.
</content>
</comment>
<comment>       
<content>        
Thank you for mentioning this. I am so sick of the "ancient cultural practice" bollocks that gets bandied about on this issue.
This whole thing was about nationalism and access to fisheries in the Southern Ocean - full stop.
It has been infuriating to have well-meaning, hand-wringing cultural relativists with no education on this issue fretting about how we need to 'respect Japanese culture'. Aside from the fact that the Japanese only began whaling in earnest after the devastation of WWII, there is also the small detail that non-human species are not actually part of any human 'culture'.
They are not 'Japanese whales', for pity's sake, and I highly doubt that - if asked - they were agree to be slaughtered for the sake of pandering to misplaced cultural sensitivities.
</content>
</comment>
<comment>
<content>
At least they are making steps forward. Maybe small and maybe you find that there are more things to look at. But every change is step by step. You mentiont the fareo island wel have you been informed because sea shepard wil start it's campain this year.
I am so proud that people do something about it if it's saving marine life. Try to keep the forest. At least they stand for something and try to keep something on the earth as we destroy it! I don't get the sarcasm, most people do this..... just nothing only speak up about it.
</content>
</comment>
<comment>       
<content>        
Yes Australians support Sea Shepherd as well Tony Abbott and the LNP. It only 
proves ill informed citizens tend to make ill informed decisions. As to why Norway and other whaling nations have not been pursued with the same venom can be attributed to a desire to milk wartime and racial hatreds. It even led the Sea Shepherd captain, Paul Watson, to link the 2011 tsunami as divine punishment for Japan's marine indiscretions.(http://www.japanprobe.com/2011/03/14/paul-watson-tsunami-that-killed-hundreds-of-japanese-was-divine-punishment/). This whole exercise has wasted so much political and economic capital, that this decision is just another pyrric victory for a Green movement with little credibility as the world goes backwards on climate change.
</content>
</comment>
<comment>
<content>
The reason Norway has not been pursued in the same way is primarily due to the fact that Norwegian whaling is in Norwegian waters, on their own doorstep, not half way around the world in international waters in a designated sanctuary.
If Norway decided to send a fleet to the Antarctic I think they could expect the same treatment from Australia and SS as the Japanese got. The Norwegians however, will not do that as they do not have a factory ship, and at least have the half decency to stay in their own waters (not that I am condoning their whaling, far from it).
It has nothing to do with race. SS have operation in many parts of the world.
</content>
</comment>
<comment>       
<content>        
Why should it matter if they do it on their doorstep? They still kill whales and are left alone by Sea Shepherd because they are "WHITIES"- No money in mugging them. As I said the Sea Shepherd corporation has utilised hatreds against the Japanese to maximise returns!
Also the so called 50 million sq km "designated sanctuary" is only recognised by 23 out of 206 countries. Is this what you call a legitimate designation?
</content>
</comment>
<comment>
<content>
It's not that they haven't tried... Norway just actually challenged Sea Sheperd properly and Sea Sheperd ran away to the southern ocean where they could still get publicity without getting arrested... Will be interesting to see what they do now.
"Watson and Lisa Distefano[69] were charged with gross destruction of property.[70] Five years later Norway sentenced Watson and DiStefano, in absentia, to four months in prison. Watson was held in the Netherlands on a Norwegian-issued Interpol extradition notice, but after 80 days in detention the notice was denied."
http://en.wikipedia.org/wiki/Sea_Shepherd_Conservation_Society_operations#Norwegian_whaling_.281992.2C_1994.29
</content>
</comment>
<comment>       
<content>        
Yes it did. As did British, Dutch, Spanish and Portuguese whaling etc etc. It just shows that things can change for the better. Japan could if it chose become a real pioneer in cetacean conservation and tourism. It has beautiful coasts from where whale/dolphin watching/ study tours could be based.
It would still be making a profit from what it calls these 'marine resources' but in a much more benign and sustainable way.. and also much more profitable way too.
</content>
</comment>
<comment>
<content>
Too bad the only view I've had of the Japanese coasts are the views of the annual lure and slaughter of thousands of innocent dolphins in the bays of Japan. Not only shameful but brutally appalling. Savages.
</content>
</comment>
<comment>       
<content>        
Whatever you think of the Sea Shepherd campaigns in the Southern Ocean, if it were not for them then the Japanese whaling there would have received little publicity. People would not have been outraged and the Australian Government of Kevin Rudd would not have instigated the court case. So it can be argued that in fact Sea Shepherd have had a lot to do towards this.
</content>
</comment>
<comment>
<content>
When it comes to whaling, there really are two questions at work. The first can be answered scientifically if you have enough data, the second is much more subjective.
1. Is it sustainable to hunt whales? For some species, the obvious answer is no, but for others, based on the current catch rates which are still very small, we might be okay in hunting them at current levels without damaging the overall population. We often have insufficient population data, as it's usually very difficult to collect.
2. Is it humane to hunt whales? This is much more difficult. There are those that would advocate that killing any animal is inhumane, others would say it's no different from slaughtering a cow or sheep, and those that say we lack the techniques to kill whales humanely compared to other animals.
</content>
</comment>
<comment>       
<content>        
Are you people for REAL?? Sustainable?? Whales are not cattle!! The mere fact that we don't know how many there are is evidence enough. The fact that we don't see NEARLY as many as we did 100 years ago should be a clue. Humanely hunting whales?? What planet do you live on where you have whale farms?? Cows do not equal whales. Sheep do not equal whales. Cows equal domesticted animals. Sheep equal domesticated animals. Whales equal intelligent wild marine mammal . I cannot believe the ignorance of you people. Unless you have a whale farm you do not have the right to slaughte whales Do you have a whale farm??
</content>
</comment>
<comment>
<content>
Are you Brits really that callously ignorant? Can only wonder how much you're getting playing the clown where you work. I'll bet you're really contributing something so important to society that you're embarrassed to admit how you make money.
</content>
</comment>
<comment>       
<content>        
Anything living in the ocean is free game to anyone that wishes to kill for food because no one owns the ocean since it has been there before anyone of us were a twinkle in the eyes of our parents. Who can say you aren't allowed to hunt for food in the free ocean? No one! This is like telling other countries that no more chickens are to be slaughtered because they have the right to be fed and retire in their chicken coops.
</content>
</comment>
<comment>
<content>
And it is this attitude that has put the ocean ecosystems in such peril. Overfishing.. then blaming seals etc for the decline in fish numbers.. some shark species populations reduced by 90%, sea turtles all over the world under the threat if extinction, most whale species populations less than 10% the size they were 500 years ago,, coral reefs devastated by dynamite fishing, ocean beds wrecked by trawling....
Yes.. a free for all in the oceans.. that's they way to destroy the lot.
</content>
</comment>
<comment>       
<content>        
Are you for real?? The oceans are not "free." They are owned by the counties that border them. And what do chickens have to do with species that are on the edge of extinction?? Go back to cluck cluck school. You have a lot to learn grasshopper.
</content>
</comment>
<comment>
<content>
It's interesting that the Japanese call the minke whales 'cockroaches of the sea' because there are 1.5 million minke whales. In terms of relative concentrations, this is puzlling. There are 660 million cubic kilometres of Pacific Ocean (or 161.5 million square kilometres if you want to compare like with like) - to 1.5 million minke whales. That works out to approximately 107 square kilometres of ocean or 440 cubic kilometres of ocean, to each minke whale. By contrast, Japan has 127 million people to 378,000 square kilometres of land : about 3000 people to a square kilometre, very broadly.
Whose the 'cockroach'?
Also, since when does a whale and a cockroach share the same level of consciousness and sentient organisation?
There seems to be no fathomable depth to the ignorance of specieism in some cultures purporting to be advanced.
</content>
</comment>
<comment>       
<content>        
...if we judge the population to environmental area / volume ratio according to the true distribution of minke whales worldwide (then we would have to take the entire global human population into account), the figures might be different, but the Pacific / Japan caculation keeps it in cultural proportion.
A minke whale has nearly 13 billion neocortical neurons compared to 22 billion for a human. Hardly cockroach level! In terms of total number of neurons, a human has about 100 billion and a cockroach just under 1 million so a human has about a million times more neurons than a cockroach and less than twice more than a minke whale.
There isn't much 'science' in this 'scientific' whaling the Japanese have been doing for the last three decades since the IWC whaling ban with this sort of opinion being rife in the whaling community over there.
Unimpressive.
</content>
</comment>
<comment>
<content>
Not relevant - the reference was in relation to the population being sustainable for harvesting, not a matter of intelligence.
I like met, I don't really care if cows are considered dumb or smart.
</content>
</comment>
</comments>
