<comments>
<topic id = "Raw-Topic-12" category = "5" />
<doc id="Raw-Topic-12_06" />
<comment>
<content>        
I admire Japan for many things, however its insistance on whaling is difficult to fathom.
It's about independence and standing up to the world in a very unobtrusive way (unless of course you're a whale). By insisting on its right to hunt, kill and eat whales, Japan is subtly asserting its independence and that it won't be bossed about by the world on *everything*.
Not that I support whale hunting, by the way - I abhor it. But this is only partially about whales.
</content>
</comment>
<comment>
<content>
How unusual. Silence from the prolific spammer.
I'd say the ICR have already cut their bootlicking errand boy loose, and he's at the dole queue as we speak.
No more crumbs from the table for the servile lackey.
</content>
</comment>
<comment>       
<content>        
If Japan's best argument is that it is a forced attempt to impose Australian cultural norms on them, then that is a clear admission that it is a cultural issue, not scientific research or of conservation value. They've somewhat harpooned themselves in the foot on that one.
</content>
</comment>
<comment>
<content>
Japan never listened to Australia and I can't see them listening to the International Court which is in effect a Toothless Tiger. I agree with the sentiments but in reality Japan's attitude to Australia is just like the USA's attitude to Australia. Neither could give a damn
</content>
</comment>
<comment>       
<content>        
Culture probably influences science more often than one would like to admit. If culture influences how we see the world, it must also influence our investigation of the world.
</content>
</comment>
<comment>
<content>
About time too! "Scientific Whaling" is just a lame excuse to harvest whale meat. There are also some aboriginal people (including Norwegians, Faroe-islanders and Icelanders...) who have historic whaling traditions which they are loath to give up, and every effort should now be made that these also be brought into line with the rest of the world. I have to admit that following a business trip to Norway, I came back with a jolly little car-bumper sticker which showed happy spouting whales and said something incomprehensible in Norwegian. All my PC friends thought this meant "Save our Whales" - it actually said "I've been whaling..."
</content>
</comment>
<comment>       
<content>        
Whaling isn't a tradition in Iceland.
Whale meat was eaten throughout history, but it was only every beached animals because they lacked the boats to go after whales at sea. Commercial whaling only began in Iceland when the US, UK and Norway began hunting in Icelandic waters (having destroyed their own populations) and built processing plants there. In fact Iceland was the first country in the world to introduce a ban on whaling in the 1910s - it was later overturned.
Today whaling is run by two companies Hvalur H/F and Hrefnuveiimenn. But the good news is that even in Iceland they are very marginal organisations. The majority of Icelanders don't eat whale and recognise the benefits of a thriving whale watching industry. Sadly, whale meat is still widely sold to tourists in downtown Reykjavik restaurants as a 'traditional' food.
They have been trying to export whale meat to Japan and Norway, but not with noticeable success. There are hundreds of tonnes of whale meat piled up in freezers as the companies can't sell it even to the Japanese - a good amount of the meat is contaminated with mercury and heavy organic compounds that make it unfit for human consumption.
</content>
</comment>
<comment>
<content>
Good news, though what we need is an outright ban on whaling that Japan will comply with. At least there will hopefully be a sanctuary for whales in the Antarctic that the Japanese will leave alone.
</content>
</comment>
<comment>       
<content>        
Well, not quite. The large amounts at port, the government subsidies, the use in free school meals, the harsh taste on the Japanese palate - these are not signs of an actual culture being supported, but a fictional one being imposed.
If an actual culture existed, I might be inclined to sympathy. But trying to create a culture (and, btw, failing) in a bid to elicit sympathy over the needs of said culture... no. If you can synthesize a culture of your choice (and nobody has actually succeeded, except maybe L Ron Hubbard), why synthesize one that is unsustainable, of no known benefit and is highly retrograde? The correct choice, if going down the road of artificial culture, is surely to make one that is invigorating, builds upon actual Japanese strengths and worth glorying in. Why bother hankering for a time that never existed and glory that never was? Wild West fanatics do that in the US and cause no end of trouble - and death. Why replicate a formula that is a proven failure?
I don't know what the Japanese honour code, if it even exists today, has to say about lying and breaking oath, but if such things are indeed disapproved of, the government cannot succeed in synthesizing an imagined past. Why would anyone want a culture that the 1% don't even want themselves? Why are the serfs the ones to "benefit"?
</content>
</comment>
<comment>
<content>
I've got to say, I wonder why there is such a focus on the Japanese when it comes to whaling, as opposed to the other countries who do it.
A lot of other countries have whaling programs (in my own country, Canada, it's a controversial part of the native culture) but I don't see Sea Shepherds and others screaming semi-racist epithets about those countries.
</content>
</comment>
<comment>       
<content>        
Really? Not so sure about that. Given some of the comments on this thread, I'd say it's at least partly a racist thing. Not that I'm an advocate of whaling - just saying.
I would have thought if anything, it was to do with numbers. Although doesn't Norway kill as many as Japan?
</content>
</comment>
<comment>
<content>
It's a complete double standard wherever you go. Some Chinese want tiger bone and rhino horn for traditional medicine but kill one of their pandas for its body and you'll be condemned. Similarly, some rich Americans hunt elephants and lions in Africa for sport but if you shoot a bald eagle, you go to prison.
</content>
</comment>
<comment>       
<content>        
Probably not. Whaling isn't profitable anymore, people don't want to eat the meat; it's laden with heavy metals and other toxic chemicals. In a way the Japanese government may have been waiting for this bit of "gaiatsu" to be able to walk away from offshore whaling without facing criticism at home from the far right.
</content>
</comment>
<comment>
<content>
Good idea: yes, I bet some members of the Japanese government are secretly hoping that the ICJ action gives the administration a reason to finally stop whaling: the killing (and research) is a waste of money, the stocks of unsold whale meat are huge, and it's bad for Japan's image.
</content>
</comment>
<comment>       
<content>        
It was about time that Japans rape of Southern Hemisphere marine resources was halted by someone. Lets hope this is just the beginning of the end for Japans corrupt, criminal practices regarding whales and fisheries.
</content>
</comment>
<comment>
<content>
Yes, the rape of ocean marine resources, and by various countries (not just Japan), is THE big problem. But the specific rape of Southern Hemisphere large whale resources was by Britain's Lever Brothers (now part of Unilever) during the early part of the twentieth century: the large whales of the Antarctic became margarine during some years when there was not enough butter in Britain and its colonies.
</content>
</comment>
<comment>       
<content>        
I have frequently seen Minke in the waters off the island where I live.
They are amazingly intelligent and curious creatures. They come alongside, keeping parallel with our course; lay on their side to better see us: blow then, after a few minutes, slide away: curiosity satisfied.
Packs of dolphins behave in a similar way.
How anyone could possibly want to kill such magnificent creatures is beyond me.
Well done Australia and WDC.
</content>
</comment>
<comment>
<content>
VICTORY! Congratulation to Australia for taking the Japanese Poachers to court. And a very special thank you to Paul Watson and Sea Shepherd who never gave up on the whales (unlike Greenpeace).
Even though the Japanese still kill whales in the north Pacific (and of course the kidnapping and slaughter of thousands of dolphins in coastal towns still continues), this is a huge slap in the face to their self imposed right to kill these wonderful sentient and highly intelligent creatures of the sea.
</content>
</comment>
<comment>       
<content>        
Sea Shepherd has kept this massacre in the spotlight by continuously physically challenging the poachers and saving whale lives.
They played no small part in pressuring the then Australian government to take Japan to court.
You know this is true but would never admit it.
</content>
</comment>
<comment>
<content>
Apparently Russia has not been expelled from the G8: the G8 has simply been temporarily suspended. Perhaps you could motion for a temporary suspension of the G7, and have a G6 come together without Japan.
</content>
</comment>
<comment>       
<content>        
Congratulations Captain Paul Watson and all at Sea Shepherd Conservation Society across the world especially those in Australia. And a big thank you to the Australian Government for pursuing the case against Japan - a country that hounded Captain Paul Watson...here is a link on what Watson has to say about his time as an eco exile..http://liveencounters.net/?page_id=5210
</content>
</comment>
<comment>
<content>
The poor old Japanese. They have been carrying out good work for decade - in the interest of all. They can, and they should, publish the outcome of their scientific research which will surely result in universal agreement that they continue to hunt down whales
</content>
</comment>
<comment>       
<content>        
Hardly a surprise given it was a open secret (so to speak) that everyone knew the Japanese like eating the whales!
Well done the ICJ , Australia and Greenpeace et al for pushing this through.
Whether Japan will take any notice is another matter sadly!
Now for the 50 mile drag nets the Japan use to vacuum the Pacific.
The tuna will be gone soon at this rate !
</content>
</comment>
<comment>
<content>
"it's in the article even"
So is this
"The sale of meat from the hunts in restaurants and supermarkets, while
not illegal, prompted accusations from Australia and other anti-whaling nations that Japan was cloaking a commercial operation "in the lab coat of science".!
If they did not sell it, they would hunt them.
</content>
</comment>
<comment>       
<content>        
I suppose the Japanese don't like the fact that we hypocritically criticise their treatment of whales when we treat other animals so cruelly. A comparable paradigm is a man who loves his dog and walks it every Sunday, whilst stopping off at McDonalds for a Big Mac. Maybe if the western world (and include Australia in that) gets its own house in order, then our criticism won t be viewed with such distain. For the record, I do not support the Japanese in their barbaric slaughter of whales, but I think we at least have to meet them half way on the argument and look at ourselves and our own cruel practises.
</content>
</comment>
<comment>
<content>
I agree there is some hypocrisy involved. I can see the need to protect endangered species but otherwise, though whales are intelligent, sensitive creatures, so are pigs, and we seem to have no problem with them being slaughtered by the million.
</content>
</comment>
<comment>       
<content>        
Fuck me!
A subject to do with animal rights and the environment and Australia and for once, I feel very proud.
And yes, thank you so much everyone involved with Sea Shepherd for fighting a great fight and keeping the limelight focused on this revolting practice.
</content>
</comment>
<comment>
<content>
They could put some of this "scientific" curiosity (which in reality was let's see how nice these taste) to work around their coast, counting the number of heads per fish or how brightly they glow. That Cherenkov radiation is quite a fetching blue colour, mind you I'm quite sure they wont be so keen to taste the "research" this time.
Give it a few years of accelerated mutation and they can ask the fish how they feel directly.
</content>
</comment>
<comment>       
<content>        
The nub of the issue is that the Japanese choose to travel over 10,000km, all the way to the Southern Ocean to conduct their unnecessary slaughter of whales under the false premise of scientific research.
21'st century guys, where is the efficiency the Japanese are renowned for? Why do you need travel such vast distances to fire an explosive harpoon into a magnificent and intelligent mammal, drag it threshing through the waters, writhing in agony, eventually drowning it, before dragging it onto a vessel to be neatly sliced-up, frozen and shipped all the way back, to be sold as meat to a diminishing market?
The same tests could just as easily be done with a tiny pinprick to obtain a minuscule sample of flesh without killing the creature, to achieve the same result, minus of course the meat.
The claim it is also traditional doesn't wash either because traditional Japanese whalers would never have been able to reach the Southern Ocean and just because something is traditional doesn't mean we need to keep doing it, after all, people owned slaves around 150 years ago - not any more.
</content>
</comment>
<comment>
<content>
The other reason why Japanese killing of whales is 'scientific research' is this: if killing whales were a purely commercial business, whale meat might be too expensive, so the companies undertaking the killing would fold. 'Scientific research' means that the killing of whales is being subsidised by Japanese taxpayers (just as military expenditure is subsidised by US taxpayers), also by those Japanese who want nothing to do with whale killing never mind whale eating. No wonder Japan has large debt.
</content>
</comment>
<comment>       
<content>        
What I've read about the 'research' implied that they needed the ovaries of the females, and parts of the ear, in order to establish age. By doing this with enough whales, they could, um, work out, um, how many whales were left. Or something.
Obviously if you DO need those parts for valid research, then the whole animal has to die, and Japan has been obliged to not 'waste' the rest of the animal in its agreements. Voila - whale meat.
</content>
</comment>
<comment>
<content>
This is fantastic news! However I feel that Australia should start looking at themselves and their own misguided practices. I've an image of a shark killing vessel (possibly with corks hanging from it) shouting at a whaling vessel (with a stereotypical Japanese thing hanging from it)
</content>
</comment>
<comment>       
<content>        
Absolutely. Australians need to step up their opposition to the shark cull and continue to protest and lobby their local members.
Oh course the phrase there is 'step up'. Beyond the two people who work for Greenpeace in Japan, I doubt anyone else in Japan will have any new-found spare time to assist.
</content>
</comment>
</comments>
