<comments>
<topic id = "Raw-Topic-12" category = "5" />
<doc id="Raw-Topic-12_07" />
<comment>
<content>        
Not for scientific purposes? Huh. Who knew...

It remains to be seen whether Japan will simply withdraw from the whaling commission and continue to pander to its political and economic interests. The slaughter of mammals worldwide continues. Elephants in particular remain dependent on changes of attitudes and hearts among the most dangerous mammals on earth: we humans. Until humans evolve beyond our current fixation on individual self-interest (the economic aspect of which is capitalism and the political aspect of which is our current plutocracy), we remain on the endangered species list, but unlike other endangered species we will doubtless take out most of the other animals and plants on the planet with us when we go.
</content>
</comment>
<comment>
<content>
The Japanese seem to be mainly hunting Minke whales, which are relatively abundant, not endangered, and hunted by several other nations. Objections to Japanese whaling seem to rather be along the lines that people shouldn't hunt whales for food, but that's easy for us to say since we don't eat whale as a cultural matter. What if we were the only nation that ate tuna, and a bunch of other nations banded together to ban tuna fishing for no adequate tuna-protection reason but just to stop us from eating it? Probably our dander would also be up. If you don't want to eat whale, don't eat it (I don't and haven't), but it's sort of chauvinistic to demand that no one else eat it either in the absence of a compelling conservation rationale.
</content>
</comment>
<comment>       
<content>        
Japan and all other environmentally conscious nations should withdraw from the whaling commission. This commission was setup by nations that hunts whale to extinction for oil and industrial materials in the 18, 19 and 20th century and continues to pollute the oceans. Japan hunts a few hundred whales a year for consumption while nations such as Australia and US ram thousands of whales with their high speed catamaran patrol crafts and ferries.
</content>
</comment>
<comment>
<content>
The ruling of the International Court was in response to a case brought by the Government of Australia and supported by New Zealand, that argued that the Government of Japan was in violation of the International Convention for the Regulation of Whaling. Nothing to do with Sea Shepherd, just international law playing out as it should. The Government of Japan now must abide by the ruling (as it has it indicated it will do) because it agreed to the moratorium on commercial whaling passed by the IWC in 1982. Japan had been using conducting what was clearly commercial whaling under the guise of science. And now the International Court has agreed with Australia and New Zealand that these whales are being killed for commercial purposes and not for science. Period. End of story. A great day for whales, international jurisprudence and a civilized approach to settling contentious debates.
</content>
</comment>
<comment>       
<content>        
It would be helpful if the article was more articulate about WHY the court had the authority to make this ruling. It stems from 1994 international agreements by 24 countries that designated the Antarctic a whale sanctuary. There was a backdoor loophole allowing limited whale kills for research. This was exploited most by the Japanese, who harpooned thousands and thousands of whales in the Antartic before packaging them for food. The court correctly ruled that since the Japanese were exploiting the research loophole to cover for commercial whaling, they would not be issued any more permits.

The U.N. is not going to tell you that you can't eat lobster or fish (or beef). The Australian government should be applauded, as should the Sea Shephard Conservation Society  and  Sea Shephard Australia. Their aggressive interventions and successful media campaigns (including the "Whale Wars" television show) undoubtedly helped to create the pressure needed for this ruling to be handed down. It's too bad that the Japanese government, who spent $30 million to support the whaling after the nuclear accident, we're not able to do this own.
</content>
</comment>
<comment>
<content>
Dear Mr. Burton,
I agree with you entirely about the importance of not killing whales, but David is quite correct, whale meat is not important in current Japanese cuisine. It did used to be fancy, gourmet stuff, but it's not well liked or commonly eaten now. It's available in supermarkets but it's a sort of staple food that few people choose, like 'olive loaf' here (really awful sandwich meat). So Japan truly has no excuse to keep whaling.
</content>
</comment>
<comment>       
<content>        
It would be helpful if the article was more articulate about WHY the court had the authority to make this ruling. It stems from 1994 international agreements by 24 countries that designated the Antarctic a whale sanctuary. There was a backdoor loophole allowing limited whale kills for research. This was exploited most by the Japanese, who harpooned thousands and thousands of whales in the Antartic before packaging them for food. The court correctly ruled that since the Japanese were exploiting the research loophole to cover for commercial whaling, they would not be issued any more permits.

The U.N. is not going to tell you that you can't eat lobster or fish (or beef). The Australian government should be applauded, as should the Sea Shephard Conservation Society  and  Sea Shephard Australia. Their aggressive interventions and successful media campaigns (including the "Whale Wars" television show) undoubtedly helped to create the pressure needed for this ruling to be handed down. It's too bad that the Japanese government, who spent $30 million to support the whaling after the nuclear accident, we're not able to do this own.
</content>
</comment>
<comment>
<content>
The ruling of the International Court was in response to a case brought by the Government of Australia and supported by New Zealand, that argued that the Government of Japan was in violation of the International Convention for the Regulation of Whaling. Nothing to do with Sea Shepherd, just international law playing out as it should. The Government of Japan now must abide by the ruling (as it has it indicated it will do) because it agreed to the moratorium on commercial whaling passed by the IWC in 1982. Japan had been using conducting what was clearly commercial whaling under the guise of science. And now the International Court has agreed with Australia and New Zealand that these whales are being killed for commercial purposes and not for science. Period. End of story. A great day for whales, international jurisprudence and a civilized approach to settling contentious debates.
</content>
</comment>
<comment>       
<content>        
Japan and all other environmentally conscious nations should withdraw from the whaling commission. This commission was setup by nations that hunts whale to extinction for oil and industrial materials in the 18, 19 and 20th century and continues to pollute the oceans. Japan hunts a few hundred whales a year for consumption while nations such as Australia and US ram thousands of whales with their high speed catamaran patrol crafts and ferries.
</content>
</comment>
<comment>
<content>
The Japanese seem to be mainly hunting Minke whales, which are relatively abundant, not endangered, and hunted by several other nations. Objections to Japanese whaling seem to rather be along the lines that people shouldn't hunt whales for food, but that's easy for us to say since we don't eat whale as a cultural matter. What if we were the only nation that ate tuna, and a bunch of other nations banded together to ban tuna fishing for no adequate tuna-protection reason but just to stop us from eating it? Probably our dander would also be up. If you don't want to eat whale, don't eat it (I don't and haven't), but it's sort of chauvinistic to demand that no one else eat it either in the absence of a compelling conservation rationale.
</content>
</comment>
<comment>       
<content>        
It remains to be seen whether Japan will simply withdraw from the whaling commission and continue to pander to its political and economic interests. The slaughter of mammals worldwide continues. Elephants in particular remain dependent on changes of attitudes and hearts among the most dangerous mammals on earth: we humans. Until humans evolve beyond our current fixation on individual self-interest (the economic aspect of which is capitalism and the political aspect of which is our current plutocracy), we remain on the endangered species list, but unlike other endangered species we will doubtless take out most of the other animals and plants on the planet with us when we go.
</content>
</comment>
</comments>
