<comments>
<topic id = "Raw-Topic-12" category = "5" />
<doc id="Raw-Topic-12_01" />
<comment>
<content>        
Unfortunately for the Whales, this is a hollow victory. Japan just needs to revise it's plan or in the alternative ignore the U.N.

Just like the U.N. just voted not recognize Russia annexing Crimea. The UN is a Dog and Pony Show. Period!
</content>
</comment>
<comment>
<content>
Finally!!! A comment related to other than CNN's weird deletion practices.
I highly suspect that the Japanese will very politely ignore this ban on whaling. And, the U.N. will show itself, as you intimated, to be a toothless creature.
</content>
</comment>
<comment>       
<content>        
No not the Constitutional right, but as a news agency one would think that CNN would respect and value the free exchange of thoughts and ideas. Simple minds seem to regard legal rights as the maximum rights of humanity rather than the minimum.
</content>
</comment>
<comment>
<content>
I think CNN should and has a right to remove foul language or trolls .

This is not the place for it. There are forums and such but not here.

It makes it a better experience for customers like me and just about everyone else.
</content>
</comment>
<comment>       
<content>        
i get the same type of comments deleted all the time that have no foul language yet someone will reply with just an insult and that comment will stay up you cant even say zinist(know its spelled wrong only way the filter will allow it)
</content>
</comment>
<comment>
<content>
Bella, I agree totally. Sorry, but I also want to comment to GB..in case he's still following, and whose innocuous comment was deleted (see below). GB wrote: "Do they notify you they're deleted or just do it on the quiet- Obama style."
My reply: I have been simply "disappeared", as have you.
</content>
</comment>
<comment>       
<content>        
No! It is definitely a "what you say" determination. But, it's funny, because it is very inconsistent. Why would you suggest I suffer from paranoia? The bottom line is I don't care what CNN, you , or anybody else thinks, or posts. When the posts are insightful..whether you or I agree...and done tastefully, why delete them?
</content>
</comment>
<comment>
<content>
Ive had quite a few of my posting deleted, and I am seeing that others have been posting their comments are also being deleted. A difference of opinion, shouldn't be a reason to not allow someone to express their thoughts or views.
</content>
</comment>
<comment>       
<content>        
i get the same type of comments deleted all the time that have no foul language yet someone will reply with just an insult and that comment will stay up you used to not be able to say zionist even they had it filtered
</content>
</comment>
<comment>
<content>
The time has come when all of us are having our posts deleted without explanation and/or obvious reason. It seems the censors are now out of control. But we are helpless to do anything about it, are we not?
</content>
</comment>
<comment>       
<content>        
At the same time, who cares what anyone thinks and that is the nature of the problem. If they open themselves up to comments, they shouldn't be so quick to delete them. If fowl language is a problem, these can be handled by a filter which can easily sort of obvious misspelling of those terms as easily as real spellings.
</content>
</comment>
<comment>
<content>
well since its a private business and the point of a business is to make money ... why would you want to annoy or offend your customers.. If you want a public forum go to one .

It says CNN.com. They pay for this , they own it, their investors own it , its theirs to do what they want with it. Why should you even matter ? Who are you to tell them what to do ? When you and the rest of the trolls start paying the millions of dollars needed for the content and distribution of this website then you can make the rules. This is not some debate website. This is CNN news website. they can do whatever they want with their site.
</content>
</comment>
<comment>       
<content>        
I think foul language should be filtered. But your definition of what a troll might be, may just be someone expressing an opinion that you dont find popular. I always thought the idea of these comments section was for a nice open debate about the topic at hand.
</content>
</comment>
<comment>
<content>
They remove what they don't agree with, not just foul language and trolls. They sure don't mind people bashing conservatives and christians , but if you bash liberals or are pro gun etc. They will delete you. You must be new to this site
</content>
</comment>
<comment>       
<content>        
You have got to be kidding me. They've been removing everything that's even remotely liberal for over a year now. I suggest you look again and examine the words you choose which have been deleted. Because I'm willing to bet there was some name calling or statements that could be construed as hateful, or bigoted towards people who differ from yourself, contained in there.

CNN has moved so far right since getting in bed with the oil and natural gas companies it's not even funny. I believe you've failed to distinguish "moderate" from "liberal", because I assure you they've done their best to make this a liberal free zone.
</content>
</comment>
<comment>
<content>
well its their website. Do you think people should come into your home and tell you what to do or not do in your own home ? Well this is theirs and they can do whatever they want , why should you tell them what to do ?
</content>
</comment>
<comment>       
<content>        
Yeah the problem is most of the messages they remove don't contain any foul language. Plus the idea of what makes a "troll" has become far to subjective, many people see any opinion that differs from their own as trolling.

I respect any entities right to remove statements that are racist, bigoted, filled with hate, or overly obscene. But that's not what CNN does. They've taken to removing anything that doesn't fall in line with their own corporate agenda or that of their advertisers.

For example, back in October the mods were removing almost every positive comment in defense of the aca, and it wasn't isolated. They literally removed thousands of comments that spoke positively about the new healthcare law, along with any discussion containing the word socialism, regarding the areas of public policy where this country has been surpassed by most of the industrialized world.

They do it all the time when the subject concerns climate change and the environment by removing comments containing non confrontational, factual, scientific information. And they do so in favor of comments from people who are so blinded by far right propaganda that they can't see their own hand two inches in front of their face. Which I suspect has something to do with the fact that oil and natural gas companies are some of cnn's biggest advertisers.

Same goes with religion. People can't even participate in an honest debate where no profanity is being used, that the corporate agenda doesn't swoop in and delete anything that comes from well educated and knowledgeable people.

The problem isn't that they moderate their message boards, the problem is they remove opinions that differ from those of the corporate hacks in charge of the company. They've just taken it way to far. However I suspect that eventually another outlet is going to realize there's a story here and CNN is going to be publicly humiliated by the sheer amount of information they've chosen to suppress.
</content>
</comment>
<comment>
<content>
yeah but its their website so who cares ? If you dont like it .. move on . CNN is not a democracy its a private institution if you do not like their terms of service you do not have to be here.

Seems childish to complain ...don't you think ? Really ? I mean there are a million news sites online , I am sure you can find one that share the same values as you. This site is really not made for debating .. its to read the news. If you have something to comment about the article then fine. But your comment is to push an agenda well then it probably wont stay up .
</content>
</comment>
<comment>       
<content>        
yeah but its their website so who cares ? If you dont like it .. move on . CNN is not a democracy its a private institution if you do not like their terms of service you do not have to be here.

Seems childish to complain ...don't you think ? Really ? I mean there are a million news sites online , I am sure you can find one that share the same values as you. This site is really not made for debating .. its to read the news. If you have something to comment about the article then fine. But your comment is to push an agenda well then it probably wont stay up .
</content>
</comment>
<comment>
<content>
disqus is a plugin / program for websites , Disqus does not run the comment section it is just a program you can buy to use to admin your comment section .

CNN controls all aspects of Disqus on their website: from all administration settings, to moderating comments, etc, etc.

Disqus is not CNN but all the content belongs to CNN , DIsqus does not run CNN comment section , it is only a program that CNN bought to use on their site.

Just like you might use Microsoft Office to create your work files. You are in charge. Microsoft has no control of your office files.

what in the world are you babbling about ?
</content>
</comment>
<comment>       
<content>        
So were you a customer? Did you buy something, or are you simply implying your privilege (rights) to not patronize cnn sponsors. Well, WE ALL HAVE THAT RIGHT..... I don't click on any cnn advertisements. Stupid human that you are, simply assuming you have ANY rights. Go live in Afganistan for the next 20 years and see how your rights are revealed to you.
</content>
</comment>
<comment>
<content>
First, CNN doesn't monitor the comments, it's discus. CNN doesn't want to have all the negative attacks, etc. It's why they contract with outside agency. Second, it's the people reading and commenting that flag comments which is then assessed by monitors. If there is language or content that is offensive AND not on subject, and there are copious 'flags' they may delete. Third, there are some who "flash" news sites and leave inane comments, flag replies that are not in line with their politics or show them up by pointing out their false, misleading and ignorant posts. Fourth, if you were to watch, you would see they seem to have some kind of enemies list because they will jump on any and all comments by specific people. I was curious myself, so I asked CNN and much of this comes from their rep. All very childish. (BTW...these flash mobs are primarily far-right) Just thought this all might interest people.
</content>
</comment>
<comment>       
<content>        
Your response has no connection to my post. I didn't indicate that I agreed with policy, only informed on what I found out by doing some checking. I didn't have an agenda, just curiosity. So, perhaps you can read my original post without your own agenda and apologize. Like that EVER happens. Have a calm day!
</content>
</comment>
<comment>
<content>
I agree, the only comments I've had deleted on any site has been from "CNN". Maybe I am not realizing how the context of my posts are coming across. But it seems very odd, that my post on here are regularly being deleted.
</content>
</comment>
<comment>       
<content>        
Yeah. It's censorship. And because CNN broadcasts across public airwaves it's a violation of free speech. To be honest, I'm amazed I can even post here again. Because there was a month or so where I couldn't. I couldn't even post "CNN is awesome" and get it past a moderator. Typical left-wing mainstream media "tolerance".
</content>
</comment>
<comment>
<content>
I'm not talking about posts being deleted after being posted. I'm talking about comments being "moderated" and never posted to start with. That's what the facts show ME. So CNN does censor content. Period.
</content>
</comment>
<comment>       
<content>        
You believed a CNN "rep"? You asked the censors why they censor and expected to get a straight answer? That's funny. It's pretty strange how negative attacks by liberals against conservatives seem to breeze right by the censors and "monitors". But then again, conservatives tend to be a little thicker-skinned and don't run to push the FLAG button at the drop of a hat, either.
</content>
</comment>
<comment>
<content>
I didn't just use one source, so there goes your rebuttal on that. Studies, including one commissioned by FOX showed that the right is angrier, more aggressive and far more negative than any moderate or liberal. I am more apt to be liberal in my beliefs and wishes (I prefer knowing children, etc., have healthcare that will save lives. Find it ironic that loudest and nastiest comments come from social security and medicare recipients from the right who either never paid into the programs or never contributed anywhere near what they receive, yet cash their checks and go to their dictors....). If your premise was true, then why have so many of my comments and replies been deleted? I'm talking about several...because what I researched is true.
</content>
</comment>
<comment>       
<content>        
You answer MY question. Why did so many of MY comments not even get POSTED in the first place? As in never making it past the "moderators". And I'm talking about ANYTHING I tried to post. You OBVIOUSLY don't understand the difference between having a comment CENSORED and having one DELETED.
</content>
</comment>
<comment>
<content>
Well, let's say what you are screaming about is true. Since these sites are not affiliated with any government agency, they have the same right to 'hang up' on any rude, aggressive, obtuse person with an agenda of causing trouble regardless of subject and facts. Perhaps if you were a little more reasoned and less "in your face"??? People prefer reasonable debate even if there is disagreement and most prefer not to be attacked. Think about it. Now I am exercising my right to hang up.
</content>
</comment>
<comment>       
<content>        
What you researched is true? When is the last time a Tea Party demonstrated outside the private residence of a corporate executive as his children cowered inside in fear? When is the last time a bunch of conservatives BUMS "occupied" a public space for weeks on end? Shall we start talking about which "direction" - left or right - has committed more political assasinations? Was Lee Harvey Oswald a "conservative extremist"? How about Sirhan Sirhan? John Wilkes Booth? How James Earl Ray? Not so much. I don't think it's CONSERVATIVES that run around constantly agitating for a "fight" or "battle" or talking about "hitting back". Remember when Sarah Palin was blamed for the "crosshairs" and the attack that KILLED several people, including a REPUBLICAN judge but that only WOUNDED poor Gabby Giffords? Turns out that wasn't the FIRST use of "crosshairs" to "target" an area during a political campaign or movement. Who WAS first? Democrats. Sorry, but you're just displaying your inorance here. And I'm one "right-wing conservative extremist" that you are NOT giong to bully or b.s. into silence with your CRAP.
</content>
</comment>
<comment>
<content>
Sorry, didn't make it up. Based on studies, including one commissioned by FOX, that concluded the right angrier, more apt to attack, uses hate-filled and 'unpleasant' rhetoric AND apt to follow, as a group, the same behaviors of their limited sources like beck, limbaugh and FOX.
</content>
</comment>
<comment>       
<content>        
Thank you. This is insightful and informative. I think this explains why several of my posts get deleted. I live in Taiwan so I comment often on Taiwan/China news. I bet it's the mainland Chinese trolls flagging me all the time.
</content>
</comment>
<comment>
<content>
"as a news agency one would think that CNN would respect and value the free exchange of thoughts and ideas."

It does. But not at the expense of its own business by being associated with all manner of wild hatred and belligerence. You have a lot to learn about the world son.
</content>
</comment>
<comment>       
<content>        
Have you read some of the comments? While sometimes I am completely stumped as to why a comment was deleted, a lot of the comments that are deleted are just crude or cruel and need to be removed.
</content>
</comment>
<comment>
<content>
OK, I agree with you and added to that, I think that people misusing the "flag as inappropriate" simply to have comments which go against their personal points of view stricken are as guilty of this and trust me when I tell you it happens all the time. I had a perfectly PC, polite and on topic comment which garnered over 400 upvotes removed by the moderators last week.
</content>
</comment>
<comment>       
<content>        
I'm not saying they don't have a right to delete them. Just wondering why some are being deleted, when they are not inflammatory, or attacking anyone. If this is suppose to be a public forum, they should allow people to state their opinion(s) as long as they are done respectfully.
</content>
</comment>
<comment>
<content>
It allows the public to post their comments. Therefore it should not censor a different point of view. Also, since CNN relays on the public to maintain their business, it should allow them to voice their opinions. This isn't China or North Korea, and if they are using this forum to only ask questions, then that should be in writing to let the people know. In my opinion believe that a corporation that uses "freedom of speech" (as I said before) as a platform to broadcast their "news", should allow the same to those reading or watching their stories. If it is CNN that is filtering and deleting comments, then shame on them for treating their audience members so badly.
</content>
</comment>
<comment>       
<content>        
Good thing they created the First Amendment or situations like this would be baffling.. I can't imagine all the message board comments that England used to censor back then..

Do you guys even read what you write and bicker about? So many things taken out context and then others read it and use it as facts..
</content>
</comment>
<comment>
<content>
Actually it does, when the owners invite the public in, every person has to get his equal say. CNN can censor, even boot, but it can't play favorites in doing so. Think of it this way...if you can: If I open a diner, which is private property, I have to treat all the people I let in equally. If I open it for one person, I have to open it for all. I can't say, "No blacks" or "no japs".
</content>
</comment>
<comment>       
<content>        
The U.N. is likely to get the same reaction from Japan as the League of Nations recieved when it tried to control Japan. They walked out and that worked so well for the world. I mean WW2 was a great period for everyone right
</content>
</comment>
<comment>
<content>
Ok, first of all Japan is our closest and most important ally, second only to the UK, so we aren't exactly in the mid 20th century anymore.
Second..... What does that have to do with illegal whaling?

Wait, what am I thinking?....... You're right, If the UN makes them stop killing whales, then surely they'll bomb pearl harbor by next Tuesday. SMH
</content>
</comment>
<comment>       
<content>        
I wouldn't let people post at all.. You think your posts are interesting and helpful?? Look at all the spew that gets splattered all over these sites.. It has to frustrate ten times the number of people it helps..
No matter what the conversation is about, it turns into a right vs. left argument.. This country will only survive if people shut their mouths and start listening to what the other side has to say, both being able to compromise.. I used to give people the benefit of the doubt of being intelligent, but now seeing how closed minded, cruel, and selfish people are, I'm having a hard time.. 
Open mindedness is the highest form of intelligence..
Judge less, Accept more, and sacrifice for another
</content>
</comment>
<comment>
<content>
There's a difference between open-mindedness and believing everything you hear. Which isn't exactly something I'd equate with intelligence.
Being openminded to bad ideas and propaganda doesn't make one more intelligent. Intelligent people accept scientific facts and then move on to the next issue. Not endlessly debate the same outdated ideas and claim both sides are valid.
</content>
</comment>
<comment>       
<content>        
Of course he didn't just say "quit censoring opinions" he called CNN a propaganda machine and said they were against free speech just because they deleted some comments, an absurdly biased deduction. Did you ignore those parts of his comment or are you blinded by agenda too? He was obviously a Hannity person.
</content>
</comment>
<comment>
<content>
Maybe you should have seen what they said before your paranoia connects the dots that somehow it was political or against the party line.

Sometimes obscenity is just that....and not freedom of speech.
</content>
</comment>
<comment>       
<content>        
Free to do so, yes, if that's the sort of discussion you like to engage, one sided and heavily monitored for political correctness, then more power to you, I suppose. Simple minds thinking simply.
</content>
</comment>
<comment>
<content>
IVO and the rest of you morons who have no clue... Free speech only applies to Gov agencies... Not private companies. Not a store, not your local TV station...

If you want to build a company that allows anyone to say anything, you are actually FREE to do that.
</content>
</comment>
<comment>       
<content>        
Might want to check the law and the Constitution. Free Speech is not absolute. Only the government cannot censor speech. Private organizations and companies can. And if you are so annoyed with the "propaganda machine" why are you here? Surely, making snarky comments on message boards isn't the thing that makes you fee superior is it? Drag those broken down cars out of your front yard and mow. That'll make you feel a lot better.
</content>
</comment>
<comment>
<content>
To you and the (so far) 132 people who liked this and have no concept of our constitutional rights:

We understand the undercurrent of the comment. CNN = liberal = no respect for the Constitution. We get it, you're making a cheap political shot. How original.

How many times will someone have to come back with the facts that given this is not a government site (as much as some try to pretend it is when it suites their political fancy) so therefor does not constitute an example of the government editing free speech within the guidelines allowed for that and that moderation of a privately held comment board which lists its rules of engagement, that may lead to removal does not qualify as a denial of your first amendment rights? A hundred times? A thousand times? A million times?

To the Facebook and YouTube users out there: does the delete button in the comments section of your uploads violate the posters whose comments you remove? No.

If someone painted your home with graffiti would it unconstitutional for you to paint over that? No.
</content>
</comment>
<comment>       
<content>        
OK, here's me theory. Have you ever seen an endangered cow or chicken? No! Why not? Because we eat them, they're part of the food chain and we farm them for consumption. They'll never go extinct. So, if we start eating more endangered species, it will help in the long run!!
</content>
</comment>
<comment>
<content>
My guess is that you are not a "Theorist" in your day job. Is it dark under the bridge? p.s. Ask the Dodo or the Passenger Pigeon about being an easy food source and how it will protect you from extinction.
</content>
</comment>
<comment>       
<content>        
I've heard that swan is very tasty too. And hey, the Carolina Parakeet was most useful, pretty feathers for hats, down in the mines... they aren't around anymore, I don't know where they all went.
</content>
</comment>
<comment>
<content>
We have eaten a lot of animals out of extinction, and taken many very close - such as the buffalo. Whales need to travel to live, and they eat a lot. We can't farm them, so once they are gone, thy are gone.
</content>
</comment>
<comment>       
<content>        
I agree with you and disagree with him but i do feel the need that the buffalo might not be the best point for your case as herding is what saved them.

I also don't think likeaboss was being entirely serious.
</content>
</comment>
<comment>
<content>
Nope, i'm not sure. But read his other posts. He's either kidding, trolling or a simpleton. Could be a combination of the three I suppose ;-p

But I interpreted it as him joking around and as a result got more out of it than all these people getting their undies in a knot over his silliness.
</content>
</comment>
<comment>       
<content>        
And that people is why making jokes/ sarcastic comments/etc. on the net is pointless. Emotions just don't pass well through a medium unless there is face to face interaction or an entity's mood is outright revealed in written or symbolic language. Speaking of which, I consider it very hypocritical to persecute Japan for killing whales which are quite intelligent when we inscrutable westerners kill chickens and cows both much smarter then people give them credit for.
</content>
</comment>
<comment>
<content>
The logistics make whale farming difficult. The size of the farm would have to be enormous. It's much easier to fence grazing land for cattle and build hen houses for chickens. Then there's the problem of gestation and building a population. Here's a comparison:

Chicken:
- 300 eggs per year (nearly one egg every day)
- 21 days from egg to birth
- 6 months to maturation
- lifespan of 6 years
- world population of 24 billion

Cattle:
- 1 calf every 9 months
- 15 months to maturation
- lifespan of 25 years
- world population of 1.3 billion

Minke whales:
- 1 calf every 10 months
- 9 years to maturation
- lifespan of 50 years
- world population of 0.1 billion

Minke whales are among the most populous, owing to the lower gestation period in comparison with other whales. There are only 20,000 humpback whales in existence.

I'll do the math on population growth. For the purposes of the math, I'll assume an even male/female distribution, no animals are slaughtered, every individual will live 50% of its average lifespan, and every female will be equally fertile from maturation through to the 50% lifespan.

Starting with one male and one female of each species, ten years later, you'll have:

- 48 whales
- 574 cattle
- over seven billion billion billion chickens (~7,000,000,000,000,000,000,000,000,000)

The number of chickens is astounding. Keep in mind, though, that none of the chickens were slaughtered and every one of the eggs was hatched (instead of being sold in the supermarket).

My final exponential population growth models for each species:

Chicken: 8.4897e^(0.0171t)

Cattle: 2.0725e^(0.0016x)
Minke whale: 3.2626e^(0.0007x)

The exponent is a general indication of population growth. As you can see, the growth of both chicken and cattle are at least an order of magnitude greater than minke whales.
</content>
</comment>
<comment>       
<content>        
That is possibly the most idiotic theory I have ever heard and I hope you were being sarcastic.

Farm animals are domesticated. They are bred in large numbers for the sole purpose of food. They can survive in large numbers in small captive areas, and have short life spans and procreate rapidly, keeping the supply high.

Endangered animals need vast expanses of land, often will not survive in captivity, and need tens of years before creating offspring. Therefore the population cannot regenerate rapidly when they become hunted.

You can't equate eating an animal to preserving them as a species, you have absolutely no background on the subject and it's plain obvious.
</content>
</comment>
<comment>
<content>
Fish and other sea creatures are harvested through essentially hunting them. You don't go out to the local national park to hunt cows or chickens.

Before you say it, yes you can to some degree create fish farms. But whale farms are not economically feasible.
</content>
</comment>
<comment>       
<content>        
Please remove one more idiot from the world starting with the one you see when you stand in front of a mirror by yourself. It would be no tragedy or news to anyone on this planet.
</content>
</comment>
<comment>
<content>
Actually, several hagfish species are endangered or threatened. And yes, organizations are fighting to save them. They play an essential role in marine ecosystems which is the real reason for conservation.
</content>
</comment>
<comment>       
<content>        
It's not just about being endangered. It's about sentience. There's increasingly evidence that many species of cetaceans are at least as intelligent as a human child. And in some areas, their intelligence may surpass that of a human adult.

They are not civilized, they do not have technology--so by this argument, it's fine for us to slaughter hunter-gatherer tribes for food?

We don't need to eat them. They do not nor ever will be a significant protein source for billions of people. They are not in any way a threat to us (except when held in captivity).

So by hunting them we are disgracing ourselves.

Members of the cetacean family have intentionally saved human lives.

We repay them with murder.
</content>
</comment>
<comment>
<content>
It's not so much that they're cute, its the way they are killed and the reason. They are basically bludgeoned to death with a hooked club, and then stripped of their fur, sometimes before they have actually died. Nobody needs to eat them, the only use they have is the fur, and that is a luxury good that is highly unnecessary to sell, but nobody wants to lose their job.

Conservation groups have gone as far as to offer compensation for seal clubbers to stay home. At this point it's a pissing match.
</content>
</comment>
<comment>       
<content>        
if seals were domesticated and raised in farms for the purpose of killing for food, sure. But here's another thing, barely anyone wants to eat seals, dolphins, polar bears, whales.
</content>
</comment>
<comment>
<content>
It matters how it is killed. To be bludgeoned to death with a club is inhumane. We have our humanity, and to throw that aside for profit is just beyond evil. They're endangered, and farming them would keep them from being extinct and devise a system to even humanely kill the seals rather than jumping out and ripping the fur and skin off bodies that are still breathing.
</content>
</comment>
<comment>       
<content>        
Turkeys are farmed. They don't exist in their current forms in the wild. I'm a vegetarian, as personally I think factory farms are atrocious, but there's a huge difference between an extremely intelligent, wild mammal, that matures and reproduces slowly, and a turkey.
</content>
</comment>
<comment>
<content>
So you decide what animals life is more important based off intelligence? And there is such thing as a "wild turkey" look up Wild vs domestic(7 million + wild turkeys in US). As for the intelligence remark, by that logic it should be legal to kill stupid people, right?
</content>
</comment>
<comment>       
<content>        
So you think it's justified/okay/above reproach because it is a centuries old tradition? If it was an aboriginal sustenance hunt (a la the Inuits), I could go for that. But the Japanese uses it to fuel their desire for specialty food (like live frog sashimi), not out of any need or respect for their own history. And just because it is something done in the past doesn't mean we should still do it. Unless they are going to go out in sailing ships without electronics or modern harvesting equipment. I could get behind that. I mean, my grandfather was a poacher, but I don't poach and call it a family tradition.
</content>
</comment>
<comment>
<content>
I don't agree with the killing of the whales, I also don't agree with the hypocrisy of most people here. Kill cows and chickens in cruel/inhumane ways and say it's ok because it serves our purpose, and turn around and call out Japan for killing whales. An animal is an animal regardless of it's purpose on this planet, intelligent or not you can't just say one animal is worth less then another. I also eat beef/chicken, I have no agenda other than to show the hypocrisy of the whole situation.
</content>
</comment>
<comment>       
<content>        
We can certainly agree on the evils of high volume commercial farming. I'm lucky enough to live near a farm that only raises organic, free-range livestock. I understand the point you are making, but I'm not sure I see the hypocrisy of disagreeing with the Japanese whale hunt. I don't think the two instances are comparable. The whale hunt feeds a luxury desire (for lack of a better phrase), a frivolous killing, whereas food stock is feeding the population, albeit through methods that need to be changed. I don't think that places the value of one animal above another, just the need.
</content>
</comment>
<comment>
<content>
I've never understood the cynical claim of hypocrisy in this subject. There are two words to be considered when weighing the harvesting of an animal species: cruelty and sustainability--the latter being more important to the world's environmental future. There are many indicators that commercial whaling is not sustainable, and very little data on just how many whales there are meandering our oceans. Plus, whales wander the commons, international waters, and so are an international resource: why should Japan have sole rights to hunt them? The farming of turkeys (cows, chickens etc) remains a manageable, generally sustainable practice on sovereign soil. This being said, I fully support the most humane treatment possible of all animals, domesticated or wild.
</content>
</comment>
<comment>       
<content>        
Yes it is. All this does is verifies what everyone all ready knew. They were in violation of whale killing and there was nothing scientific going on. Weighing the stomach contents is just some minimum step they thought they had to do to meet the definition. 
I have heard some people talk about tradition and how they find it just as disgusting that we kill sheep as we do that they kill dauphins and whales. Well there is one difference. We raise sheep to be killed. They belong to the farmer that raised them. The dauphins and whales are a shared resource that a majority of the world has said to keep your hands off.
</content>
</comment>
<comment>       
<content>        
It's a tough call, I agree they should not kill whales and am glad something has been done about it, on the other hand it's part of their culture and has been for centuries, so on that note.....sorry Japan but it's the right thing to do being the whale numbers are getting lower and lower and someone has to protect them.
</content>
</comment>
<comment>
<content>
They're still animals at the end of the day. Being smart shouldn't exclude them from hunting. It's hypocritical and stupid reasoning. Now, being endangered is a completely rational excuse for banning the hunt.
</content>
</comment>
<comment>       
<content>        
OK, here's me theory. Have you ever seen an endangered cow or chicken? No! Why not? Because we eat them, they're part of the food chain and we farm them for consumption. They'll never go extinct. So, if we start eating more endangered species, it will help in the long run!
</content>
</comment>
<comment>
<content>
The difference is that now the Japanese whaling ships will not be provided a safe harbor by the nearest countries to the whaling areas. Upon entering port, their cargo will be declared illegal and seized. This is a big deal since none of the whaling ships have the endurance to make the round trip transit without refueling.
</content>
</comment>
<comment>       
<content>        
Unfortunately, the whaling ships are sea-worthy ships and so they do have the capability to self-sustain during full round trips, including hunting time, between Japan and Antarctica. Also, resupply ships are used to extend trips, but very rarely as they're almost never needed.
</content>
</comment>
<comment>
<content>
Anymore horrible than breeding them artificially, stealing their babies at birth, shooting them full of hormones, feeding them the dead bodies of their own species, then electrocuting them to death before skinning them and cutting them up for hamburger, steaks or pork chops?

Ohh wait...
</content>
</comment>
<comment>       
<content>        
What you write of is far worse. Factory farming is horrific and should be illegal. I always wondered how mankind could allow the holocaust to happen and then I think of factory farms, and realize it's still going on.
</content>
</comment>
<comment>
<content>
It is truly shameful that he responded to your topical and well reasoned comment with such childishness. It just goes to show that anyone can post on these boards, regardless of whether they have anything intelligent to add to a conversation or not.
</content>
</comment>
<comment>       
<content>        
You may want to check up on that, the UN authorized force in Iraq in 1991. They did not explicitly allow the use of force in 2003, nor did they explicitly deny it. That is not the same thing as authorizing.

I really hate when people make things up to counter something. Especially when you can easily go read about it so readily.
</content>
</comment>
<comment>
<content>
Do you also hate when people make up things in their initial response? Because I don't see you commenting to facepalm up there and saying that not explicitly allowing it is not the same thing as telling us not to go in.

Besides which, you stated clearly in your post that the UN did authorize the use of force. Did The_Pilgrim say when? Nope...so, me, I hate it when people respond to a post and argue against things that were never said. Especially when you can so easily read the 14 words in his post. But that's just me.
</content>
</comment>
<comment>       
<content>        
Congratulations and thank you to the Australian Government for winning this fight. They said they would take to Japan to the ICJ on this issue, they did it, and they won. It takes a lot of courage to risk relations with a major trading partner over an issue like this. It is admirable that they didn't waver in the face of political backlash, and they followed through with pursuing what they knew to be right.
</content>
</comment>
<comment>       
<content>        
Good. Whales are too smart, too small in number, and too big to be reaped for consumption. Creatures like these should be preserved. Need food? There are plenty of other animals that propagate much more quickly.
</content>
</comment>
<comment>
<content>
Whales have human-like intelligence, and the part of their brain responsible for emotions is much more complex than ours. They stay with their mothers their entire life in nature. No animal with such intelligence/brain capacity should be used for food or otherwise.
</content>
</comment>
<comment>       
<content>        
Fantastic news! It's high time that they were confronted and hopefully, will be told to discontinue the practice from here on out. This truly made me smile because I know Sea Shepard finally did what they needed to do- give enough attention to cause public outcry. Yes, Way to Go, Sea Shepard!
</content>
</comment>
<comment>
<content>
They (Japan) should be ashamed at doing this all these years. If you don't want to stop killing whales at least have the guts to stand up and say it not hide behind the lie of scientific research.
</content>
</comment>
<comment>       
<content>        
Lol, as the treaty is voluntary, Japan should just renounce it and go back to full capacity for whaling. Then all you'll have is the ability to blow smoke about something the UN lost the ability to control with a foolish decision that the UN court handed down. The only thing holding Japan into staying within the treaty is actually pressure from the US (since the early 1990's) as Japan has been discussing dropping the treaty since about that point.
</content>
</comment>
<comment>
<content>
I'm assuming you're from the United States but sorry if I'm mistaken, Japan didn't conquer land from a native population because "God wants me to have this land". Not saying what Japan is doing is right but take into fact that a lot of people shouldn't be so quick to judge about hiding behind a lie.
</content>
</comment>
<comment>       
<content>        
Paul Watson and SS have done the dirty work at sea but in the end THE PEN IS MIGHTIER THAN THE SWORD. More so it is a victory for Australia's patience, will and legal judgement. A vindication and more importantly a LEGAL JUDGEMENT for those who always saw that the fictions called JARPA and JARPA II are just commercial whaling. ( A conclusion that anybody with half a brain could see even 30 years ago.) Kudos to Former Prime Minister Kevin Rudd and then Minister for the Environment Peter Garret and everybody else involved for having the balls to take on Japan and win.
</content>
</comment>
<comment>
<content>
I believe in hunting and fishing. But to hunt such a creature especially when they are endangered. This makes no sense. Look at what we did with the American bison. Lewis and Clarke reported herds so large that some took three days to pass them by. By the close of the 19th century only a handful were left. We must be good stewards.
</content>
</comment>
<comment>       
<content>        
"we"? You are Chinese, stop pretending.

No American would be so stupid and not know about Iris Chang and what happened. Only the Chinese, with their government internet censorship, are so ignorant.
</content>
</comment>
<comment>
<content>
Nope, no rush either. You should open your eyes when it comes to the UN. Even Chelsea Clinton stated in an interview that her dad told her the world will eventually be controlled by one power and that it's the UN
</content>
</comment>
<comment>       
<content>        
Have Sea Shepard break maritime rules and get rammed in response next time..... Different court where the UN ICJ doesn't matter (wait, where does it matter where it literally takes years to start a trial?) Sea Shepard would of lost it's ships a long time ago if the Japanese actually responded the way various ocean and ship laws allowed them to. Instead, they put themselves into a defensive position where Sea Shepard takes the restraint as a sign of weakness. Go on, Japan..... Next time one of SS's ships cross your bows, go ahead and ram them as allowed as they willfully put their own and your ship in harm by their actions..... Next time they try to side scrape you, slow down, put your bow at a 45-60 deg angle, and speed up; putting your bow into their side. Next time they try to board your ship, capture them, send them back to Japan to be tried instead of handing them or a majority of them back to NZ or Australia to be released. Last time I checked, International law calls for a automatic sentence of 10 years for that action alone.

Do I agree with whale hunting? No,,,, But as someone who worked at sea, I know SS is the worst threat between them and Japan. And they're delusional to think that just because they think they are in the right, it forgives them breaking far more laws then the Japanese. SS is just in it for the publicity, and for inspiring mindless drones.
</content>
</comment>
<comment>       
<content>        
I love how everyone takes the Sea Shepards side and know NOTHING about International Maritime Law. The Sea Shepard's ship should have all been impounded a long time ago and all of their licenses suspended PERMANENTLY.
</content>
</comment>
<comment>
<content>
@pisher,
If you know anything at all about International Maritime Law I believe that the Sea Shepards should not close within 1/2-1 mile of another vessel on the open ocean. That alone would be grounds for to tie them up.
</content>
</comment>
<comment>       
<content>        
It should be far worse then that..... Due to the actions of SS, Japan can legally (under international maritime law) send a warship down as an escort. If SS continues their tactics, the vessel is only obliged to fire one warning shot and can take the offending vessel under direct fire till sunk or surrendered if it deems so. And it is fully legal due to at least 18 violations under maritime law and rights of navigation.

Saying that the captains are "hero's" is also a cruel twist to this story as bandied about by posters with no clue on this story. A captains responsibility at sea is to his passengers, his crew, his ship, and then his cargo in that order. And a true captain does not put them at risk. Any type of accident with casualties or a vessel disabled or sinking in that area would require literally hours for a rescue crew to arrive and survival in the water is literally measured in minutes even with extreme weather survival gear.

Saying that a ruling from this court is binding is a joke.... It is basically a mouthpiece, and even that is a generous description.

*edited as I forgot to type in the "passenger" part...... thought it out, but didn't verify I typed it before posting. I need more coffee to wake up.
</content>
</comment>
<comment>
<content>
Japan knows that any of those actions would be a PR disaster. SS knows this too.. as you say, they are in it for the publicity. Getting a reaction like what you describe is what they're after. It's real-life trolling.
</content>
</comment>
<comment>       
<content>        
I know that, you know that, and the media knows that. One thing I think is that the media keeps it in the spotlight just in case something does happen. Then their ratings can go through the roof on the outrage. But it's just a publicity game on behalf of SS. Myself, I'd just wait till a bad storm comes up and use the ice breaker bow on one of the ships to "accidentally" ram one of SS's ships. With the clutter from the waves interfering with radar, as will as possible electrical interference, it will be hard to get a clear radar picture on the accident reconstruction. Sure, the brainwashed SS followers will be outraged, but most thinking people will dismiss it as SS trying to pull something off and paying the price for their stupidity. They're definitely on record for being that stupid in videos and their own statements.
</content>
</comment>
<comment>
<content>
Yeah, go ahead and do that, Japan.

That would totally work, and not at all make you an outlaw nation, and isolate you at a time you desperately need foreign allies, with China just a short stretch of sea away from you.

;)
</content>
</comment>
<comment>       
<content>        
Actually, it wouldn't as it would be a small blip in the international media. Why do you think the NZ and Australian coast guard do not escort SS ships on their missions? They did declare a marine sanctuary down there that "gives" them the right to patrol it. But as it is not internationally recognized, it is not a sanctuary and actually looks like it will not be recognized as not even 1/4 of the needed signatures for recognition have been affixed in the last 5 or 6 years. And also, those nations would be bound by the sea treaties they signed to detain, try, and imprison SS personnel as the closest seagoing legal authority in the area for their actions.

Right now, the patrols the NZ and Australian coast guard ships in the maritime sanctuary are actually only patrolling international waters and cannot interfere with other nations that are legally following the laws. If the sanctuary was actually legal, any of their reports of "incursions" of Japanese whalers into these waters allow those coast guards to chase down and detain them even if they move into international waters. But in the years since the sanctuary declaration, and all the reports of incursions, they have yet to do so as they will lose in every legal maritime court, even their own.
</content>
</comment>
<comment>
<content>
Now that I got over my shock at the idiocy of your comment, I'll give it to you plain and simple.... I've seen people die from even minor mistakes made on or with ships. And most of them in a climate that is better suited for a human to survive for a long period waiting for rescue. The area down there is a deathtrap for anyone caught in a minor miscalculation that causes a person to fall overboard, a ship to sink, or even get badly injured. And you think it's all right to put ships and people in danger just for publicity? Boy, your priorities are screwed up...... My old captain would of been the first one to ram another ship that put itself into harms way if it was a choice between his crew and ship vs a captain who could care less about his and plays games with them. And funny, many other captains I know would make the same choice.

As I put up earlier, the "sanctuary" is a publicity stunt as it is not recognized internationally, so NZ and Australia's bluff and bluster is just that. SS is just an organization that borders between publicity hounds and a sea-going menace that basically ignores safety and puts it's crews and others at risk just to make the front page. And the UN court declaration is about as useful as used toilet paper.
</content>
</comment>
<comment>       
<content>        
The Japanese conduct fake "science" while slaughtering creatures for some bushwa antique "reasons" but you want to throw a pissy fit because Sea Shepherd gets off their ass and actually STOPS this slaughter? Perhaps the Japanese know that murdering (or whatever you want to call it) people trying to protect these creatures would stink up their reputations worse than their cultish fixation on killing whales. Last time I checked defending the innocent against malignant ignorance was more important than Maritime laws, Cap'n Crunch.
</content>
</comment>
<comment>
<content>
Good, then they can renounce the treaty and go full bore at it or is that what you want to do? One of the reasons whale meat is considered too high a price (as several organizations seem to crow about every few months) is due to the limitations of getting it. Besides, the main whales hunted are those that are not endangered though there are a few at risk ones taken each season. So basically, SS is playing people like you for a fool. I have the appearance that you need to get out and face reality a little bit more.
</content>
</comment>
<comment>       
<content>        
The Sea Sheppard Crew knew exactly what they were doing and said they were willing to face the consequences.. Those guys hopped on board and spent time in jail.. That crazy leader was on the run for a while.. Why isn't anyone trying them? They accomplished what they set out to do.. People reaching their maximum goals are few and far in between, I applaud their courage and perseverance and feel they deserve a pardon.. I don't think they were in this for publicity.. They might have went on TV for funding, but it seemed like they were just trying to bring awareness to something that most people knew NOTHING about.. Why would Japan send Warships to to sink a ship that poses no real threat to anyone?? It would cost them more money to go do that than what their "whaling research" produces.. You guys are so dramatic and irrational.. 
Both crews were pretty much willing to do whatever it took to win and the Sea Sheppard's crew were able to send those "scientists" home without a court ruling.. Every year they sent them home earlier and earlier, until they shut them out for good, ZERO WHALES.. These research teams could go out again this year and waste their time and money or just give it up already.. All great corruption ends eventually, good defeated evil..
</content>
</comment>
<comment>       
<content>        
So if I announced I was going to sneak in and shut down the valves of a working refinery just because I don't the pollution

it causes then it makes it all right? From what I've seen, if you do not shut down the valves in the proper order, it causes pressure to rise in the system and causes overflow, ruptures, and explosions. A valve that read open in Texas a decade ago, caused the overflow of a separator unit, and exploded killing 3 people. It could of been worse, but that separator was some distance from people and other equipment. But if I do something like that in the name of a good cause, then that is all right?

Playing the way they do with their ships, SS is playing with the same dangers. According to plans available on the internet, the whales ships fuel bunkers are located in the areas that SS just loves to side scrape. As those bunkers are used to maintain ship stability in rough seas, Sea Shepard bunkers are located in the same area. Plus collisions as light as a side scrape are not just little bumps, and have a big habit of throwing things around. We scraped a buoy coming into Houston about 12 years ago when I was still working on the water. Just a minor scrape against a 20 ton object at 10 knots, that actually moved away due to it's anchoring cables to lessen impact, threw almost every loose item it's resting location and came close to putting a hole in the side of the ship. The whalers and SS ships have 3/4 on an inch of steel, an inch or 2 of dead space, and another 3/4 of an inch of dual bilge/bunker tank wall keeping the fuel inside. And SS does this regularly at 10-20 knots against heavier ships. So it's been pretty much a miracle that they haven't caused fuel leakage or worse . Only thick parts of those ships is the bow of the whalers in case of running into sea ice.

And then there is the worse.... Survival time in that water is measured in minutes even with full survival suits. If you go into that water with less, even being pulled from the water immediately can cause hypothermia and system shut downs from shock. The water temp there is colder then the water the Titanic survivors dealt with, and you can see how many of the survivors of that collision lived in the water.....

You put it that it's all right that since it's in the name of good that it's forgiven. I don't like whaling, but I'm not that delusional enough to risk a oil or oil based leak in that area in the name of publicity. I'm not one for putting people at risk because one of the SS captains miscalculated for more air time, putting a ship on the bottom and causing another ship to leak spill fuel in to the water for 10 plus years like the ships that sunk during WW2 are still doing in areas. So I put up answers that are legal in maritime law for the Japanese to follow. SS tried a few years ago to broadcast a film that said that the Whalers tried ramming a SS zodiak. Funny. It was a flat out lie...... Rules of navigation state that smaller craft have to give way to larger craft in both confined and open waters. So what does SS do? They cut their toy craft across the bow of a whaler then broadcasting it for people like you who don't know any better, so they basically lied to get more funding from you and people delusional enough to believe it.
</content>
</comment>
<comment>
<content>
No it won't be. Someone who breaks a law against someone else breaking a law is still a law-breaker. It turns out that mom knew what she was talking about when she said two wrongs don't make a right.
</content>
</comment>
<comment>       
<content>        
We don't farm whales, we haven't shaped whales by thousands of years of intensive domestication, altering their general nature, to farm them for food. Your argument, as trite as it already was, is invalid.
</content>
</comment>
<comment>
<content>
Truth. You meet some cows on a self-breeding programme (like in India), and you'll meet cows who are smarter than dogs.Smart, not spooked, affectionate, able to open gates with their horns.

To be frank, this hasn't stopped me from eating beef, but it has encouraged me to eat dog.
</content>
</comment>
<comment>       
<content>        
See, this is the kind of ignorance that disgraces the Japanese people--only Japanese scientists would claim any species of whale is not far more intelligent and self-aware than a cow. They don't even want to understand the nature of the animals they are slaughtering. So they pervert their own science. Disgraceful.

Japan is a great nation, but whaling (which was revived by the American occupying forces, after the war) tarnishes it in the eyes of the world.

Only a handful of bigoted ultra-nationalists care about it. So I'm guessing you are one of those.
</content>
</comment>
<comment>
<content>
Japan has itself used its wealth to corrupt small island nations into supporting its right to take whatever it wants from the sea. Buying governments isn't corrupt?

It is simply a lie that they are taking whales for scientific purposes--no scientific organization in the world will agree with this, except the one they control, which seems to know less about whales than your average five year old.

It's a simple fact that Japanese whaling is based on lies and corruption--a handful of people profit from it, and most Japanese don't want to eat whale meat. The real motivation is that they're afraid if they can be stopped from taking whales, they can be stopped from taking endangered species of fish as well. One can understand a heavily populated island that can't possibly support its people through agriculture being afraid of international law, but overfishing threatens all of us. And whaling is wrong, and pointless, and simply a waste of resources.

Japan is ahead of us in many ways, but hopelessly behind in this.

Or it would be, if we'd shut down Seaworld.
</content>
</comment>
<comment>       
<content>        
Cetacea (whales) in most parts of the world are either vulnerable to endangerment or endangered -- and for the Japanese government to have the audacity to illegally allow whales to be hunted under the guise of "scientific research" is outrageous.

Japan should never be allowed to conduct environmental research again without global supervision after this. Further, China also needs to be placed under sanctions for allowing an underground slaughterhouse in southeastern China to murder over 600 Rhincodon typus (whale sharks) and Cetorhinus maximus (basking sharks) each year while selling their flesh as food on the black market.

Whale- and basking sharks are protected under international law, which makes hunting them illegal. Those factories were also busted for selling Carcharodon carcharias (Great White Shark) meat -- also protected under international law and illegal to hunt under Appendix II. Something seriously needs to be done about this before we lose some of nature's most valuable members.... Possibly forever.
</content>
</comment>
<comment>
<content>
when people are willing to pay higher prices for goods, then we can stop producign products in china, then when they don't have money, they will not act arrogantly. i understand the century of oppression doen to chinese, but that doesn't gives them license to be bully on the block threatening those small and weak , has phils, malaysia, vietnam been a colonial power to china?
remember, in chinaall activities are tied to the interest of the survival of the cummunist party.
</content>
</comment>
<comment>       
<content>        
I agree. The U.S. needs to do something to stop China's expansionist agenda before it's too late. If China is allowed to pass their ADZN bill, the animals that are protected under Chinese and international law will be hunted to extinction. If the U.S. doesn't say something to stop them they will be allowed to use commercial fishing vessels throughout the Pacific and Indian ocean. Animals who victims of bycatch won't stand a chance. Something must be done to stop China.
</content>
</comment>
<comment>
<content>
Wow! I'm impressed that at such a young age you are so articulate with your words. Most individuals your age aren't nearly as intelligent as you. Stay passionate little Jake. I'm sure someday you'll have to power to change how the world is ran today.
</content>
</comment>
<comment>       
<content>        
first of all there is no international LAW banning whaling. it's a 100% voluntary moratorium.

second, the species japan catches are NOT endangered. the minke whales they catch are listed as 'least concern' on the endangered species list. this is the lowest risk level and the same designation you would find associated with cattle or a house cat.

why do you animal rights nutters continue to flagrantly lie to support your cause?
</content>
</comment>
<comment>       
<content>        
in the last 5 years japan took 2 fin whales. 1% of the world wide total taken in commercial whaling and an even smaller fraction of the total whales taken by japan.

minke whales are NOT endangered. period.
</content>
</comment>
<comment>
<content>
only because they kept being driven out of the Antarctic Whale Sanctuary which is now fulfilling it's purpose during their slaughter by Sea Shepherd who also go after other whaling fleets, they wanted to take 50 Fin whales per year as part of their "research" and the on the decline thing came from the IWC's website yes they're not as at risk as the Humpback(who the Japanese also wanted to kill but didn't) or the Fin but they're still at risk
</content>
</comment>
<comment>       
<content>        
no. look at the numbers. they have NEVER taken ANYWHERE near as many whales as what the quota was. the quota was nothing but politics.

minke whales are LEAST CONCERN. not at risk. LEAST CONCERN. they are just as endangered as cattle are.
</content>
</comment>
<comment>
<content>
The numbers mean nothing there's environmental factors that deem them at risk and the Japanese wanting to kill 1000 Antarctic Minke whales wouldn't have helped things, there's also no way to accurately say how many there are so their numbers could be lower than we think
</content>
</comment>
<comment>       
<content>        
....When WOMEN got the vote, the Conservatives said it was the end of the Earth
.
.When Social Security started, the Conservatives said it was the end of the Earth
.
..When Medicare started, the Conservatives said it was the end of the Earth...
.
.When the ACA medical assistance to the poor started , the Cons said it was the end of the Earth....
.
..When Gays are now allowed to marry, the Cons said it was the end of the Earth.
.
..Well,........someday in about 14 MILLION years, they will be correct,.......until then
.
.
..they prove that not everyone shares equally in mental development as children.
</content>
</comment>
<comment>
<content>
Cetacea in most parts of the world are endangered. For Japan to have the audacity to illegally hunt them under the guise of scientific research is ridiculous. They should never be allowed to conduct scientific research without global supervision ever again. Further, China needs to have sanctions placed against them as well for allowing an underground black market operation that allowed Rhincodon typus (whale sharks) to be hunted and sold as food. Something needs to be done about this before we lose some of nature's most valuable members.... Possibly forever.
</content>
</comment>
<comment>       
<content>        
But not old enough to realize the world isnt idyllic and that animal species will never trump world economies. No one is going to upset China over rhino horns and potentially be cut out of trading with their rapidly expanding economy.
</content>
</comment>
<comment>
<content>
Most popular comment from yahoo Japan translated: "It is our culture, White people invaded australia and killed the natives and eat their kangaroos"

Sorry I lost the link, but they are NOT gonna listen.
</content>
</comment>
<comment>       
<content>        
Tells you how little the average Japanese travels. Kangaroo's are about as far from an endangered species as you can get. They've done so well that they're more common than deer in North America. And without any major native predators the options are hunt  and  eat them, or have them die of starvation  and  disease when the population exceeds the ability of the habitat to support them. Not to mention that most of the kangaroo meet sold is ranched.

Sounds to me like a bunch of sore losers angry that their dirty laundry was aired.
</content>
</comment>
<comment>
<content>
Scientific purposes... really!? Its idiotic that the world has stood idly by for generations while Japan has slaughtered, with an attitude of entitled impunity, despite international sanctions and confrontational objection from those who valiantly try enforcing the ban.
</content>
</comment>
<comment>       
<content>        
Took authorities long enough. Geezus. I'm Japanese and I find this to be unacceptable behavior, along w/ shark fin hunting. Scientific research, my a**. Killing of animals should only be done when hunting for food to survive. We are now living in a world where we live to eat. No wonder we're pushing the scales. Stop the madness!!!
</content>
</comment>
<comment>       
<content>        
They did mountains of research. It's on the web. They didn't just do research on animals culled. They took thousands of tissue samples from whales that never reached the dinner table. A portion of their research fleet doesn't even have the capability to harvest whales.
</content>
</comment>
<comment>
<content>
Japan will stop Now with U.N ban? Unlikely. but opens doors to trade sanctions that would truly mean something, or finally just sink the whaling ships!!
About time something was done. Ty Australia for filing lawsuit, Shame on USA for hiding tail between their legs!
</content>
</comment>
<comment>       
<content>        
And if they honor the demand to stop killing whales and also stop killing dolphins, maybe I can start buying Japanese products again. Havent purchased anything Japanese brand in over 2 years. LG from Korea has gotten my business instead, when I dont find a quality product from the US.
</content>
</comment>
<comment>
<content>
Congratz!!!!! to the Aussie's for saying enough is enough. Now on the other hand if the Japanese actually learned something through the 'research' then maybe, they should continue. But everybody knows what they were really doing.
</content>
</comment>
<comment>       
<content>        
See, I knew you were a conservative wacko.Someone does something awesome for an animal species and you conservative Limbaugh/Fox freaks object. Just like you are brainwashed to. LOL
</content>
</comment>
<comment>
<content>
If fighting for animal JUSTICE is terrorism, you are a conservative. It's common knowledge that conservatives are brainwashed to despise environmental/animal organizations, especially Greenpeace  and  others. It's so obvious, I can tell you what your opinion is :)
</content>
</comment>
<comment>       
<content>        
Great News and about Time! 
This whole pretense about doing scientific research, was such a farce. 
Just an obvious loophole that has been exploited to kill whales solely for commercial purposes. Shame on the lying, deceiving and heartless whale killers!
</content>
</comment>
</comments>
