<comments>
<topic id = "Raw-Topic-12" category = "5" />
<doc id="Raw-Topic-12_09" />
<comment>
<content>        
About time. 3000+ whales killed for scientific research, give me a break. All to support an industry of old whalers that should have long retired. Even Japanese school children won't eat the whale meat, it's too full of heavy metals.
</content>
</comment>
<comment>
<content>
Eating of shark fins must be stopped. Also eating of beef must be banned. Cows are considered holy in Hinduism. As for whales, for every whale that Japan kills, Japan must be fined 1 Billion USD and the fine donated to the victims of Japanese Barbarism in Asia during the invasion and occupation of Asia by Imperial Japan.
</content>
</comment>
<comment>       
<content>        
Great Decision - to attempt to hide under the guise of scientific research was a complete joke, and a lie. 
Japan has defended eating whale meat as well as the slaughter of dolphins on the basis of long standing cultural traditions. It is wrong to rely on outdated cultural traditions.
But the world is changing, and what may have been accepted or even a tolerated sustainable (or at least not a high impact disaster for ecological/environmental reasons) practice is no longer acceptable nor desirable.
So whether it is whaling by Japan/Norway/Iceland, Sharks Fin consumption anywhere in the world (but mostly in China) or any other egregious and harmful/selfish practices - people need to wake up and change before it is too late.
</content>
</comment>
<comment>
<content>
Japan has made the whole world a fool for too long....It has been a joke all along...why the western world can put up with the Japanese but not the Asians in particular the Chinese having shark fins? We must apply the same logic and play the games with even hands.
</content>
</comment>
<comment>       
<content>        
The Japanese governments had 1/2 a century to convince their own citizens to stop whale consumption, and they basically wasted all those years doing nothing to help themselves. People CAN be educated to change their diet, look how Hong Kong people now stopped eating dogs after it was band during the colonial days.
Alternatively they could have spent more resources on actual whale research, build a stronger case to prevent a judgment against them. 2 research papers in 9 years is a joke, obviously they were just eating whales instead of researching them.
</content>
</comment>
<comment>
<content>
Japanese claims about scientific whaling are just lies. Japan lies about everything including not forcing hundred of thousands of women to become sex-slaves in WWII. When the world hears anything from Japan better not be fooled because it could be all lies.
</content>
</comment>
<comment>       
<content>        
Bravo for this justified ruling..............the Japanese have always been inhumane to humanity and now they are simply doing the same to these whales. All simply because they probably want to keep having "delicacy sashimi"........ Glad that there are people in the world that can see the Japanese are nothing but liars and cheats.
</content>
</comment>
<comment>
<content>
There is no plaintiff or defendant before the ICJ; this is not a domestic court. The ICJ is the principal judicial organ of the UN, not the highest UN court. There is no court lower in the UN hierarchy. There is also no Presiding Judge, but President of the ICJ.
If the SCMP wants to be taken seriously, it should use correct language.
</content>
</comment>
<comment>       
<content>        
bravo !!!...its about time ...i applaud the decision....
all those fake scientific research is nothing more than to fulfill their empty stomach....
next stop ...dolphin massacre and lets not forget man's best friend and cats...its about time .......
</content>
</comment>
</comments>
