<topic id = "Raw-Topic-12" category = "5">
	<title> japan whaling </title>
	<doc id="Raw-Topic-12_01" hasComment = "Y" />
	<doc id="Raw-Topic-12_02" hasComment = "N" />
	<doc id="Raw-Topic-12_03" hasComment = "N" />
	<doc id="Raw-Topic-12_04" hasComment = "N" />
	<doc id="Raw-Topic-12_05" hasComment = "Y" />
	<doc id="Raw-Topic-12_06" hasComment = "Y" />
	<doc id="Raw-Topic-12_07" hasComment = "Y" />
	<doc id="Raw-Topic-12_08" hasComment = "N" />
	<doc id="Raw-Topic-12_09" hasComment = "Y" />
	<doc id="Raw-Topic-12_10" hasComment = "N" />
</topic>
