<doc id="Raw-Topic-12_09"> 
<news_source>
SCMP
</news_source>

<date>
March 31, 2014
</date>

<author_source>         
</author_source>

<headline>
UN court rules Japans Antarctic whaling not scientific, revokes permit
</headline>

<text>
<p>
Judges at the highest UN court ordered Japan on Monday to halt whaling in the Antarctic, rejecting the countrys long-held argument that the catch was for scientific purposes and not primarily for human consumption.
</p>
<p>
Tokyo said it was disappointed but would abide by the decision, while activists said they hoped it would bring closer a complete end to whaling around the world.
</p>
<p>
The International Court of Justice sided with plaintiff Australia in finding that the scientific output of the whaling programme did not justify the number of whales killed.
</p>
<p>
The tribunal said no further licences should be issued for scientific whaling, where animals are first examined for research purposes before the meat is sold to consumers.
</p>
<p>
In light of the fact the JARPA II [research programme] has been going on since 2005, and has involved the killing of about 3,600 minke whales, the scientific output to date appears limited, Presiding Judge Peter Tomka of Slovakia said.
</p>
<p>
Japan signed a 1986 moratorium on whaling, but has continued to hunt up to 850 minke whales in the icy waters of the Southern Ocean, as well as smaller numbers of fin and humpback whales, citing a 1946 treaty that permits killing the giant mammals for research.
</p>
<p>
Japan was deeply disappointed by the ruling, but it would comply, said Koji Tsuruoka, the countrys chief lawyer before the court. He said the government would need to study the ruling before taking any further action.
</p>
<p>
Judges agreed with Australia that the research V two peer reviewed papers since 2005, based on results obtained from just nine killed whales V was not proportionate to the number of animals killed.
</p>
<p>
The judgment is an embarrassment to Japan, but Tokyo could continue whaling if it devised a new, more persuasive programme of scientific that required lethal catch of whales, or if it withdrew from the whaling moratorium or the 1946 International Convention for the Regulation of Whaling.
</p>
<p>
Whaling was once widespread around the world, but Japan is now one of only three countries, alongside Iceland and Norway, that continue the practice. The meat is popular with Japanese consumers who consider it a delicacy.
</p>
<p>
Norway, the other main whaling nation, in 1993 shifted away from scientific whaling to commercial catches, where the meat is sold directly to consumers.
</p>
<p>
Norway set a quota of 1,286 minke whales in the north Atlantic last years summer hunt, saying stocks are plentiful in the region. Fishermen rarely catch the full quota, partly because demand has sunk in recent years.
</p>
<p>
Iceland and Norway do not claim to be carrying out research, openly hunting whale meat for commercial purposes, meaning the ICJs ruling has no immediate consequences for them. But activists said the ruling reflected a gradually changing climate that would put an end to whaling.
</p>
<p>
Whaling is under immense scrutiny from the international community, and the pincer movement on these countries is ever tightening, said Claire Bass, wildlife campaigner at the World Society for the Protection of Animals.
</p>
</text>
</doc>
