<doc id="Raw-Topic-12_04"> 
<news_source>
SBS
</news_source>

<date>
March 31, 2014
</date>

<author_source>         
</author_source>

<headline>
Japan deeply disappointed at whaling loss
</headline>

<text>
<p>
Japan is "deeply disappointed" that the UN's top court has ruled in favour of Australia by declaring its Southern Ocean whale hunt illegal, but nevertheless insists it will abide by the decision.
</p>
<p>
The International Court of Justice (ICJ) on Monday demanded Japan cease its whaling program "with immediate effect" as it didn't comply with the country's obligations under the international whaling convention.
</p>
<p>
The court agreed with Australia's long-held view that Japan's JARPA II research program wasn't "for purposes of scientific research" as allowed under Article 8 of the 1946 convention.
</p>
<p>
The Australian government welcomed the historic win, but stressed it would have no effect on diplomatic and trade ties with Japan.
</p>
<p>
Tokyo's agent at the ICJ, Koji Tsuruoka, addressed the world's media at the Peace Palace in The Hague after the judgment.
</p>
<p>
"Japan regrets and is deeply disappointed that JARPA II ... has been ruled by the court as not falling within the provisions of Article 8," he told reporters.
</p>
<p>
"However, as a state that respects the rule of law, the order of international law and as a responsible member of the global community, Japan will abide by the decision of the court."
</p>
<p>
Mr Tsuruoka refused to discuss whether Japan would design a new research program in the hope of resuming whaling at a later date.
</p>
<p>
He said Japan would digest the complex judgment before officials would "be able to consider what future course of action we should take".
</p>
<p>
Australia's agent, Bill Campbell QC, welcomed the decision, but emphasised differences over whaling wouldn't impact on the overall bilateral relationship between Canberra and Tokyo.
</p>
<p>
"The decision of the court today, important as it is, has given us the opportunity to draw a line under the legal dispute and move on," Mr Campbell said.
</p>
<p>
Monday's judgment comes seven years after then-opposition leader Kevin Rudd first pledged a future Labor government would take legal action against Tokyo.
</p>
<p>
Rudd was duly elected prime minister in November 2007, but it took another 18 months before the government instituted proceedings in mid-2010.
</p>
<p>
Current Labor deputy leader Tanya Plibersek said Monday's ruling meant a program which saw thousands of whales killed in Antarctic waters had at last been ended.
</p>
<p>
"The (coalition) government should now take up discussions with Japan to co-operate on genuine and non-lethal methods of whaling research," she said.
</p>
<p>
The court criticised Japan for not focusing more on research methods that didn't involve killing whales.
</p>
<p>
Prime Minister Tony Abbott travels to Japan in early April and will meet with his counterpart, Shinzo Abe, in an attempt to finalise a free trade agreement.
</p>
<p>
A Japanese delegation spokesman in The Hague told AAP it wasn't yet known if the pair would discuss whaling.
</p>
<p>
"But we are thinking Mr Abbott's visit to Japan is with a view to strengthening our ties," Noriyuki Shikata said.
</p>
<p>
Australia had argued before the 16-judge ICJ panel that Tokyo was cloaking a commercial whaling operation "in the lab coat of science" despite agreeing to a 1980s ban on harpooning.
</p>
<p>
Japan, however, countered during a three-week hearing in mid-2013 that the court didn't have the authority to decide what was, or wasn't, science.
</p>
<p>
But the court on Monday dismissed Tokyo's argument.
</p>
<p>
President Judge Peter Tomka ruled: "The evidence does not establish that the (whaling) program's design and implementation are reasonable in relation to its stated (scientific) objectives."
</p>
</text>
</doc>
