<doc id="Raw-Topic-12_03"> 
<news_source>
SBS
</news_source>

<date>
April 1, 2014
</date>

<author_source> 
AAP
</author_source>

<headline>
PM needs Japanese whales guarantee: Greens
</headline>

<text>
<p>
Japan must guarantee its whaling program is over when Prime Minister Tony Abbott visits the country, the Greens say.
</p>
<p>
Tony Abbott should return from Japan with a guarantee there will be no whaling in the Southern Ocean, the Greens say.
</p>
<p>
The prime minister will meet Japanese counterpart Shinzo Abe to discuss trade on a trip to the country next week.
</p>
<p>
Greens Senator Peter Whish-Wilson says the conversation should also include whaling after an International Court of Justice ruling that the practice is illegal.
</p>
<p>
"I expect whales to be on the agenda next week, not just wheat and wagyu beef," Senator Whish-Wilson told reporters in Hobart.
</p>
<p>
"(Mr Abbott) shouldn't come back to Australia unless he has a guarantee and a commitment from the Japanese that this is the end of the slaughter of whales in the Southern Ocean.
</p>
<p>
"This is a test of his leadership."
</p>
<p>
The Tasmanian senator says Japan could yet look for a way around the ruling.
</p>
<p>
"They said they will abide by this ruling, but that doesn't mean they won't seek another exemption," he said.
</p>
<p>
"It also doesn't mean that they won't do what Norway and Iceland have done and walk away from the International Whaling Commission."
</p>
<p>
Senator Whish-Wilson said Australia and other countries would need to up the pressure on Japan if the ruling was flouted by sending ships to police their waters.
</p>
<p>
He paid tribute to activist group Sea Shepherd for putting the whale hunt on the former Labor government's agenda.
</p>
<p>
"While we're having our Christmas turkey and frolicking on the beach, they're in the Southern Ocean freezing in giant storms, putting their boats and their lives in the way of stopping whales being slaughtered," he said.
</p>
</text>
</doc>
