<doc id="Raw-Topic-12_06"> 
<news_source>
The Guardian
</news_source>

<date>
March 31, 2014
</date>

<author_source>       
</author_source>

<headline>
Japan told to halt Antarctic whaling by international court
</headline>

<text>
<p>
The International Court of Justice has ordered a temporary halt to Japan's annual slaughter of whales in the Southern Ocean after concluding that the hunts are not, as Japan claims, conducted for scientific research.
</p>
<p>
The UN court's decision, by a 12-4 majority among a panel of judges, casts serious doubt over the long-term future of the jewel in the crown of Japan's controversial whaling programme.
</p>
<p>
It also marks a dramatic victory for the Australian government, whose four-year campaign to ban the hunts rested on whether it could convince the court that Japan was using scientific research as a cover for commercial whaling.
</p>
<p>
In its 2010 application to the court, Australia accused Japan of failing to "observe in good faith the zero catch limit in relation to the killing of whales".
</p>
<p>
Under the International Whaling Commission's 1986 ban on commercial whaling, Japan was permitted to kill a certain number of whales every year for what it called scientific research.
</p>
<p>
The sale of meat from the hunts in restaurants and supermarkets, while not illegal, prompted accusations from Australia and other anti-whaling nations that Japan was cloaking a commercial operation "in the lab coat of science".
</p>
<p>
In a lengthy ruling, the presiding judge in the Hague, Peter Tomka, said Japan had failed to prove that its pursuit of hundreds of mainly minke whales in Antarctic waters every winter V under a programme known as Jarpa II V was for scientific purposes.
</p>
<p>
"The evidence does not establish that the programme's design and implementation are reasonable in relation to achieving its stated objectives," Tomka said.
</p>
<p>
"The court concludes that the special permits granted by Japan for the killing, taking and treating of whales in connection with Jarpa II are not for purposes of scientific research," he added, before ordering Japan to cease its whaling programme "with immediate effect".
</p>
<p>
Noriyuki Shikata, a spokesman for the Japanese delegation to the ICJ, said Japan was "disappointed" by the court's decision but would abide by it "as a state that places great importance on the international legal order and the rule of law as a basis of the international 
community."
</p>
<p>
"In terms of a future course of action, people in Tokyo will examine that, but we have made our position clear - that we will abide by the judgment," Shikata told the Guardian. 
</p>
<p>
He said the ruling would not affect bilateral ties with Australia. 
</p>
<p>
"Japan and Australia are close economic and strategic partners with shared values and interests," he said. "We enjoy mature bilateral relations in many areas, so now it is important to ensure that our differences over whaling do not affect very good Japan-Australia relations as a whole." 
</p>
<p>
Shikata said he did not interpret today's verdict as an attack on Japan's culture. "We made references to cultural differences and dietary traditions, but this case was about the legality of the programme under the whaling convention," he said. "The court ruling referred, for example, to a lack of scientific basis for sample sizes ... it wasn't about cultural differences."
</p>
<p>
Campaigners welcomed the ruling. "This is an historic decision which lays to rest, once and for all, the grim travesty of Japan's so-called 'scientific' whaling and exposes it to the world as the blatant falsehood it clearly is," said Clare Perry, head of the cetaceans campaign at the UK-based Environmental Investigation Agency.
</p>
<p>
"With this ruling, Japan must clearly cease its whaling activities in the Antarctic."
</p>
<p>
The court ruled that Japan had not complied with its obligations covering scientific research as set out in article 8 of the 1946 International Convention for the Regulation of Whaling.
</p>
<p>
Japan, though, had maintained that its annual slaughter of 850 minke whales and up to 50 endangered fin whales every year was necessary to examine the age, health, feeding habits, exposure to toxins and other characteristics of whale populations, with a view to the possible resumption of sustainable commercial whaling.
</p>
<p>
Officials in Tokyo said the data could not be obtained through non-lethal methods.
</p>
<p>
Tomka, however, said Japan had not offered sufficient scientific justification for the slaughter of a large number of minke whales, while failing to kill enough fin and humpback whales to be of any scientific value. It had also failed to explore the possibility of gathering certain scientific data without resorting to killing the mammals, he added.
</p>
<p>
In its defence, Japan cited only two peer-reviewed scientific papers relating to its program from 2005 to the present, during which it has harpooned 3,600 minke whales, a handful of fin whales, and no humpback whales.
</p>
<p>
Tuesday's decision, though, leaves room for Japan to revamp its whaling programme to meet an international whaling treaty's requirements for scientific whaling.
</p>
<p>
And it does not mean the end to all whaling. Japan also hunts a much smaller number of whales in the northern Pacific, while Norway and Iceland continue to kill whales for their commercial value, in defiance of the IWC ban.
</p>
<p>
Japan has slaughtered more than 10,000 whales since the IWC moratorium came into effect, according to the Australian government.
</p>
<p>
Japan had questioned the court's right to rule on the case, but said before the ruling that it would accept its verdict. The court's judgements are binding and cannot be appealed.
</p>
<p>
Monday's ruling is unlikely to have much impact on the Japanese public, whose appetite for whale meat has declined dramatically since the immediate postwar period.
</p>
<p>
In recent years, stocks of whale meat have remained unsold, with almost 4,600 tonnes stored in port freezers at the end of 2012, according to Japanese government statistics.
</p>
<p>
Campaigners said they hoped the verdict would result in a permanent end to Japan's whaling programme in the southern ocean.
</p>
<p>
"The myth that this hunt was in any way scientific can now be dismissed once and for all," said Willie MacKenzie, oceans campaigner for Greenpeace UK. "We urge Japan to abide by this decision and not attempt to continue whaling through any newly invented loopholes."
</p>
</text>
</doc>
