<?xml version="1.0" encoding="UTF-8"?>
<comments>
<topic id="Raw-Topic-42" category="3" />
<doc id="Raw-Topic-42_08"></doc>

<comment><content>
Since it is required in 21 states now, and even more in the very near future, they (and other online retailers) don't have much choice. But you can't keep whining.
</content></comment>
<comment><content>
Why do you want to take picture of something to buy if you already have it in first place :)
Second, this feature is already available on all android phones, nothing new...
</content></comment>
<comment><content>
You can also use the phone to look up reviews on the item you are looking at in the store before you buy. I bought a new TV last night from the NEX but looked it up on Amazon before just to see what people thought of it. Amazon was actually $10 more expensive.
</content></comment>
<comment><content>
So Amazon wants me to pay $200 to buy a gadget that is primarily intended to make me buy stuff from them? If it sucks as a smart phone, no thanks. If it's a superior smart phone - maybe. If it's just okay as a smart phone, then give it to me for free.
</content></comment>
<comment><content>
and what exactly would me, myself, need from the google store that isn't already on the amazon app store or iphone store?

Nothing, the apps i do use and/or features are all available from all the major app stores.

All it boils down to is opinions and what that single customer needs out of their phone. You yourself may not even care for firefly but the person next to you will, or vice versa.

Amazon has always catered to people in their own ecosystem. It's all about the current customers and having them return again and again, that how it is a billion dollar market.
</content></comment>
<comment><content>
The 3D feature sounds like a battery-sucking gimmick, and I already know perfectly well how to buy things on Amazon. I generally like Amazon a lot but I'm pretty happy with my existing phone. I think it will be really hard for this to stand out in a crowded competitive market. As it is, the Windows phone has had a very hard time competing in a market saturated by Apple and Android. How many smartphone platforms do we really need? It's like the early PC days when there were countless different and incompatible platforms.
</content></comment>
<comment><content>
are we all just a little bit burnt out on this company trying to advertise and sell us crap - I don't want my phone becoming an instant link to amazon - walmart or any other big chain - No to your mobile cash register - DOA
</content></comment>
<comment><content>
Of all the features that are supposed to make this such a great phone, I have a question: How is the call quality ? Our best friends have ATandT smartphones, and we can hardly understand them when they talk.
</content></comment>
<comment><content>
Everyone, if you want your neighborhood to look healthy, spend some extra money and DON'T do it at Amazon. By spending more near your home, you'll save jobs, businesses and the value of your house. If you DO buy on Amazon often, don't ever complain about the local job market or why your neighborhood has tons of empty buildings.
</content></comment>
<comment><content>
Why not? Do you think spending money locally will do anything other than impoverish you and enrich the bosses in your town? If the local businesses are hurting it's about time. They've been sticking it to me for most of my life, now it's my turn to stick it to them.
</content></comment>
<comment><content>
That's ridiculous - you DO understand the principle of e-commerce, yes? So what do you do if your local retailer has an Amazon store they'd prefer you purchase from because their brick-and-mortar location requires too much overhead? Your sentiment is admirable, but execution is lacking.
</content></comment>
<comment><content>
It is unethical for Amazon to tap into the overhead of other companies with a convenient barcode-to-buy device. The whole point of this system is that you can go to a brick and mortar store, have their staff help you find what you need, then scan it and walk out without paying a penny, but costing them several dollars.
</content></comment>
<comment><content>
You missed the point. Many of the local stores in your neighborhood sell through Amazon was what he was saying. Many of the products on Amazon are sold by people, in your neighborhood, so you end up hurting them when you don't purchase through Amazon and purchase at their brick and mortar store. They have increased overhead that they have to service if you buy it from them at the local shop that they can eliminate if you buy it through their Amazon store.
</content></comment>
<comment><content>
I want more local restaurants, cafes, bars, entertainment. Not ugly stores selling junk. It's also a waste of time having to carry that stuff back as opposed to having it delivered to your door(man).
</content></comment>
<comment><content>
Andrew that is very silly. It's a waste of time to carry something? Im sure it will be a waste of time to carry your children because someone else can do it.
</content></comment>


</comments>
