<?xml version="1.0" encoding="UTF-8"?>
<comments>
<topic id="Raw-Topic-42" category="3" />
<doc id="Raw-Topic-42_09"></doc>

<comment><content>
Amazon did a great innovation. I agree. But to reach across world, is going to be almost a dream. Beautiful idea, but I don't think such phone is necessity! People need more than a shopping phone coz that's not going to make a living on day to day basis. Rather, gifting high end customer or discounted price for regular customers might enchant the customers
</content></comment>
<comment><content>
Ha ha ha discounts discounts discounts....what Indians need. I am sure you must be one who doesn't want the Guv to give subsidies to the poor but you want discounts from everyone who is offering a service to you. When it comes to us cost we have a left wing attitude and when it comes to income we become right wing ideologists. We are all hypocrites aren't we?
</content></comment>



</comments>
