<?xml version="1.0" encoding="UTF-8"?>
<comments>
<topic id="Raw-Topic-42" category="3" />
<doc id="Raw-Topic-42_01"></doc>

<comment><content>
Bezos, said:
I havent made a phone call on my phone in a long time, he said. But I know people still make phone calls.
This guy needs to get out of his bubble. Maybe lose his massive security detail, assistant-sycophants, private jet, and step for a few hours into the daily lives of most for a few hours. He might try going to a grocery store. (No, not everyone buys everything from Amazon, Jeff.) He'd find that people don't pay for shopping carts. This is a shopping cart that you, the user pay $200 plus calls for,on a two year contract. I buy a lot on Amazon, but this is just an expensive, really creepy, intrusive gimmick, from a company that is unprofitable. Oh ya, where are the Apps? Or maybe it's been a long time since Bezos used an app.
</content></comment>
<comment><content>
It's a shame.  Companies are determined to do things the hardest way possible.  I don't blame Amazon for thinking about making a smartphone.  Afterall, given the choice between a Kindle HDX and a Fire Phone, I would much rather have a phone for added utility.  But, Amazon is going about this all wrong.  For starters, this should be an unlocked, mid-range phone.  Go head to head with the Google Nexus 5 or try to take on T-Mobile's batch of LG related products.   The pricing structure feels like they are trying to go after Goliath (Apple) on their first try out of the box and they are setting the stage for embarrassment.   Unless someone uses Amazon for every aspect of their shopping life, where is the incentive for someone to get this phone?   Even more perplexing, where is the incentive for someone to change carriers to use this phone?  Even if they are already a dedicated Amazon customer, why make the change?   If this was an unlocked phone I could pick up for $300 and use on T-Mobile contract-free = "Sold!"   However, this announcement today was better off served to the birds flying in the trees...
</content></comment>
<comment><content>
The reasoning is that offering the phone off contract is a compromise, making it acceptable to have only one carrier.
We don't know the performance of the phone.  Don't be surprised if it turns out to be "mid range."   The price can be adjusted accordingly.  Note the 32 GB Fire Phone is already less expensive than an iPhone of the same capacity.  A salesman would say that, and a free year of Prime, make a $200 savings.  So, the lower capacity Fire Phone is, you guessed it, free!
</content></comment>
<comment><content>
Another race to the bottom ranks of profit margin led by Bezos. When does the market wake up to the fact that all this guy does is fulfillment at impossible to sustain pricing?
</content></comment>
<comment><content>
What an absolute joke of a phone.  I could buy, today (not in July), a Nexus 5 phone (32GB) for $399 unlocked, a 16GB Nexus 7 tablet for $229, and have just about enough room to toss in a Chromecast for another $35 landing me really close to what it would cost to buy the Amazon Fire Phone.  ($663 for the bundle vs. $649 for just the Fire Phone.)
Sure, if I could find any reason for the 3D gimmick, or if I were unaware that I could simply use Shazam or a QR reader to do most of what the FireFly app does (which is essentially a showrooming tool to get you to buy from Amazon), or if I felt a few megapixels were important enough to spend an extra $250 I MIGHT consider a Fire Phone.  
But then I'd have to accept an app store 1/5th the size of Apple's and Google's. No Google Now, Siri, or Cortana.  And the slowest OS updates of any of the ecosystems.  But, see, I'm not technically illiterate or an ardent Amazon fanboy, so I think I'll pass.
What a total joke.
</content></comment>
<comment><content>
Ignoring the Amazon brand name, there's nothing interesting enough about this phone to set it apart from any of the competition. Not the features. Not the specs. Not the OS. Not the price. Nothing.
The free unlimited photo uploads is kind of nice, but just kind of.
And you get stuck with a forked, limited, version of Android. (Upside: It plays nice with Amazon's ecosystem). 
So what this distills down to is this: Can, by themselves, the Amazon brand name and ecosystem create a new viable player in the phone marketplace?
Not for me, for sure. 
</content></comment>
<comment><content>
This is pretty much what I was going to say.  There needs to be an 'Eureka!' feature and there isn't.   The sort of 3D screen and Firefly are O.K., but neither is interesting enough to be a mind changer.  People with iPhones and Samsung smartphones have apps that do much of what Firefly does.  The  difference is putting those capabilities in a single app.  And, you still do the 'work' involved, i.e., opening the camera and scanning the object or holding the phone up to a sound source.
</content></comment>
<comment><content>
Interesting strategy - except that it ignores the role of brand. Samsung and Apple have built cool, fashionable brands at great expense to win. Amazon is the wrong brand for a fashion -concious market. Just ask HTC. They arguably have the best phones, but few buy them. And they just hired an ex-Samsung CMO to fix it. I'm not convinced Amazon will ever be an interesting enough brand for this market. It's very utility-based.
</content></comment>
<comment><content>
I would give both Amazon and Google two thumbs up for anything that they try.  They are flush with money and are using it to try to develop The Next Big Thing in the world of technology.  Microsoft at this point seems to be content to keep reinventing the same old same old over and over and selling it to suckers like me.  I can just see Microsoft's reaction if the Fire Phone takes off.  Microsoft will boast that its own Windows phone is twice the size of the Fire Phone and weighs twice as much, so there, take that, Jeff Bezos!
The first one who develops a battery the size of a dime that lasts for a month, regardless of usage, will rule the world.  That is really The Next Big Thing.  The first company that patents this kind of battery that can power phones, tablets, and even laptops will be able to write its own ticket.  
</content></comment>
<comment><content>
I have a Fire HDX tablet. That being said, I purchased the Fire with the main intent of it being a color Kindle reader, which the Paperwhites are not. While I am disappointed with the app availability because of no access to Google Play, the HDX functions very well as a Kindle reader. If I wanted to expand its use as a tablet (say by running the ATandT U-verse app, which is on Play but not Amazon), I would be disappointed. It is this lack of common app availability that  will hinder the Fire phone. I understand Amazon's concern with the malware on Play, but Amazon should implement a process whereby Fire owners could request an app that is on Play be made available on Amazon.
My real tablet computer runs Windows 8.1 Pro and it has millions of apps/programs without all the privacy concerns of an Android. But it has an AutoCAD-friendly bigger screen which is not book-sized. 
</content></comment>
<comment><content>
True.  I had a problem with my Prime music downloading.  I phoned their customer service number, reached a live American, who spoke comprehensible English on a clear connection, and got right to the point.  He explained what was wrong and how to fix it, gave me a incident number, and told me to call back if there was still a problem, give the phone clerk the incident number, and I wouldn't even have to repeat what the problem was.
Try that with any of the other internet companies.  
</content></comment>


</comments>
