<?xml version="1.0" encoding="UTF-8"?>
<comments>
<topic id="Raw-Topic-42" category="3" />
<doc id="Raw-Topic-42_05"></doc>

<comment><content>
Your phone is missing more. Imagine if we could have four cameras to take a photo of our phone to
show images in dynamic perspective
to make a ... (wait for it)...
3 dimensional phone. 
Imagine that!! I'm too excited. That is what we're all missing. 
That, and more shopping.
</content></comment>
<comment><content>
I'm still waiting for a phone with an OS that can replace my desktop. The power in the hardware is there, more so than some of my desktops even.
All these other useless crap addons and 'target markets' are killing it for those who want to get stuff done on as mobile a device as possible! Poor old Blackberry used to be this.
Imagine the possiblities if hotels and your mates and workplaces were all rigged up with BT-like devices (inc monitor) you could simply connect to with your mobile telemaphone.
*sigh*
</content></comment>
<comment><content>
Bah humbug. Death of the high street. What happened to the good old red phone box? They had a good choice of prostitute cards in em and all. Bet you the Fire doesn't.
</content></comment>
<comment><content>
Kindles are good e-readers but kindle fire tablets (which this phone will be more similar to) are only good if you're willing to have a totally locked-down device which can spoon-feed you amazon content. Plus their App Store sucks reeeeally bad! Things which are already out on android are never released on amazon and the selection in their store is frankly a joke
</content></comment>
<comment><content>
On the positive side, the UK government will be able to invade our privacy and capture four beautifully rendered 3D images of your face from the four front-mounted cameras (with Amazon servers being based in the US).
And the FireFly button sounds like a wonderful idea too. It will activate the phone's hardware, watch and listen to where we are and what we're doing, then try to flog us products via Amazon. I can't tell you how much time this will save me - I've been emailing Amazon my daily routine for years and it's taken me ages!
Can;t I just *upload myself* and get it over with?!
</content></comment>
<comment><content>
If it's anything like the Kindle Fire, with its terrible interface that's locked down and allows little if any customisation whilst only allowing authorised Apps from the Amazon Appstore, then I'll be staying well away.
</content></comment>
<comment><content>
Nope, not an iPhone user. Never did jump on that bandwagon. The phone is too expensive, the apps are too expensive, and you've got no real customizability. My first smartphone was a G1, and I've been a loyal Android user ever since. I love how I've never had a dropped call.
</content></comment>
<comment><content>
Anything, ANYTHING, that is unveiled with an on-screen presentation given by a man who seems a little too enthusiastic gets a big thumbs down from me. It's a fucking phone, not a cure for cancer,
</content></comment>
<comment><content>
This author is well known for his pro-Apple bias
https://www.google.co.uk/search?es_sm=122andq=charles+arthur+apple+biasandoq=charles+arthur+apple+biasandgs_l=serp.3..0.3973.5375.0.5477.5.2.0.3.3.0.89.148.2.2.0....0...1c.1j4.47.serp..0.5.155.yWzc3xrVtzw
Anything that isn Apple is a failure in his eyes.
</content></comment>
<comment><content>
Exactly, and the phones they've launched when they owned Motorola seem to have gone down well too, wasn't the Moto G the best selling non-contract smartphone in Britain last year or something? It's universally accepted as being excellent either way.
</content></comment>
<comment><content>
Google was in charge of Motorola about 18 months before Moto G was release.
An Motorola made a great point about how with Google money it was able to buy the components at big discounts because it was able to buy in bulk.
</content></comment>
<comment><content>
I hadn't even thought of that - although it is by all accounts a great phone - but more the Nexus line which have been praised to the high heavens for speed and value and always sell out.
</content></comment>
<comment><content>
yes it was a success. Google used the motorola acquisition to take patent ownership, push couple of models out, then sold the handset division to lenovo whilst retaining the patents and knowledge and intellectual capital.
So actually, a very shrewd move indeed, especially when you look at the $ numbers paid/sold for what they got their hands on. Very, very shrewd.
</content></comment>
<comment><content>
September-ish, usually.
Though what will they have fobbed you off about this time? Kindle was "amazing because it doesn't need a backlight, like a real book" so then they launch one with...... a backlight.
</content></comment>
<comment><content>
Wonder why a phone with such high specs is so cheap and only sold in the US? Oh yeah, it's basically a device to funnel the user into buying via Amazon. Silly me.
</content></comment>
<comment><content>
The article maintains:
Googles Android operating system has been a huge success but the search giant's attempts to launch its own phones have been disastrous.
I think the Nexus range of phones has been very well received. It's not the biggest selling line but it's hardly "disastrous". New versions are always eagerly awaited by hard-core fans.
</content></comment>
<comment><content>
So successful in fact they cancelled the Nexus line.
not confirmed and if it does go ahead it would be replaced with a "silver" range. Which is just a evolution of the Nexus and the Play version phones over the last year or so.
</content></comment>
<comment><content>
Jeff Bezos is one of the least trustworthy people in the world. 
Every year he gets more and more like a Bond villain.
'Do you expect me use this thing to talk?'
'No Mr Bond - ' I expect you to buy !'
</content></comment>
<comment><content>
''Googles Android operating system has been a huge success but the search giant's attempts to launch its own phones have been disastrous. ''
Err, not really.
First, Android is even more than a huge success. Today 8 out of every 10 smartphones shipped globally, according to Gartner and IDC, are Android. That qualifies as the dominant consumer choice. There are more than 1 billion Android smartphones in use today and Google is seeking to reach the 2/3rds of the global population that does not have internet connectivity with a combination of balloons (Project Loon), satellites (Skybox), drones (Titan Aerospace), etc.
Google has designed and released 5 smartphones to date, all with an Android OEM partners including Samsung, LG and HTC. These smartphones are not meant to be huge sellers but have a very loyal fan base----the phones are known as reference or benchmark phones as they introduce new software and services that Google encourages the other members of the Android Open Handset Alliance to adopt. There are more than 80 members of the Alliance.
I suggest Google's smartphones should be judged accordingly.
</content></comment>
<comment><content>
The world cup does not seem to have any 3d coverage, I am sure it was available if not in the last world cup but at least in the Euros.
The world is going 4k instead.
I love the Amazon map feature, only one building in 3d out of all the buildings in the center of New York.
</content></comment>
<comment><content>
Amazon are competing with Google using Google's own software and not paying them a penny. How long can this last? Google will surely change how they license Android any day now so unless Amazon start making their own OS I'd say they won't be around for long with phones and tablets.
</content></comment>
<comment><content>
There are plenty of OEMs who use Android without the Google services. Android is open-source; Amazon has forked it, as has Nokia/Microsoft, to create its own version of Android, which is allowed under the open-source licence.
What would be really interesting would be if Microsoft and Amazon collaborated on their versions of Android to create a device that offered the Fire package with Microsoft services - Office, Outlook.com, Onedrive - in place of Gmail etc. That would be a formidable competitor to Google.
</content></comment>
<comment><content>
I'll wait for the SIM free price. I will also caution that if you think Apple's walled garden is restrictive, wait 'til you see Amazon's!
Oh, and as others have suggested, there's nothing at all disastrous about Google Play's foray into films, music and books. Google might not have the market share of Apple or Amazon, in these areas, but I doubt Google's Board are crying into their beer.
</content></comment>
<comment><content>
No Google Play services is a hugh limiting factor. The cost is far too high. For this phone to make any impact it would have to be priced below the Nexus 5 and closer to the Moto g. I just cannot see who would buy this phone, a non starter.
</content></comment>
<comment><content>
all large tech companies are thinking future survival. with huge profits, stock or reserves they are buying, researching to find that relevance. change is fast and few if any can predict the future. so they lay down lots of bets. many years from now few will exist.
</content></comment>
<comment><content>
Couldn't care less. I wouldn't buy anything from Bezos if you, err, paid me. Especially as this really is just a device for shopping with Amazon. Which I never use.
</content></comment>
<comment><content>
I'll have to check, but no mention that the OS is a flavor of Android, just as teh tablet Fire?
Seems a major oversight, especially as so many have tweaked their Fire to load all Android apps.
</content></comment>
<comment><content>
but the search giant's attempts to launch its own phones have been disastrous
Really, so the Nexus 4 and 5 were disastrous? I think not, they flew off the shelves.
</content></comment>
<comment><content>
I have so far resisted the siren call of getting a smartphone. My current device does not even have a camera. It's just a "phone" - you know, for making telephone calls.
I wonder how long it will be before I am FORCED into buying one of these monstrosities because the powers that be will no longer support plain ol' phones.
</content></comment>
<comment><content>
About as long as it will take to make a smartphone that costs the same as feature phone do now -- a few years yet.
Phone companies are still quite happy to profit from the millions who cannot afford a $500 phone and a $1,000 per year plan. The additional costs of supporting phone calls on a network where video streaming is all the rage are practically nothing.
</content></comment>
<comment><content>
Moto E is available for about 80 and is a good phone for the money. I'm pretty sure you old phone will continue to make calls, just as an old rotary dial phone can be plugged into a socket and still work. But there are so many alternatives that do so much more...
</content></comment>
<comment><content>
Specifically want to be another post highlighting the idiotic statement "but the search giant's attempts to launch its own phones have been disastrous"
Really ignorant piece of journalism there, which could be forgiven if you were a fashion editor or a restaurant reviewer. But you're not. You're technology writers who know perfectly well the quality of the Nexus and Moto ranges pushed out by Google and the respect which they have garnered. The Nexus 5 is *still* one of the best handsets available, despite now being 7 - 8 months old. They may be small volume sales compared to Galaxy etc, but that utterly misses the point of their existence. They set the gold standard which the rest of the manufacturers evidentially try to emulate.
Ignorant, lazy and self-serving writing. I used to find it funny the posters attacking you for hating anything non-Apple with whatever level of sly dig you could achieve. I've gradually come to the conclusion that you really deserve the abuse you do get with the quality over the last year or two. Utterly ridiculous journalism.
An apology for such shit writing wouldn't go amiss.........
</content></comment>
<comment><content>
How much money did Google lose on Motorola? 9 billion, wasn't it?
And that's not disastrous in your books?
Don't run a business, mate.
Utterly ridiculous journalism.
Utterly ridiculous commenting, more like.
</content></comment>
<comment><content>
Great notion but unfortunately a huge FAIL -- "only available on ATandT". I would buy one tomorrow if it wasn't for this stupid carrier locking - there's no way I'll be shifting carrier just to get one (especially to ATandT).
I suppose I'll just have to wait a year or two for this deal to work its way out of the system so I can just buy a phone, no strings.
</content></comment>
<comment><content>
My only question is ...if I buy the phone will they forever be soliciting me to do the Amazon Prime before I can read a book or listen to a song or even buy a movie. Unfortunately I already know the answer.
</content></comment>
<comment><content>
but the search giant's attempts to launch its own phones have been disastrous.
Umm....you mean the Nexus 4, Nexus 5 and the 2 incarnations of the Nexus 7?? In what way on which planet and parallel universe were they a disaster?
</content></comment>
<comment><content>
They want $200 plus an ATandT contract for this lame-same device!
That is essentially the same price as a iPhone 5s or a Galaxy S5. Even if this device was as good as those two that's a big ask.
What I see is some useless 3D gimickry, forgivable in 2011 when 3D hype was high, but that's such an unwanted busted flush at this point its embarrassing its even offered, never mind highlighted.
Other than that its a dull matt black thing with comparable specs to a $200 no contract (or free with contract) device.
At least with the Fire tablet Amazon seemed to get it, to challenge a market leader you must offer something better for the same price, or something as good for a LOT less - they did the latter. This time around they haven't managed either.
</content></comment>
<comment><content>
I don't see any advantage of a fire phone over an iPhone. Of course iPhone has more apps. The iOS system is much better than android. Why would I buy a fire phone that always reminds me to buy amazon products, with an 2 year ATandT contact?
</content></comment>
<comment><content>
This statement really bothers me. Unless the Guardian is going to define how these phones were 'disastrous' and back up this assertion, I think the text should be changed. Charles?
</content></comment>
<comment><content>
Amazon Prime took LoveFilm and decided to charge everyone who was already paying 10 per month, another 2.50 for EACH EPISODE of any recent TV series. So 25-50 for a box set when you're already paying a monthly subscription. And they don't get all the films and often get them after Sky. So I'm not sure why anyone would want to tie themselves into that.
For shopping Amazon are convenient but expensive compared to others online. I don't understand why there is no competitor to Amazon for shopping that sells everything via a single app / website. Apart from ebay where you risk getting some fake version of something, its close to a monopoly for people who don't want to enter their address and credit card details every time they buy something...
</content></comment>
<comment><content>
I would hardly call the sales success the Nexus 4, and especially the Nexus 5 phones 'disastrous'! Yes they are not as high as Apple, or Samsung, for example, but why bring out the Nexus 6 later this year if project Nexus is a disaster!?
</content></comment>
<comment><content>
Bezos also revealed the device will use its four cameras to show images in dynamic perspective  technology that will render maps, pictures of clothing and other images with a 3D perspective. The cameras will also allow the phone to recognise head gestures from users to change the display. The phone is equipped with a Quad-core 2.2GHz processor, Adreno 330 graphics and 2GB of RAM.
Next project, already in the pipeline, apparently, - fold-away digital bicycles for the must-have-the-latest-gizmo stylishly trendy fish-about-town.....
</content></comment>
<comment><content>
Why would I want to carry around a device built for shopping? 
So I can shop on the train? In a bus? While I'm eating dinner in a restaurant?
Why would I want to be locked into one provider for purchases? 
Why would I trust them with my data?
Why Jeff, Why?
</content></comment>
<comment><content>
When I saw that Goggle's attempt's to launch its own phone had been disastrous I thought I must have missed something but everyone else has missed it too. What is it referring to?
</content></comment>
<comment><content>
Well because i am a prime member (my health makes it hard to go shopping for certain items ) and i need a new phone and despite having four apple computers an apple laptop, an iPad and previously have owned every variation of iPod up to the touch oh and apple tv an iPhone has never been a priority for me as i am old and use the land line for all my calls my computer for emails and my i pad for angry birds , a hundred quid and yeah ill be there .
</content></comment>
<comment><content>
After buying an Amazon Kindle Fire HD about a year ago I can safely say I wouldn't touch this with a Barge Pole of record breaking length. The Amazon app store lacks the best and full of the worst of Android
</content></comment>





</comments>
