<?xml version="1.0" encoding="UTF-8"?>
<comments>
<topic id="Raw-Topic-42" category="3" />
<doc id="Raw-Topic-42_06"></doc>

<comment><content>
What's the spin...?
Anti-Amazon, pro-Google?; Pro-Android, Anti-Google, pro-Amazon?; or Anti-Amazon, Anti-Android, pro-Google?; wait, I've got it. it's Anti-Amazon, pro-Apple [even thought the story's nothing to do with Apple, but they get two mentions].
I knew I'd get there in the end.
I like guessing games.
</content></comment>
<comment><content>
Err it kind of was reporting the facts - stating issues isn't necessarily adopting a position and not sure why anything that doesn't automatically fall into the adulation bracket becomes pro Apple or Anti Amazon by default ... 
Suggest you just enjoy the reportage and dig a little further if you want more facts :)'
</content></comment>
<comment><content>
So opinion columns in newspapers are not allowed?
There are currently three stories on this site about the Amazon phone launch. Two are straight reporting, the other (this one) offering some analysis and opinion.
If you can't tell the difference, then what are you doing here in the first place?
</content></comment>
<comment><content>
By the way, when I posted my comment, there weren't any news stories about the phone launch. There was only this. There were no facts, because the phone had not been launched. Suppose this were the launch of a political programme. Suppose, just hours before the launch, a newspaper published its only "news" story about the launch, saying that the programme was doomed to failure, and basing this opinion on nothing at all, since the author did not know the details of the programme, it not having yet being launched? What would you think? Would you think perhaps the piece was political spin? Supposing the author had a history of consistently writing positive stories about one party, and negative stories about all its rivals? Would you think it was spin then? This is exactly what Guardian Tech is like, all the time. It never varies.
</content></comment>
<comment><content>
ha ha, apparently off contract this is $649.
Not available (for now) in the UK.
Good luck if you can get it for 100, up against Nexus devices and the Oneplus One, there appears to be no contest.
it did cross my mind that if they sold it at cost, it might be worthwhile considering, but as that seems not to be the case, I expect this will be 500+ once you add VAT and transportation costs.
</content></comment>
<comment><content>
Actually, I wouldn't mind so much if they actually paid all of their staff an actual living wage, rather than the bare minimum they can get away with. That would have a very positive effect upon their image.
</content></comment>
<comment><content>
I think they are having more fun building distribution centres (warehouses) and developing new products. Can't really blame them. There will never be enough money to keep all of the so-called sick, or did you mean the really important people, such as doctors and nurses pensions ?
Does Amazon not pay employer's NIC, and collect Vat anyway as an unpaid tax collector for the Revenue ? Far more effective than Corp. Tax.
</content></comment>
<comment><content>
FFS - Believe me, I love tech; I check my 'Google Now' notifications all the time to make my life easier. Google inform me of traffic to a meeting, syncs with my calendar, email and toilet habits too (probably via GPS and wifi).
We live in interesting times. Perhaps at some point in the future we will all know where anyone else is, what they're doing and also what's in their fridge, should we wish to know?
I have no problem with a device from Amazon that is clearly made to siphon its users into using Amazon as their primary marketplace - a cheap device for a 'hidden' price. I do however have some reservations about where else this data may be used.
Amazon's history hardly seems reasonable whilst their philosophy for customers laudable, until one digs a little deeper into their strategy.
Then again I have pair of shoes on from Primark right now. Will be interesting to see how this all pans out...
</content></comment>
<comment><content>
First class analysis as always. Jeff Bezos will obviously be bitterly disappointed that his poor judgement his once again been so handsomely exposed.
This is the sort of quality journalism that we've come to expect from the Guardian. More, please.
</content></comment>
<comment><content>
I personally disagree, I find that the tech analysis in the Guardian is always tainted with personal feeling (tends to be too Pro-Apple and Anti everyone else).
I am not sure if the Amazon Fire is going to be a success (it might have come to late to the party) however I personally prefer if Amazon moved away from the tablet/phone market and moved entirely into the content space.
The only appeal for me for buying a Kindle Fire IS the content what is stopping me from accessing that content is that I don't want to buy the device.
If Amazon opened up Prime video and the Lending library to other devices I would actually use the services. I have Amazon Appstore on my phone and use it often, I often buy music from Amazon and buy products from them from their mobile app. If they could open up video downloads to non Fire users they would massively increase their market place.
The one thing stopping me from buying more films and TV programs on my phone is the price (I can often buy a DVD with a digital copy for less than the price of the film on Play!).
If Amazon could pull off a service like Sky's "Play and Keep" service they would become my video content provider of choice and I doubt I would be alone
</content></comment>
<comment><content>
As has been mentioned elsewhere on the interwebs, what we have here is a mid range phone, with some innovations, but priced like an iPhone 5s. It could work in the US market, where your contract is the same, no matter what phone you go for (so people go for the best phone they can get).
Here in the UK, on the other hand, you can buy a Motorola G, a Google Nexus 5, or even an iPhone 5s, outright, and then pick the SIM only tariff that suits you. For the UK market, the the Fire Phone looks very uncompetitive.
Also in the UK, Tesco will likely be first to market with their own Hudl phone. It won't be the best specified device, but it will be very competitively priced, on the shelves of your local supermarket, and provide the full range of Google services.
</content></comment>
<comment><content>
The big plus Amazon had to get the Kindle distributed was that it was a low cost reading device that had a lot of free (out of copyright) content available. Yes, they were hoping to convert those to content purchasers but I'm thinking they didn't get the percentages they were hoping for. Whatever, it's recruiting to the Amazon infrastructure.
If it's a me-too phone then it's pitching against the Motorolas and Chinese imports. If there's a way in, it's the Prime sub to tie the content in. Whether it works depends on the price. Tesco and probably others are looking at a parallel own-brand marketing strategy, perhaps that's a longer term vision of linking to multiple services; bundling phone, internet, TV, shopping loyalty cards and bank accounts. Prime plus-a-few-quid for the phone might work but it's not going to sell as just a phone if it can't seriously undercut the other mid-range smartphones,
</content></comment>




</comments>
