<?xml version="1.0" encoding="UTF-8"?>
<comments>
<topic id="Raw-Topic-42" category="3" />
<doc id="Raw-Topic-42_04"></doc>

<comment><content>
I'll have to pass. The Kindle got on my nerves trying to sell me stuff all time and that was with paying the $15 to have the ad feature turned off.
</content></comment>
<comment><content>
its rumored that you  can also talk one person to another over wide distances by making sounds and the unit will throw these sounds to another unit far away if you type in enough magical numerals........only in america!   ....what will they think of next?  ....i'd buy it already except that i notice it doesn't have a scuba lung air breathing dive feature...i like to go salt water deep diving in Aruba now and then....i'll wait for the next model i guess
</content></comment>
<comment><content>
This may be a good device for Amazon, however, I am not heavily into shopping for the sake of mere consumption.  I already have an item in mind when I go Internet shopping.  The 3-D capability seems a bit under-whelming, it's kind of like the 3-D maps, neat to see at first, then it becomes a mere useless and un-used feature. 
</content></comment>


</comments>
