<?xml version="1.0" encoding="UTF-8"?>
<topic id="Raw-Topic-42" caregory ="3">


<title> Fire Phone

</title>

<doc id="Raw-Topic-42_01" hasComment = "Y" />
<doc id="Raw-Topic-42_02" hasComment = "N" />
<doc id="Raw-Topic-42_03" hasComment = "Y" />
<doc id="Raw-Topic-42_04" hasComment = "Y" />
<doc id="Raw-Topic-42_05" hasComment = "Y" />
<doc id="Raw-Topic-42_06" hasComment = "Y" />
<doc id="Raw-Topic-42_07" hasComment = "Y" />
<doc id="Raw-Topic-42_08" hasComment = "Y" />
<doc id="Raw-Topic-42_09" hasComment = "Y" />
<doc id="Raw-Topic-42_10" hasComment = "Y" />





</topic>
