<?xml version="1.0" encoding="UTF-8"?>
<doc id="Raw-Topic-42_06">
<new_source>
The Guardian
</new_source>

<date>
June 18, 2014
</date>


<headline>
Amazon's smartphone success may not be easily won
</headline>


<text>
<p>
Amazon's decision to launch a smartphone on Wednesday in Seattle may look to some like a bid for world domination. Many details have leaked before its launch: it will have a 4.7in screen, and be available only on ATandT in the US and perhaps Vodafone in the UK; for its "wow" factor it will have front-facing cameras together with a screen that can give the impression of showing a moving 3D-object. And it joins the Kindle Fire tablet (first launched in September 2011, and now on its third generation) and recently launched Fire TV set-top box.
</p>
<p>
But Jeff Bezos, Amazon's determined founder and chief executive, will know that the smartphone market will be far more difficult to dominate - or even to break into - than the tablet or set-top box market, and much harder than the ebook market where the original Kindle holds sway.
</p>
<p>
The US smartphone market is rapidly approaching saturation: 170m, or nearly 70% of all mobile phone owners there, have one, and the remaining 48m (or 20%) who are likely to buy one, because 10% will probably stick to simple "featurephones", are increasingly price-sensitive. The story is the same in the UK: 70% have smartphones, and that figure will probably top out at 92% in mid-2016.
</p>
<p>
Bezos's most likely buyers are already Amazon customers; it has 244m active customer accounts worldwide, but as half its revenues come from north America, many of those are probably in the US. His prime targets will be people who are also already on ATandT (in the US) or Vodafone (in the UK), and already smartphone owners.
</p>
<p>
However, Amazon will find it hard to challenge Apple or Samsung, which have the highest customer loyalty among phone brands, and dominate the US and UK. Instead, its best chance of finding converts initially will be owners of weakening Android brands such as HTC, LG or Motorola, which are losing users in the US.
</p>
<p>
You might wonder whether the 3D effect - and rumoured "gesture" control - wouldn't be enough to tempt people to give up their iPhone or Galaxy S. Richard Windsor of the RadioFreeMobile consultancy, who has seen many 3D attempts, suggests not. LG had a 3D display phone; it sunk without trace in 2012 amid reviews noting a terrible battery life. "This kind of active tracking of the user and adjusting the picture will be processor intensive. This means that battery life will be worse than competing devices," he says. "The leader in developing this technology was Toshiba but it has recently given up developing the technology after failing to get it to work to a level that was considered acceptable  Amazon is right to differentiate its device, but it needs to do so in its [app] ecosystem not in hardware gimmicks."
</p>
<p>
The key question therefore is: how will Bezos measure the success of the phone? Amazon's aim with its hardware has always been to lock in its most loyal and big-spending customers by offering the device at a low price, and making profit on the content that people buy through it - from Amazon, of course.
</p>
<p>
"An Amazon smartphone would be less about profiting from device sales per se and more a way to pocket a larger share of multiple revenue streams, such as mobile retail sales, mobile content and advertising," says Cathy Boyle, senior analyst, mobile, at eMarketer.
</p>
<p>
Thus the Kindle e-reader was cheap, and appeals to people who buy a lot of books (because in the US, anyone who buys more than one book a year is buying more than the average). The Kindle Fire tablet has a high specification for its price, because Amazon wants to attract people who will buy videos, music and of course books to consume on it.
</p>
<p>
Thus sheer device sales aren't Amazon's concern. According to the research company IDC, Amazon has sold about 26m Kindle Fires since its launch; sales spike each Christmas quarter, and trail off afterwards. That compares to 172m worldwide from Apple, and 71m from Samsung. But like Apple, Amazon tailors its app store and software so that they're a funnel for buying from it.
</p>
<p>
Bezos is also being canny by using a version of Google's Android which omits Google services (and so avoids losing control to one of his business rivals). Android is the dominant software for mobiles in the US, being used by 52.5% of owners according to ComScore, another research company; Apple's iPhone has 41.4%. That should mean that using Amazon's phone isn't a dramatic departure in the user experience for many.
</p>
<p>
Yet Bezos's hand has almost been forced, suggests Jan Dawson of Utah-based Jackdaw Research, as the era of "e-commerce" on desktop computers gives way to "m-commerce", where people buy via their smartphones and tablets. People in the US and UK already spend more time on their mobiles than PCs; this move recognises that.
</p>
<p>
"Imagine whats possible when Amazon controls the whole smartphone experience: a dedicated app on the homescreen (perhaps even triggered by a hardware button) which launches an app for quickly adding things to your Amazon wish list or cart, via barcode or image capture and OCR," suggest Dawson. "The friction involved in translating a real-world discovery of an appealing product into an Amazon purchase would be greatly reduced."
</p>
<p>
Yet given how early Bezos saw the potential of online commerce, the puzzle is why he has taken so long to exploit m-commerce. He may have decided that the investment wouldn't pay off until smartphones were commonplace - unlike the bet he took in setting up Amazon.
</p>
<p>
According to eMarketer, a research company, the logic is simple. In the US, retail sales via smartphones will rise 25.4% to $18.49bn this year, representing 32% of all mobile retail sales (which include tablets). In the UK, smartphone retail sales will reach 4.65bn this year - approximately one-third of overall mobile retail sales.
</p>
<p>
A smartphone also offers the chance to serve mobile advertising - where eMarketer says Amazon has just 0.3% of the $33bn global mobile advertising market.
</p>
<p>
So Bezos has his work cut out. Launching a phone is easy. Making it a success is not - as Facebook and HTC learnt with their HTC First phone, released in April 2013 on ATandT and unceremoniously dumped a month later. Amazon is a big noise on the desktop. It still has everything to prove in mobile.
</p>




</text>



</doc>
