<?xml version="1.0" encoding="UTF-8"?>
<doc id="Raw-Topic-42_03">
<new_source>
CBC
</new_source>

<date>
June 18, 2014
</date>


<headline>
Amazon unveils Fire Phone
</headline>


<text>
<p>
Amazon has introduced a new smartphone with audio and object recognition technology that seeks to make it easier for consumers to locate and purchase products and services from the nation's largest e-commerce company.
</p>
<p>
The new Fire phone also adds such features as the ability to render images in 3D.
</p>
<p>
The Fire phone doesn't differ much from other smartphones on the market and shares many characteristics found in other Amazon devices.
</p>
<p>
Firefly identifies songs, objects for you to buy
</p>
<p>
Amazon's new Firefly feature allows users to take a photo of an object, such as a toaster or a soup can, and get more information about it, including a way to purchase it through Amazon. Many of the new features have been available elsewhere as separate apps. Sony, for instance, has a tool for getting information over the internet by snapping a bar code or a landmark. Firefly goes further, though, by incorporating audio recognition.
</p>
<p>
"It goes back to the mission of Amazon, which is to sell you stuff," said Ramon Llamas of the research firm IDC. "It reduces the number of steps it takes to buy things on the phone."
</p>
<p>
The phone will have a screen measuring 4.7 inches diagonally. That's smaller than leading Android phones, but larger than Apple's iPhone. CEO Jeff Bezos calls the Fire's size ideal for one-handed use.
</p>
<p>
The phone will be available July 25 in the U.S. exclusively through ATandT. People can start ordering it Wednesday. Amazon would not say when the phone would be available in Canada.
</p>
<p>
Double the storage of leading high-end phones
</p>
<p>
Prices are comparable to other leading high-end phones, but the Fire will have double the storage. It will cost $200 for a base model with 32 gigabytes and $300 for 64 gigabytes. Both require two-year service contracts. Without contracts, they will cost $650 and $750.
</p>
<p>
The phone will come with 12 months of Prime membership, which is normally $99 a year. Existing Prime members will get their term extended.
</p>
<p>
Competing won't be easy, though, particularly because Fire's prices aren't lower, Llamas said. With tablets, Amazon has been able to beat Apple and its iPads on price. Amazon makes up for that by selling more content.
</p>
<p>
Amazon is also arriving late to a tightly contested marketplace. Samsung and Apple dominate worldwide smartphone sales with a combined 46 per cent share, according to IDC. And in the U.S., Apple leads with more than 37 per cent, with Samsung at nearly 29 per cent.
</p>
<p>
As the phone was announced in Seattle, Amazon's stock rose $8.82, or 3 per cent, to $334.44 in afternoon trading.
</p>
<p>
Firefly is the centerpiece of the new phone. Snap a photo of a book, and it'll help you buy it, either as an e-book or a physical copy. Listen to a song playing in the background, and it'll direct you to that tune on Amazon.
</p>
<p>
It can even direct you to facts and data, by showing a Wikipedia entry with information about a painting you snapped.
</p>
<p>
The feature will also let you snap bar codes, phone numbers and more.
</p>
<p>
Another distinctive feature is 3D images. You can rotate the phone and get a different view depending on your angle of vision. CEO Jeff Bezos calls this "dynamic perspective" and said the phone is basically redrawing the image 60 times per second.
</p>
<p>
To make that happen, the phone has four front-facing infrared cameras to tell where your head is, even if your fingers happen to cover two of them.
</p>
<p>
That is on top of the regular 2 megapixel front camera for selfies, plus the 13 megapixel one on the rear for regular shots. The rear camera will have image stabilization to counteract shaking as people take shots, something available in other phones as well.
</p>
<p>
Unlimited free photo storage on cloud
</p>
<p>
Amazon is offering unlimited free storage of photos on its Cloud Drive service.
</p>
<p>
The phone will also come with earbuds that have flat cords and magnets to clasp them together, so tangled cords will be history.
</p>
<p>
And it will have an auto-scroll feature that lets you scroll down website articles or books by tilting the phone. Samsung's Galaxy phones have that, too.
</p>
<p>
The decision to make ATandT the exclusive carrier is similar to the approach Apple took when it unveiled its first iPhone in 2007. ATandT had exclusive rights to the iPhone in the U.S. until 2011, when Verizon and eventually others got it, too.
</p>
<p>
Amazon's first gadget was a Kindle e-reader, released in 2007. Although there are plenty of devices that do more, many people still prefer stand-alone e-book readers because they typically have better screens for reading in direct sunlight and don't have distractions such as Facebook and email.
</p>
<p>
The company started making Kindle Fire tablets in 2011. The latest models, HDX, are notable for a Mayday help button that accesses live tech support 24 hours a day, seven days a week.
</p>
<p>
With Mayday, which the Fire phone will also have, you see the customer assistance representatives in a video box, but they can only hear you and see what's on your screen. They can also help guide you by placing orange markers on your screen or taking control of your device completely.
</p>
<p>
In April, Amazon released its Fire TV streaming devices. What sets it apart from rival gadgets is a voice search feature that lets you speak the title, actor, director or genre into your remote to get matching content on the TV. On Wednesday, ATandT CEO Ralph de la Vegas said his Spanish accent wasn't able to throw it off.
</p>


</text>



</doc>
