<comments>
<topic id = "Raw-Topic-25" category = "4" />
<doc id="Raw-Topic-25_01" />
<comment>
<content>        
For as tragic and absurd the refusal to trust health workers is, it is comprehensible: for years western governments have used public health campaigns and aid in general to infiltrate local communities (sometimes to gather intelligence, sometimes to lobby for some mining/drilling project, sometimes to do religious proselitism).

CIA has recently admitted to have even faked polio vaccinations (so, not even using real vaccinations to infiltrate: just injecting fresh water instead) to gather intelligence in Afghanistan.

It should not come as a surprise that much of the health workers (who typically are outsiders from urban areas or foreigners) are therefore seen with suspicion.

As I said: understandable and yet tragic...
</content>
</comment>
<comment>
<content>        
I'd check your polio story.... It is not an injection....... As you might recall if you could remember your own

Religion,lack of education and shamen or similar are the root cause... Though yes the via did miss-use a polio program to gather intelligence.
</content>
</comment>
<comment>
<content>        
I'd check your polio story.... It is not an injection....... As you might recall if you could remember your own

Religion,lack of education and shamen or similar are the root cause... Though yes the via did miss-use a polio program to gather intelligence.
</content>
</comment>
<comment>
<content>        
I was not formulating an hypothesis, but merely referring to recent news: http://gu.com/p/3vfcg

As for the polio vaccine: where I live - but the same applies to UK - it is an injection, and it is normally a component of a "cocktail" of vaccinations for diseases whose "habitat" is the same (this is why they are administered jointly).
</content>
</comment>
<comment>
<content>        
I'm sorry, but the polio vaccine has never been administered by injection. When I was young (decades ago) it was given as a drop on a sugar lump, but by the time my children got it, it was dropped directly into the mouth. If you ever see photos of African children being given the polio vaccine it is by mouth. Of course, injections are given to immunise against measles (another killer in Africa), but not polio.
</content>
</comment>
<comment>
<content>        
You should not be sorry... for being wrong!

You could google your claims before stating them as a truth, though! :)

The polio vaccine has been invented as injections and for at least a decade that's been the only available form. I was inoculated in the 70s, and to the best of my knowledge, in UK the polio immunisation for kids (not adults) is still done in that form, within the DTaP/IPV/Hib cocktail...

Besides, what does the debate oral/injections has to do with the validity of my comment?
</content>
</comment>
<comment>
<content>        
to quote cdc

OPV continues to be used in the countries where polio is endemic or the risk of importation and transmission is high. OPV is recommended for global polio eradication activities in polio-endemic countries due to its advantages over IPV in providing intestinal immunity and providing secondary spread of the vaccine to unprotected contacts.

the injection is common only in developed countries and was not the norm in the 70s
</content>
</comment>
<comment>
<content>        
I'd like to ask The Guardian to, in the future, mention charities that are working issues contained in news articles, for those who would like to donate. The best time to secure a contribution is when sympathy is high, like while reading a news article on the subject.
</content>
</comment>
<comment>
<content>        
Well, its about time the Guardian started to take this as seriously as every other newspaper is.
However, this is basically a mashup of what everyone else has been reporting for the past week and a half.
Still no mention of the Conakry/Paris daily flights or the WHO recommendations for alerts in those airports, or the fact that a US pharmaceutical company (can't remember the name) has been given government funding to fast-track the development of a quick ebola test (to take only an hour and to be used in airports).
All those talking about African ignorance and natural selection would do well to remember the West's shameful history with AIDS and the fact that Conakry/Paris/anywhere bloody else is well within the 21 day incubation period.
I will be very surprised if this remains in Africa.
</content>
</comment>
<comment>
<content>        
Um, the shameful saying that only gays  and  drug addicts were going to get it for upwards of 15 years, allowing it to infect a lot more people through ignorance than otherwise would've been exposed?
The shameful firing of anyone with the disease (haven't you ever heard of Philadelphia?)?
</content>
</comment>
<comment>
<content>        
'The West' made no such assertions. It's a fact that it's easier for the HIV virus to take hold through rectal intercourse rather than vaginal, and drug users are at risk of inadvertently injecting themselves with the virus, but to assert that there was some widespread conspiracy throughout 'the West' is just crackers. As for people in some places losing their jobs for being HIV positive, this was neither widespread nor generally approved, let alone an official policy in any 'Western' country.
</content>
</comment>
<comment>
<content>        
What I find most terrifying about this outbreak, is that the mortality rate is comparatively low for a widespread Zaire strain outbreak. Survival stories are relatively common.

In the past, ebola has often burned out by pretty quickly killing almost everyone who reached the infectious stage (though incubation can be up to three weeks, infectious symptoms can be pretty obvious when it is often haemorrhagic). With a lower mortality rate, people are likely to be infectious for longer, allowing the disease to spread.

These crazy open casket funeral things don't sound like they help, either - and North West Sub-Saharan Africa is more densely populated in general (ie. urban and rural) than most of the rest of the continent.

But it's not that infectious. It wouldn't last too long if it reached an informed populace and a Government that could actually close down an area under infection. Despite the alarming hazmat suits above, people have successfully treated ebola in infected areas with only a face mask, goggles and gloves for protection. Not to recommend it, of course, and one must wash thoroughly, and carefully cover any cuts. But the real crisis comes worldwide if this thing aerosolises. It hasn't done that, yet (with the possible exception of Reston, among monkeys, and asymptomatic humans only).
</content>
</comment>
<comment>
<content>        
It spreads according to particular vectors. So it will appear to spread far under certain conditions e.g. poor hygiene, cooking etc. Where public health practices are good the probability of incidence rate would tail off quickly. So it's out of control in the sense of a delimited region in which it's difficult to track cases because patients keep running away from hospitals. Otherwise this is a historical regularity and their have been similar such incidents in recent years e.g. cholera in Freetown, Sierra Leone.
</content>
</comment>
<comment>
<content>        
Honestly, the smug "it'll never happen here, those Africans are so ignorant they deserve it" comments are very worrying, apart from the obvious ethical issues.
We have no reason to be smug about this; it is closer to us than we think, and we'd better start preparing for it to reach us now.
</content>
</comment>
<comment>
<content>        
It's not a case of "They deserve it" more a case of "They don't want our help because they think we're robbing imperialist bastards trying to kill them". Fine. They should be left to sort themselves out and in the meantime the rest of the world should quarantine them for our own safety.
</content>
</comment>
<comment>
<content>        
I wholeheartedly agree. I wonder if these people preaching death to those who are uneducated or not trusting are just trolls, or if the world really is full of such insufferable, utter bastards.

Given the support for 'Labour' cutting benefits to less educated youngsters, I suspect that they are actual, and in the majority...

Maybe humanity does deserve these virii...

No, wait...
</content>
</comment>
<comment>
<content>        
It's easy to be smug in a country with near universal access to free basic education, free basic medical care, universal access to electricity, transport, freedom of thought, cheap clothes from sweatshops, on-tap entertainment, good access to public and private transport, the right to vote and access to so much cheap food our biggest problem (or one of them) is obesity.

People saying lock down the airports are pretty abhorrent. Let's hope you don't have to experience real problems.
</content>
</comment>
<comment>
<content>        
That's a ridiculous thing to say, one of the first principles of infection control to to stop all movement of vectors if at all possible.

Like animal movements in the foot and mouth epidemic, which contributed vastly to its astonishingly fast spread. It's common sense to stop infected people entering an uninfected country. I'm afraid that diseases don't respect political correctness, if it isn't kept out, then it can reach here, quite easily.
</content>
</comment>
<comment>
<content>        
You misunderstand me; I said "apart from the obvious ethical issues".
What worries me is that we in the West are so smug about our supposed imperviousness to this kind of outbreak. 
I start wondering how all the people saying 'let them rot in their ungrateful ignorance' can believe that it can't happen here. Because it can. Eat food prepared by a restaurant/fast food/ supermarket, touch a petrol pump without gloves, take public transport, touch cash bills, etc etc? Well, you never know who else has been handling any of that. We may not handwash our dead, but we engage in plenty of risky behavior when it comes to germs.
The Spanish Flu in 1919 killed nearly 20 million people in the Western world. And that was in an era without daily international air travel. 
You really think misinformation, denial and panic won't take over our populace when/if ebola gets here? Do you really trust your government to act decisively and competently to stop this getting out of control?
What's happening in Africa right now is just a rehearsal for what would happen if it got here.
</content>
</comment>
<comment>
<content>        
So what can be done about it?

Seriously, if they view any sort of help with suspicion (rightly or wrongly) then the only thing that can be done is to ensure that the virus doesn't make it's way out of Africa. Any help from the West will likely be viewed as "imperalism". We should first ensure the safety of our populations before we move to help others.
</content>
</comment>
<comment>
<content>        
"Imperalist meddling is a reasonable assumption for many African's given history lessons."

Yes, I'm aware of that. Perhaps my wording wasn't correct. I was referring mostly to the people mentioned in this article.

But how do you educate them? Superstition is strong in Africa, and if they won't except help from the West (I don't blame them), then should at least except help from China or someplace else.
</content>
</comment>
<comment>
<content>        
There are top notch docs and scientists in every African country. Rural communities are often suspicious with many people clinging to ignorant and wrong beliefs. This is true everywhere in the world so sensitivity and respect are needed.
</content>
</comment>
<comment>
<content>        
An article that is not really very informative - for a disease which is said to have upto 90% fatality and is fast incubating, which is why it has caused relatively small outbreaks in contained areas previously, what has changed with this most recent.

It reads that the strain is a new one, is less virulent and slower incubating making it certainly more dangerous generally, did no one think to ask and report why this outbreak is lasting longer or whether its specific pathology are approaching the specifics that make it a massive threat , which for all its reputation on a global scale it never has been as it is too fast and too lethal.
</content>
</comment>
<comment>
<content>        
It could also be new infrastructure built in these countries that allowing the virus to spread quickly thus sustain itself. Better access to vehicles, new all weather roads and so forth. But so far there aren't any articles talking about the strain of Ebola that is causing this outbreak.
</content>
</comment>
<comment>
<content>        
It's not a new strain. It's already been identified as the original (unless you count Marburg) Zaire strain. There are plenty of patients and corpses to carry out tests on, and the difference is more subtle than that.

The mortality rate has been pretty constant since the first few cases: it's probably safe to say that this is not down to infrastructure or improved access to medicine since MSF arrived.

Who knows? It's still 759/467 people in three months: tragic, but not an awful lot to get your knickers in a twist about in terms of pandemics, yet... Unless the vector keeps up...
</content>
</comment>
<comment>
<content>        
Excellent questions, Neil. I read all the articles I can find about this outbreak, but none have approached the points that you're making. If the virus has evolved to be less virulent, yet slower incubating, then it might have found a way to make itself viable in the human population for some time to come.
</content>
</comment>
<comment>
<content>        
Many thanks for the informative reply. 
My inference then is that this article then is more standard doom mongering be afraid (even though there is little cause to be in the UK) than a serious attempt at information.
</content>
</comment>
<comment>
<content>        
I hear the Italians already have about 40 cases , comming from the imigrant boats, in Holland a woman has already died from this, she had been to Africa. And in Valencia, last week a man was stopped at the airport, with a bleeding nose and fever, the the case was not confirmed.
</content>
</comment>
<comment>
<content>        
Darwinism in action.

Sorry, but anyone standing there with people dying all around them, has to have a special kind of stupid to deny the existence of Ebola.

If they're stoning medical personnel, I say the foreign aid workers should up sticks, get the hell out of there and leave them to it.

Quarantine the countries so they can't affect us.
</content>
</comment>
<comment>
<content>        
No vaccine or treatment yet it's been around for 40 years. Perhaps it's because it's primarily killing poor Africans.

Flights to this country and back should be suspended; I don't care how rich the tourists are or how important a business meeting is.
</content>
</comment>
<comment>
<content>        
I design clinical trials for a living and I've no idea how you'd even begin to try and prove efficacy for an Ebola vaccine. Sometimes the reasons are practical rather than financial. Certainly, you could sell a vaccine to a lot of aid agencies and governments.
</content>
</comment>
<comment>
<content>        
Wasn't there a case a number of years ago where some enterprising African doctors decided to inject patients with blood from people who had survived ebola.? 
The theory being that there was the possibility of developing immunity. 
I think the outcome was positive and people's lives were saved.
</content>
</comment>
<comment>
<content>        
Ebola was first detected 38 years ago...If there isn't a cure; and it's easily transmitted from person to person, how on earth has it not managed to go completely global by now?---we seriously need to find a vaccine before our luck runs out.
</content>
</comment>
<comment>
<content>        
Because it too bloody good at killing it victims, that why it hasn't spread beyond Africa. 
It also easy to transmit but only if the proper precautions aren't taken, it spread through bodily fluids so you have to touch someone to catch it. We lucky it isn't airborne.
</content>
</comment>
<comment>
<content>        
It usually burns itself out. It's not that infectious, there has to be contact with body fluids, and it is also normally fatal very quickly. It doesn't usually get a chance to be passed on far.

This seems to be a bit different, longer incubation and not killing so quickly, which is worrying.
</content>
</comment>
<comment>
<content>        
An estimated 1000 tonnes of illegal meat products enters the UK every year, 25 tonnes of it is derived from bushmeat. Until people stop assuming it is safe to eat anything with four legs, other than the kitchen table, we should expect ebola and its nasty cousins to become a frequent event.
</content>
</comment>
<comment>
<content>        
Hmm I get you and for too long white men have gone to Africa to pillage and done stuff outside of people's frame of reference.

But.

Healthcare and education around disease containment, effective treatment and so on do not change, no matter your frame of reference.

Sometimes, a person's frame can be very limited, education really can change that and open up new ideas and opportunities. What seems to be the case - once again - is religious dogma is confusing the issue. And they mentioned going to church. We only have missionaries to thank for that.
</content>
</comment>
<comment>
<content>        
I think it is the traditional healers that are the problem and faith in magic and other stuff. I lived in rural Africa on the DRC/Uganda border for a number of years. It is astonishing what some of these people believe. Western missionaries are a big problem, especially the Mormons. But in this case it's traditional superstition that seems to be the issue.
</content>
</comment>
<comment>
<content>        
I really don't think that is the case. Bushmeat is consumed within areas of London and every other European city, obviously out of choice. I believe it has more to do with cultural beliefs. 
Not denying that there will be rual areas that partake in the local wildlife but to many it is a preference. This isnt exclusive to Africa, China also has a craving for the exotic.
</content>
</comment>
<comment>
<content>        
'They have their traditional beliefs and their traditional cures and they look up to their traditional leaders'

So consequently, they have their traditional death.

Is not the western medical imperative, to save every life no matter the cost, an unbearable intrusion into African life as lived in Africa?
</content>
</comment>
<comment>
<content>        
I get what you're saying and I partially agree. If they were trying to push a cancer treatment on unwilling people then I would be in complete agreement with you. However successful containment of this disease could be important for everyone in the world, from their next-door neighbours to you and I. Exposing people with ebola due to traditional beliefs is different to getting traditional treatment for malaria because the malaria will not infect another person directly.
</content>
</comment>
<comment>
<content>        
That this is allowed to continue in 2014 should bring shame on every single one of us in rich countries who do nothing.

People need proper sanitation, access to electricity and proper education. It's horrific that governments from rich countries can spend trillions on oil wars but not provide help where it's actually needed.
</content>
</comment>
<comment>
<content>        
That this is allowed to continue in 2014 should bring shame on every single one of us in rich countries who do nothing.

People need proper sanitation, access to electricity and proper education. It's horrific that governments from rich countries can spend trillions on oil wars but not provide help where it's actually needed.
</content>
</comment>
<comment>
<content>        
Enough of the fake outrage. We give billions to African countries every single year (and the doesn't even count personal donations).

Perhaps if African leaders weren't corrupt bastards and actually put some effort into making their countries a better place, they wouldn't be in this situation.
</content>
</comment>
<comment>
<content>        
So could we then assume that the infection rate over the general population from bushmeat isn't the primary cause of transmission but it is more likely that transmission is occurring from lack of sanitation in handling food and corpses....?
</content>
</comment>
<comment>
<content>        
So not eating fruitbat, burying your dead in good time,not breaking patients out of treatment centres and not relying on witch doctors can contain the disease?

As sympathetic as I am to victims, Africans are their own worst enemy yet again.

Sadly reminiscent of the horrific "cures" for AIDS in South Africa. Hopefully the presidents of the affected nations won't be telling their people that a shower after eating fruitbat is sufficient protection.

As someone who spent their early childhood there, I have always wished Africa and her people well, but you get to a stage where you give up in the place.
</content>
</comment>
<comment>
<content>        
Too true, being a health care worker in Africa I come across the victims of so called traditional "healers" on a daily basis. I weep for the ignorance so widely perpetuated on this continent, even, and perhaps most shockingly, amongst those considered to be educated. Africa is its own worst enemy but will continue to blame the West as long as the West continues to blame itself.
</content>
</comment>
<comment>
<content>        
For those looking down on the Africans: A lot of people in "educated countries" believe that vaccinations are harmful and that they can cause autism, while science has proved otherwise. How's that different, except that the Africans in question can't even read and don't have internet?
</content>
</comment>
<comment>
<content>        
It's not different in anything but scale. The anti-vaccine lobby are ill-educated reactionaries who manage to put everyone else in their society at risk through their actions. Fortunately they are currently in the minority so their impact is currently limited.
</content>
</comment>
<comment>
<content>        
It's not different in anything but scale. The anti-vaccine lobby are ill-educated reactionaries who manage to put everyone else in their society at risk through their actions. Fortunately they are currently in the minority so their impact is currently limited.

Though personally I think I'm in favour of removing the choice to vaccinate; when your freedom of choice directly threatens the lives of others who have no control over that choice, you've stepped over the line of 'rights' and in to the realm of 'responsibilities' in my opinion.
</content>
</comment>
<comment>
<content>        
What is your point? Of course people turn to their tradition, they have no education and no access to information. They can't read up on Wikipedia whether what the doctor says is correct or not.The government doesn't give a shit about them, and they have so many different diseases that one more makes hardly any difference. But people do send their kids to school if there is one and if they can afford it. And then the best of them all flock to Europe to work as dishwashers.
</content>
</comment>
<comment>
<content>        
Agree with you absolutely, especially since they put weak people at risk - namely those who can't be vaccinated themselves because they have health issues. My friend's son was a premature baby and couldn't be vaccinated (yet). He caught whooping cough because some kids in his brother's daycare weren't vaccinated. He nearly died, had lung problems for years and now suffers from asthma. But the others thought it was too dangerous for their precious healthy children to be vaccinated. This kind of ignorant egotism makes me foam at the mouth.
</content>
</comment>
<comment>
<content>        
My point is that you cannot hope to compare the western "anti vaccine" campaigners with those still subscribing to these ridiculous and harmful African superstitions. Whereas the anti vaccine nutters represent such a fringe population in the developed world, traditional superstitions are practiced by the majority of Africans (both the educated and uneducated as a matter of fact). I deal with this on a daily basis and I can say that you are approaching the problem with an all too logical western mindset and I assure you that it will only lead you astray.
</content>
</comment>
<comment>
<content>        
Ebola isn't a joke man. If what article describes as the people being dumb and listening to tribal shamans or whatever,then the place needs to be quarantined. Mass immigration of Africans to Europe and these people who are infected get to the shores a huge epidemic is on the horizon. Tighten up on immigration or virus like these may land on your shores.
</content>
</comment>
<comment>
<content>        
Ignorance is a major part of the problem. But the ignorance is not limited to villagers and medicine folk. Why were traditional healers outside the medical establishment? Those folk could have been very useful early warning alarms for the health agencies and superb communicators of technical information to non-technical people.

Why have politicians not ensured clinics have adequate facilities or even adequate thermometers? It's an ebola hotspot. The disease will break out. It is not a case of if and, because of increased deforestation and increased population, it isn't really even a matter of when any more.

Airborne strains so far only exist in monkeys, but the mutation in the human strain is inevitable. That can't be avoided. Ignorance amongst missionaries and non-medical aid workers means it the disease will affect larger and larger areas until it hits the critical size when it will go global. That is not inevitable, that is a choice.
</content>
</comment>
<comment>
<content>        
Training and using traditional healers to cross the mistrust of modern medicine barrier has been done before, successfully. The trick appears to be to not just ditch the traditional beliefs wholesale (no one responds well to having their cherished belief system dismissed) but to work with the healers to train them to incorporate the vital medical science into their traditional practices, and to provide them with the resources and support to do so.
</content>
</comment>
<comment>
<content>        
It probably is too late this time, but assuming this is contained (it might not be), that would be a vital lesson to learn for next time. I think WHO, DsF and African health authorities should pin up a copy of your reply and require anyone operating in the area to read it each morning.
</content>
</comment>
<comment>
<content>        
I'm disturbed by the apparent similarity in the response by the West African community to ebola and the thinking of people in the developed world on certain health issues, like the anti-vaccination movement or the preference for 'traditional' medicine over 'big pharma'. I may be seeing connections that aren't there, but it does seem to have similar roots in a general distrust of politicians and medical experts in the face of evidence.

For example, the people who distrust big pharmaceutical companies believe that effective medicines are being held back for profit, that the benefits of modern medicine are overstated in order to convince people to buy them and/or that the diseases or conditions being treated are made up or overstated for profit, power or political distraction. Many of the stories in this report reflect similar thinking.

Now, I'm not saying I blame people for being a bit leery of profit-driven companies or corrupt politicians, but it's a worrying trend that across the world medical experts, aid workers and independent scientists are getting lumped in with them to the detriment of all.
</content>
</comment>
<comment>
<content>        
People in thes countries have no reason to trust their corrupt and incompetent health services, and experiences with Europeans have been negative for centuries - remember the slave trade, colonialism and the ongoing Western scramble for natural resources? Looking after their ill is for many the only option that works. In these circumstances, how eould you feek if a group of foreigners in protective suits descended on you to take a loved one away?
</content>
</comment>
<comment>
<content>        
Stop Airlines flying in and out of these countries. That should surely e the first step.

My wife works for an Airline and they are still flying to Conakry. The airline sent a letter to the airline staff outlining things to do if they thought someone looked slightly under the weather: move them away from other passengers basically.

The Airline then said to the press that their staff were fully equipped to deal with any possible contamination on their airlines. Ludicrous.

The staff are now not even allowed to refuse a flight to the contaminated country, "it's safe now" is the sort of view from above.

Money will become before safety. And the people making the decisions to fly to this country are the ones that will never fly there.

More drastic action needs to be done by governments to override private business and profit and begin restricting movement in-and-out of these contaminated countries.

Send as much medical help as we can, but start taking basic actions to stop the spread.

If it comes out of these sparsely populated countries with limited transport systems and hits a European capital then the proverbial will hit the fan. Hard.
</content>
</comment>
<comment>
<content>        
"More disturbingly, it has also jumped to all three countries' densely-populated capitals." What does this actually mean? The implication is that Ebola is established and spreading in the three cities. I'm writing this from Freetown, where there is no evidence that this is the case, or, if there is, no-one is saying it publicly. There may or may not have been isolated cases. If your reporters know different, then they should be writing that. Vague phrases like "jumped to" are not helpful.
</content>
</comment>
<comment>
<content>        
This is an excellent article and saddening to read. But as tragic as the above scenario is, the writers neglect to balance it some by pointing out that such tribal traditions around health issues sometimes continue to hold sway because the alternative--the Western intervention by health and medical agencies--has often held hidden agendas and proven to be untrustworthy. A good counterbalance to this Guardian piece is "The Troubling Truth Behind the Ebola Outbreak" by Tony Cartalucci of the Center for Global Research, who writes, in equally excellent article: 
This is,of course, the same scenario that played out in Pakistan, when Save the Children workers found it next to impossible to operate after it was discovered that agency had been working with American intelligence to pinpoint the whereabouts of bin Laden, which had the net effect of reversing years of agency struggling to get locals to cooperate.
</content>
</comment>
<comment>
<content>        
When ebola first struck Pujeh, a village deep in Sierra Leone's forested interior region, residents did what they always do when a mysterious illness brings death: they consulted the traditional healer. But the elderly herbalist soon caught one of the world's most contagious diseases, and then became a source for spreading it as visitors streamed in.

By the time officials had pinpointed Pujeh as a hotspot for the disease months later, dozens had died. "The people living in these areas said there's no such thing as ebola," said a district doctor who spoke on condition of anonymity. "They have their traditional beliefs and their traditional cures and they look up to their traditional leaders. Until we can bring the traditional leaders onside, it will be very difficult to convince them that ebola even exists."

Ideas matter. That some things are true and and other things are not true matters. And when people wonder why some of us tend to get worked up about things like homeopathy, "traditional" Chinese or Ayurvedic medicine, and anti-vaccinationist nonsense, this is why. Because it matters. Sometimes it matters a lot.
</content>
</comment>
<comment>
<content>        
Is this the start of something big or have I just been playing Plague Inc. for too long?!

Seriously though, where are the leaders of these 'churches'? If they are either the Catholics or American fundamentalists, I guess we'll be waiting a long time for them to take this seriously and deal with their deluded follwers. I mean the Catholic churches' record on HIV is not good and the fundamentalists probably think that prayer really does work......
</content>
</comment>
<comment>
<content>        
Gotta love the ignorant. Your governments, and some of your actions here, behave in ways which gut religious based human services, discredit well intending people, and generally discourage anything except centralized ""right thinking" atheist" state control, and now some of you taunt faith organizations to pick up the slack?

Your actions and ill words have consequences, and if it is your desire to be militant toward people who don't believe they can explain 'nothingness' in the same way you can (and if you can let us know, we've got a few problems that could be solved), remember that it may have been your actions, first, that separated the community (and if militant separatism is your highest goal, you can keep your "high minded intellect", in a cage preferably)

Perfection? Even those who walked with Christ still needed rebuke after he transcended. There is no human perfection here, grow up.
</content>
</comment>
</comments>
