<comments>
<topic id = "Raw-Topic-25" category = "4" />
<doc id="Raw-Topic-25_04" />
<comment>
<content>        
Dogs and pigs have been added to the list of host for this virus, and during 2012 there is very quiet admission that this virus is now airborne. Y'all better care about why more research as not been done on a vaccine. If it is now airborne it will be coming to a neighborhood near you.Closing borders will not protect you from this, and that mantra just needs to stop. 
It now makes sense that the outbreaks are happening in areas where the usual host are not present. The host and the method of transmission has changed.
Some of you nerves Nellie's can think about the pig as you celebrate the 4th of July, LOL!!!! As for me, I am gonna cook the hell out of the pig and chow down until instructed otherwise.
</content>
</comment>
<comment>
<content>        
Another article show where a guy died alone in a house. Some people are taking help as a threat. His whole family disappeared. I hate to tell everyone, there are many more dead and infected then they know. Out of Control is and understatement. DWB can't send anymore teams out so whole communities are without treatment.
</content>
</comment>
<comment>
<content>        
Why isn't this a bigger story? If they are having issues containing it now, what will prevent it from spreading further? Obviously they can't solve this on their own.
</content>
</comment>
<comment>
<content>        
Ebola anywhere is Ebola everywhere! So stop the handshakes, the cheek-to-cheek greetings, hugs, even sharing basins, cups etc. This disease is contagious so avoid physical contact of any kind! And for those who do survive, it remains live in semen for up to 3 months at least!
</content>
</comment>
<comment>
<content>        
It kills quickly enough that people don't travel far or spread to many people before dying, so it doesn't spread as much as a slower-killing disease would. Watch out if a slower-killing version emerges, because that could decimate humanity.
</content>
</comment>
<comment>
<content>        
Ebola will make its host very sick fast. A strict quarantine will stop this disease quickly at the border of any country. This will hurt commerce but must be done until the epidemic burns out. Humans are not the natural host of this virus so it is self-limiting too.
</content>
</comment>
<comment>
<content>        
It is niaive to think that we could adequately contain this in (the highly mobile) North America.

I worked in the Emergency Department in Canada during the SARS epidemic - taking care of SARS patients. We as a profession learned a lot from that experience - but we also learned that we have limitations. Ebola is much more serious than SARS.

Early identification and isolation are the key.....but that only mitigates the problem. SARS stopped suddenly on its own and has never been seen again. That is what saved us. (We have no idea why it disappeard. That just doesn't happen.)
</content>
</comment>
<comment>
<content>        
This is scary and sad. James has the right idea. These people are suffering and are no less important than people from more affluent countries. They have families, struggle to survive, love, have hopes and dreams and are SUFFERING right now. I'm really frightened for them right now.
</content>
</comment>
<comment>
<content>        
Someone wrote about how Old Timers used to cut trees down and block roads in/out of a town or village to stop any illness. The early pioneers did this as well. Such a simply thing, close the borders to the villages/towns..
</content>
</comment>
<comment>
<content>        
When the Europeans divided up Africa, they did it without any regards to the fact that their borders sliced tribal territories in half and combined people from different tribes that did not necessarily get along together into one new country.

In many cases, the original tribal/ethnic groups still identify with each other more than their own country - and borders are not easily monitored or patrolled in rural areas.

Simply chopping down trees and/or blocking roads will not work. In many rural and border areas, there roads are not officially roads and are not maintained in any manner. Imagine off-roading in isolated areas. The roads are rough, and if a section becomes impassable, you simply drive around and create a new route. North American thinking and solutions do not always work well in Africa.
</content>
</comment>
<comment>
<content>        
This is in an area with a population of millions and it sounds like less than a thousand people have died. Doesn't seem to be much to worry about. Most die due to lack of proper medical care and dehydration. If it crosses the Atlantic, yes, our hospitals will be filled to capacity and run low on hydration drips, but for the most part, most will survive.
</content>
</comment>
<comment>
<content>        
Eire, this bug has a horrendous death rate. It is simply passed from person to person. It is not something that hydration will fix. It is a virus that will liquefy the internal organs.
</content>
</comment>
<comment>
<content>        
Disseminated Intravascular Coagulation #$%$) is what will kill most people. (Think about the movie "Outbreak" where people bleed out of every orifice and pore - but without the movie's miraculous cure.)

You can treat the mild and/or early symptoms symptomatically - but once #$%$ starts you are essentially done for - even in the best medical centers in North America or Europe.
</content>
</comment>
<comment>
<content>        
Ebola will make its host very sick fast. A strict quarantine will stop this disease quickly at the border of any country. This will hurt commerce but must be done until the epidemic burns out. Humans are not the natural host of this virus so it is self-limiting too.
</content>
</comment>
<comment>
<content>        
It is niaive to think that we could adequately contain this in (the highly mobile) North America.

I worked in the Emergency Department in Canada during the SARS epidemic - taking care of SARS patients. We as a profession learned a lot from that experience - but we also learned that we have limitations. Ebola is much more serious than SARS.

Early identification and isolation are the key.....but that only mitigates the problem. SARS stopped suddenly on its own and has never been seen again. That is what saved us. (We have no idea why it disappeard. That just doesn't happen.)
</content>
</comment>
<comment>
<content>        
Someone wrote about how Old Timers used to cut trees down and block roads in/out of a town or village to stop any illness. The early pioneers did this as well. Such a simply thing, close the borders to the villages/towns..
</content>
</comment>
<comment>
<content>        
When the Europeans divided up Africa, they did it without any regards to the fact that their borders sliced tribal territories in half and combined people from different tribes that did not necessarily get along together into one new country.

In many cases, the original tribal/ethnic groups still identify with each other more than their own country - and borders are not easily monitored or patrolled in rural areas.

Simply chopping down trees and/or blocking roads will not work. In many rural and border areas, there roads are not officially roads and are not maintained in any manner. Imagine off-roading in isolated areas. The roads are rough, and if a section becomes impassable, you simply drive around and create a new route. North American thinking and solutions do not always work well in Africa.
</content>
</comment>
<comment>
<content>        
To say "Total disinterest." is preposterous since people commenting here have little practical information on what happens thousands of miles away. For once people are not loading up on the negative / hateful anonymous comments.
</content>
</comment>
<comment>
<content>        
Ebola anywhere is Ebola everywhere! So stop the handshakes, the cheek-to-cheek greetings, hugs, even sharing basins, cups etc. This disease is contagious so avoid physical contact of any kind! And for those who do survive, it remains live in semen for up to 3 months at least!
</content>
</comment>
<comment>
<content>        
It kills quickly enough that people don't travel far or spread to many people before dying, so it doesn't spread as much as a slower-killing disease would. Watch out if a slower-killing version emerges, because that could decimate humanity.
</content>
</comment>
<comment>
<content>        
This is scary and sad. James has the right idea. These people are suffering and are no less important than people from more affluent countries. They have families, struggle to survive, love, have hopes and dreams and are SUFFERING right now. I'm really frightened for them right now.
</content>
</comment>
<comment>
<content>        
if they wanted help maybe they should quit the knife attacks on the people who are trying to help them, you can't fix stupid no matter how much of a bleeding heart liberal you are
</content>
</comment>
<comment>
<content>        
We see much the same problem here, with the spread of anti-vaccine hysteria with idiots online claiming without evidence that vaccines cause autism.
</content>
</comment>
<comment>
<content>        
Another article show where a guy died alone in a house. Some people are taking help as a threat. His whole family disappeared. I hate to tell everyone, there are many more dead and infected then they know. Out of Control is and understatement. DWB can't send anymore teams out so whole communities are without treatment.
</content>
</comment>
<comment>
<content>        
Dogs and pigs have been added to the list of host for this virus, and during 2012 there is very quiet admission that this virus is now airborne. Y'all better care about why more research as not been done on a vaccine. If it is now airborne it will be coming to a neighborhood near you.Closing borders will not protect you from this, and that mantra just needs to stop. 
It now makes sense that the outbreaks are happening in areas where the usual host are not present. The host and the method of transmission has changed.
Some of you nerves Nellie's can think about the pig as you celebrate the 4th of July, LOL!!!! As for me, I am gonna cook the hell out of the pig and chow down until instructed otherwise.
</content>
</comment>
<comment>
<content>        
c
</content>
</comment>
<comment>
<content>        
c
</content>
</comment>
<comment>
<content>        
c
</content>
</comment>
<comment>
<content>        
c
</content>
</comment>
<comment>
<content>        
c
</content>
</comment>
<comment>
<content>        
c
</content>
</comment>
<comment>
<content>        
c
</content>
</comment>
<comment>
<content>        
c
</content>
</comment>
<comment>
<content>        
c
</content>
</comment>
<comment>
<content>        
c
</content>
</comment>
<comment>
<content>        
c
</content>
</comment>
</comments>
