<comments>
<topic id = "Raw-Topic-25" category = "4" />
<doc id="Raw-Topic-25_02" />
<comment>
<content>        
Medecins Sans Frontieres (Doctors without Borders) workers are world's global shock troops against disease and they receive far less recognition and funding for their efforts then any military unit.
</content>
</comment>
<comment>
<content>        
A really frightening disease. 
I'm amazed that we're finally allowed to comment on this. For some mysterious reason known only to themselves, CBC doesn't allow us to comment on disease outbreaks in other countries, such as that one passed on by camels in the middle east.
</content>
</comment>
<comment>
<content>        
I get it. The new "global economy" is really code for "what we can take, plunder and profit from your country"; it's really a one way street. When it comes to treating the world as one place, a contained unit for the spread of disease we ignore the poorer parts at our peril. What if this spreads to the West and we did nothing to stop it in it's infancy? But like the Rwandan genocide we'll likely ignore it.
</content>
</comment>
<comment>
<content>        
"Both the WHO and Doctors Without Borders (also known as Mdecins Sans Frontires), which has been heavily engaged in handling the outbreak on the ground, have said the top priority must be containing Ebola with basic but vital infection control measures such as vigilant hand washing and hygiene, and isolation of infected patients." 

Seems to me that a lot of professional people from the west are over there trying their best to do something about this.
</content>
</comment>
<comment>
<content>        
Cruel as it seems, the most effective medical response is, as mentioned in the article, isolation. Then at least, the 90% of the infected who die, do so without spreading it, as opposed to dying after they spread it. But die they will, and nothing will change that. The Black Death in medieval Europe worked the same way. Due to the latency period after exposure, by the time any of the villagers knew the disease was in their village, all were already infected, and fleeing to the next place only hastened the spread of the disease. 

The ethics of using not-yet-proven drugs with so-far-unknown side effects because "if we don't do anything, they will die for sure", is questionable to say the least, and stands to make the victims trust modern medical science even less once they realize that they are being used as guinea pigs. That's why the rules for drug trials are so strict and why they should be adhered to.
</content>
</comment>
<comment>
<content>        
who said it was our problem? If the scientists think their experimental treatments should be tried as a last resort, that's up to the scientists, the treating doctors, and the countries themselves.
</content>
</comment>
<comment>
<content>        
no, my suggestion is that the scientists in the US and Europe will work with MSF, local hospitals and local authorities to do this. That's how it would work if it were, oh, I dunno, SARS in Toronto for example.
</content>
</comment>
<comment>
<content>        
 I have no idea what your point is at all. These countries may not be up to North American standards, but they do have doctors, nurses, hospitals and health departments. They also have NGOs like MSF providing expertise and assistance. And some at least of those people certainly care.
</content>
</comment>
<comment>
<content>        
do you know, I've been to a number of countries in Africa, and I don't know of any major city that doesn't have hospitals and clinics, usually quite a few. 

Sierra Leone, for example, has over 50 hospitals and several hundred medical clinics of varying standards. There's a medical school and a school for community health as well. The government employs hundreds of people in rural areas to man clinics, and there are NGOs on the ground - MSF, Red Cross, etc. 
</content>
</comment>
<comment>
<content>        
Refuse to help their own people? Or unable to help due to systemic and chronic poverty? This could quickly become our problem once a few infected people hop on a plane and head to Europe, Asia or the middle East. Think globally, not selfishly.
</content>
</comment>
<comment>
<content>        
Sure - let's take the existing controls off of prescription drug development because ebola outbreaks are predictable, ebola has a very high mortality rate and the disease affects poor (primarily non-caucasian) regions. Interesting logic. 

Exactly how do you begin to evaluate the efficacy of such drugs when you remove test controls, especially with a high mortality/small population disease? Experimental drugs could be making matters worse but it would be very difficult to tell. As it is, thoroughly tested drugs pass the "statistical significance" test but do little to alleviate symptoms or improve health outcomes.
</content>
</comment>
<comment>
<content>        
how do you think drugs get to the prescription stage? Via clinical trials. And it would surely be possible to treat selected patients in hospital with the drug, keep them under observation, and, if it works, extend the process. It can hardly be worse than the disease.
</content>
</comment>
<comment>
<content>        
The truth is that it is a virus and there is absolutely nothing proven we can do to stop and infection once it starts besides provided basic comfort and prolonging life. Either they die or don't. 
Experimental drugs may be seen as experimentation on the poor but besides the optics it would hasten the discovery of new treatments possibly.
</content>
</comment>
<comment>
<content>        
perhaps you need to read the article again. These drugs are already in development. They are available on a trial basis which is the whole point of the article. Or did you miss that bit?
</content>
</comment>
<comment>
<content>        
So what are you implying? Racism? Give it a rest.Some people are always trying an angle that puts the blame on the West and if possible the US .There are other countries who engage in research and with a different model- China one example. Could they not be doing more. 
I am sure governments and nations wil co operate with whatever the UN's health authorities will recommend
</content>
</comment>
<comment>
<content>        
Mr. Farrar says that comprehensive new drug testing takes too long - is there not a reason for such cautiousness and methodology? If not, print up some liability waivers and whoever wants to can give the not-yet-fully-cleared experimental medicine a try.
</content>
</comment>
<comment>
<content>        
I'm sure there are valid reasons for such cautiousness and methodology, but I can tell you one thing, if I was diagnosed with Ebola, I wouldn't wait a second before trying something, anything!
</content>
</comment>
<comment>
<content>        
If they give the drugs out and something goes wrong they get blamed for "testing on Africans because they are expendable" So I can see why they are reluctant. Are the governments there willing to give their blessing to such shortcuts?
</content>
</comment>
<comment>
<content>        
There are a lot of woefully uneducated fearmongers here going on about epidemics and closing borders and quarantines. Here are some helpful hints on how not to contract ebola: 

If you see a dead monkey - do NOT eat it. 

If you see someone bleeding from the ears, nose and eyes - do NOT kiss them. 

If you work in a 3rd world hospital or have a close relative with the disease - use only sterilized instruments and wear a barrier (gloves mask, etc...) when in close contact with patients with ebola. 

Follow those simple rules and you can stop screaming "Don't let anybody from that continent into Canada."
</content>
</comment>
<comment>
<content>        
I suspect you completely missed my point - its the Hollywood version of this disease that is fueling the fearmongering. What I was pointing out (not sure how you missed it) is that it is not that easy to spread. 
</content>
</comment>
<comment>
<content>        
 Actually, there are a variety of animal reservoirs of the virus. They now specifically are implicating fruit bats. Humans get infected by coming into contact with blood and bodily fluids of infected animals; monkeys, apes, and other "bush meat". So: they know exactly where it comes from and how it is transmitted. Unfortunately, certain cultural practices are hard to eradicate.
</content>
</comment>
<comment>
<content>        
"Fear and mistrust are also driving dozens of victims to evade treatment, frustrating foreign and local doctors trying to contain the epidemic." 
Without wanting to sound paranoid .... are they watching for potential carriers at our borders?... especially when I read items like this?
</content>
</comment>
<comment>
<content>        
Why? So we get one way Orwellian views only? 

Even if I don't agree with you, I do believe all should have a fair right of expression (free speach). Because I am wise enough to realize if the gag you, they will gag me. 

Personally, CBC should allow comments on everything, and only censor mindless hate or illegal stuff. And do not censor facts when "Harper" hate is always allowed even if off topic or says nothing else. 

But hey, its Candians BSing Canadians.
</content>
</comment>
<comment>
<content>        
I'm all for freedom of speech, but I believe that there is no place in freedom for those who post disgusting, ignorant and potentially damaging things just because we happen to enjoy the freedom to say whatever pops into our minds. Some of the suggestions on this thread have been exactly that and I'm only suggesting that obviously hateful posts should be moderated immediately.
</content>
</comment>
<comment>
<content>        
Unfortunately while morally you are completely right the issue is who determines what is "disgusting, ignorant, or potentially damaging? 

Currently the laws of the land have outlined what is illegal (hate speech etc). Beyond that obvious measure everything should be allowed so as not to have a censored state.
</content>
</comment>
<comment>
<content>        
He probably said that because there seems to be an inordinate amount of ignorant people suggesting silly stuff like quarantining people from Africa, using napalm, shutting down our borders etc... even though malaria kills in one month what ebola has killed since it discovery decades ago.
</content>
</comment>
<comment>
<content>        
it's ironic. The article talks about "fear and mistrust ...driving dozens of victims to evade treatment, frustrating foreign and local doctors trying to contain the epidemic." 

Judging from the comments here, were something similar to break out in Canada, we'd have an even worse problem.
</content>
</comment>
<comment>
<content>        
There are always some comments that someone finds disgusting, or ignorant. I find CBC to be biased in many respects, but still, I choose to come here. No public comment board is going to suit everyone.
</content>
</comment>
<comment>
<content>        
What happens when these untested drugs cause unforeseen side effects? Then these same groups will be screaming that the drug companies are using poor Africans as guinea pigs. And then come the lawsuits.
</content>
</comment>
<comment>
<content>        
Sure, bring out the drugs, but why not try to figure out the patterns here and isolate at risk populations, restrict air travel, etc., ? Also, the living conditions, food quality and supply, general health of these populations is often poor, and often because of Western exploitation. What goes round comes round, and we concern ourselves only with the "coming round" aspect.
</content>
</comment>
<comment>
<content>        
I think Ebola has been around for a very, very long time, and has nothing to do with the West getting involved with African countries. Don't you think that over time there were many outbreaks of Ebola way before "the whites" ever stepped foot in Africa?
</content>
</comment>
<comment>
<content>        
Your ignorance is astounding. If "big pharma" did indeed develop a drug that eradicated cancer. Their profits would be a zillion times what they are now. 
But it isn't "big pharma" that decides these things, it's in the hands of provincial health care.
</content>
</comment>
<comment>
<content>        
In searching for "" the cure""" why then not natural remedies paid for that cost nothing. Let dying people choose even if its another version of the snake oil big pharma provides. A very good many years of living on this planet shows me the exact same treatment of fifty years ago,, cut radiate and chemo. In the real world its kind of like driving a 55 chevy in 2014 after a few billion in research in looking for a new car
</content>
</comment>
<comment>
<content>        
a very good many years of living on the planet shows me that I don't have to worry about catching smallpox or polio or hepatitis anymore; that if I get a serious bacterial infection I can be effectively treated; that if I get breast cancer I've got a 90% chance of surviving; that if I get ulcers I don't have to suffer for years. In the real world, it's like driving a 2014 car - but sometimes you're on an 8 lane highway and sometimes your on a dirt road in the country.
</content>
</comment>
<comment>
<content>        
Sadly, until this outbreak threatens North Americans or Europeans, it will be allowed to continue spreading. Not a very nice thing to say, but history has shown us that there is little to no motivation in helping Africa. They have no money and no oil. Shameful.
</content>
</comment>
<comment>
<content>        
Unlikely that you will be able board a plane with active Ebola symptoms, the incubation period is 13 to 25 days so it's possible but unlikely an infected person would be able to travel to a 'first world' country. If it happened we have very effective infection control procedures especially since SARS in 2002-03. We also have a comparatively educated population who will follow sensible infection control and isolation procedures.
</content>
</comment>
<comment>
<content>        
The pipeline of drugs being developed for Ebola is far from bulging  partly due to a lack of research money for a medicine which is likely to be needed mainly in poor countries" 
- - - - - - - - 
And there you have the nub of the problem. Pharmaceutical companies are not going to spend money on something like Ebola because there is no profit in treating a few poor black people! Much more important to focus on where the real money can be made - in the West treating the rich white folks.
</content>
</comment>
<comment>
<content>        
The drug companies are not investing in antibiotics for westerners either. The way they look at it is , you take it , you get well, you stop. They would rather develop something you have to take for the rest of your life, which in the case Ebola would be short.
</content>
</comment>
<comment>
<content>        
Actually while certainly not a compassionate approach this does seem like a potentially successful low level approach to contain disease. 

You seem to be under some mistaken understanding of society Michael. Less than 70 years ago (basically your grandfather or great grand father's generation) 1st world countries such as the US, Canada, Britian, Germany, Japan, Italy etc) decided it was perfectly legitimate to carpet bomb cities of their enemies in the wars.
</content>
</comment>
<comment>
<content>        
I think it would be more appropriate to explore treatment options before vaccination since the mortality rate for Ebola is so high, and vaccinating thousands of healthy people could also cause its own slew of serious side effects. 
If somebody is dying from the virus, I'm sure they'd take just about anything that could remotely cure it - at least it's better than a sponge bath and picking out your future burial site.
</content>
</comment>
<comment>
<content>        
Thompson I agree - treatment would be the best. Vaccination is a wonderful idea, but as you say, working all the so called bugs out and waiting for approval, then - as you say - vaccinating thousands upon thousands of people would be a huge undertaking, and more importantly could cause possible side effects. ( worthwhile if it worked but..) A good treatment given promptly sounds like the best bet.
</content>
</comment>
<comment>
<content>        
Definition Surplus: more than what is needed or used; excess. 

Obviously if there is more people than the land can support than the surplus (the amount of people above what can be fed) will starve. 

It isn't the perfect word for the situation but it certainly conveyed his point and he didn't indicate which people in the world that would be or if he himself might even be part of the surplus now did he? 

Also how else should he have referred to the people that there would be no food for? Would you have preferred nutritionally challenged individuals?
</content>
</comment>
<comment>
<content>        
I hope this deadly illness is not killing good humans, otherwise it is a blessing that 
something is happening to lower mass human population of greedy, selfish, apathetic 
humans on this planet. I love the animals as they do no harm to this planet only bring 
beauty, love, understanding, cooperation, help, and much more, plus teaching humans,who dare to learn the wisdom of common sense, empathy, compassion, 
reasoning, and morals.
</content>
</comment>
<comment>
<content>        
I didn't enjoy it, but it was a lesson in the brutality of nature. That said, animals don't attack other animals just for food, either, or there'd never be dog fights. Humans kill for all sorts of reasons, but it all boils down to either attacking perceived outsiders, or trying to take over territory. Not so different from a lot of animals and birds.
</content>
</comment>
<comment>
<content>        
Testing Ebola vaccines on human subjects could be bordering on homicide , ask yourself how many Irish orphaned children died as a result of vaccines experiments gone wrong. One possibility would be that the vaccines themselves could cause mutations and errors to our immune systems that could create an autoimmune disease similar to AIDS? Besides there is no known cure for Dengue fever and no known vaccines yet more people are dying from this disease than Ebola outbreaks ever cause! For all we know the Ebola virus could be the result experiments carried out on human subjects in poor regions of Africa!
</content>
</comment>
<comment>
<content>        
do you have the slightest idea why clinical trials are caused clinical trials, and where most of them are done? Yep, that's right, they're trials of experimental, unlicenced drugs, often on people with serious illnesses that can't be treated by other methods. And they're done all over the US. 

Do you have any idea where the first large scale use of penicillin took place, and the circumstances? How about the first major Salk vaccine program? Rabies vaccine? 

At some point, every drug or vaccine goes through a clinical trial which puts the participants at some level of risk. In this case, the suggestion is that the clinical trial be done with people who have no other alternatives. If it's okay to have your grandmother given an experimental cancer drug that might save her life when all her other options are closed down, why is it morally wrong to do the same for ebola patients? Their lives are as valuable as white lives, after all.
</content>
</comment>
<comment>
<content>        
But we are dealing with a disease with 53% (Sudan) to 90-91% (Congo  and  Gabon) fatality rate. This is like the question they ask in ethics class, your brakes got out, you can plow through the children in the crosswalk probably killing or injuring several, or swerve onto the sidewalk and probably kill the one lone pedestrian, choose now.
</content>
</comment>
<comment>
<content>        
As a follow-up to those who are interested, the ebola drug referenced in the article (from Tekmira in BC) has been tested in humans, it currently is in Phase 1 (safety) in healthy human volunteers. It has also been shown to be a 100% effective in non-human primates, so yes, it might have some benefit to these very sick patients. The CBC should follow-up on this, since it is Canadian innovation that developed this drug.
</content>
</comment>
<comment>
<content>        
Jeremy Farrar just wants to test out new drugs. 

He doesn't care that is is the human element that is causing this outbreak to spread further than it normally would. The families and towns where the outbreaks have occurred are not even bothering to follow standard and easy procedures like not handling the bodies and not reporting cases when they happen. The doctors are frustrated by the folks on the ground and all the distrust surrounding them.
</content>
</comment>
<comment>
<content>        
are you kidding? Read the comments on any health article here on the CBC. The number of anti-science, anti-medicine, anti-drug, anti-doctor comments far outweighs the number from those who understand what the issues are.
</content>
</comment>
<comment>
<content>        
"The number of anti-science, anti-medicine, anti-drug, anti-doctor comments far outweighs the number from those who understand what the issues are." 
You imply that critics: of quack science (e.g. as practiced by Big Pharma and Big Oil); of many medical practices; of many drugs, and of certain aspects of doctors in general don't "understand what the issues are". 
In fact many of those critics actually *do* know and understand issues which the *noncritics* are either unaware of or simply don't understand.
</content>
</comment>
<comment>
<content>        
Considering that they have already been testing the Ebola vaccine on animals for some time now, it seems reasonable to do some short circuiting of the testing process to help out those not already infected, but would be most likely to become infected, with this experimental vaccine. This is the best that could be expected for humanitarian reasons. The fact that Ebola is so fatal but so quick could be the weakest link in this virus. It's more difficult, not impossible, to spread given reasonable quarantine measures.
</content>
</comment>
<comment>
<content>        
it's hard to believe that the folks dealing with the Ebola crisis are not aware of many tried and true folk remedies that have been used, with tremendous success, to treat life threatening viruses ..... Europe and Israel have done much research on the lowly Elderberry and found it to be a remarkably powerful anti-viral ..... including saving lives that could have succumbed to the flu virus (in 1918 the flu pandemic killed 50 million worldwide). the flu still threatens but much research into natural anti-viral remedies have lessened it's hold. possibly the anti-viral elements in Elderberries and other berries can be useful to the people succumbing and threatened by Ebola. Sambucol, the main product sold in the U.S. is explained here: http://www.althealth.co.uk/news/latest-news/israels-elderberry-remedy-sambucol-provides-solution-to-u-s-flu-vaccine-shortage/ ). additional information on the Elderberry and berries in general is here: http://superhumanfoods.org/2012/07/elderberry-syrup-benefits-flu-anti-viral.html and http://www.ncbi.nlm.nih.gov/pubmed/23355221
</content>
</comment>
<comment>
<content>        
But aren't there moral issues about testing drugs on humans without animal or synthetic trials? Is there really anything to treat this other then outright closing off of regions and not allowing travel in or out? Improvements in sanitation, education of cleanliness etc are required. Sanitation of animal slaughter and food production is required. Taboos on eating bush meat(monkeys etc) are required and the most essential of all. Does anybody want to talk about that? The hunting and eating of wild animals, some that were known to carry the disease? 
I know what is 'wild' and what is okay to eat is debatable, which is why we have livestock, although H1N1 was an example of what can happen with poor maintenance of livestock. 
This is so serious scary, and Rob Ford is the headline news on cbc?!
</content>
</comment>
<comment>
<content>        
I think ebola is very hard to transmit, only through someone vomiting or bleeding on you? And because they 'use' the bodies during a funeral, it's not surprising many other people are contracting the disease. I wouldn't be that worried about it here, but I hope they try the experimental drugs and good for the company who is helping - people in Africa are not as important as the article suggest because there is no money there. What a sad realization.
</content>
</comment>
<comment>
<content>        
It is easier to transmit than the media would have us believe. Sweat can transmit the virus, as can airborne particles from a victim's cough. They are also managing to transmit it by hosing down rooms housing victims, and creating airborne particles in the water droplets. 

All it would take would be for someone to be exposed and hop on a plane to the US. Not that hard to imagine.
</content>
</comment>
<comment>
<content>        
Maybe we should consider Ebola a sexual transmitted disease or is that running a little thin?The experimental drugs wouldn't be anti retrovirals that cause liver and kidney failure ,would they! It appears that fear mongering sells drugs but very few cures!
</content>
</comment>
<comment>
<content>        
"It is easier to transmit than the media would have us believe" 
- - - - - - - 
No doubt because I understand that men who have recovered from the disease can still transmit the virus through their semen for up to 7 weeks after recovery from illness. And I've not seen that mentioned in MSM>
</content>
</comment>
<comment>
<content>        
funny, there are plenty of HIV patients who've survived for 20 years or more with those anti-retrovirals. But yes, let an ebola patient die of ebola rather than give him some sort of treatment that might cause liver damage 30 years down the line. Sheer genius.
</content>
</comment>
<comment>
<content>        
Sigh - ebola isnt spreading out of control. That is just fear mongering. Ebola has a very high mortality rate, and acts very quickly - meaning that those who are infected tend to die way before they can spread the disease to a neighbouring village/city. Meaning that the virus is self controlling. 

Secondly, this is mother nature controlling for surplus population growth. We shouldnt get involved, and make things worse. We should be respecting nature, and understand that the survivors will be less vulnerable to ebola in the future.
</content>
</comment>
<comment>
<content>        
As to your accusation the DWB is just fear mongering and that Ebola isn't easily spread, that's not what I have read. 

Are you saying because the people dying are Africans, in a densely populated country, it's OK and there is no need for us to help them? Nice guy/gal!
</content>
</comment>
<comment>
<content>        
Your laissez-faire opinion of the status of this outbreak is OBVIOUSLY more credible than that of the on-site, experienced MSF doctors. 

And I'm sure it's a great relief to the 450+ folks who have already died during this outbreak that the virus is self-limiting and this is just nature's way of controlling a surplus human population. 

I suspect your blas attitude will disappear when it's YOUR life, YOUR loved ones and YOUR world which is at risk. 
</content>
</comment>
<comment>
<content>        
"this is mother nature controlling for surplus population growth." 
- - - - - - - 
Who says the villages out there have a surplus population? 

What if the medical fraternity had had the same reaction when SARS hit Toronto back in 2002? "Too many people in Toronto - let the disease run its course"! There's no justification for such a callous attitude.
</content>
</comment>
<comment>
<content>        
I trust you have a "do not treat or provide medication under any circumstances" card in you wallet. Wouldn't want someone to accidentally give you an antibiotic for an infection, or electroshock your heart to get it beating again. Nature should have its way.
</content>
</comment>
<comment>
<content>        
The observation that Mother Nature may be trying to control population is by no means a reflection of one's personal morality, but in his case I agree that he would not be advocating letting her take her course if it was in his neighborhood.
</content>
</comment>
<comment>
<content>        
Hard to understand why a whole continent is devoid of their own state of the art disease centre for testing, and for the creation of their own vaccines and medicines to combat illnesses specific to the region.
</content>
</comment>
<comment>
<content>        
"Hard to understand why a whole continent is devoid of their own state of the art disease centre for testing, and for the creation of their own vaccines and medicines" 
- - - - - - - 
It's only hard to understand if you have no basic knowledge of African history. 

When Europeans took over Africa' at the end of the 19thC, they sat down in Berlin in 1884 and carved it up by drawing lines on maps. In some areas whites had never even set foot on the ground where they now drew borders. Most states were formed from ports and forts that European traders had secured on the coast of the continent over the preceding 4 centuries. 

Africa has 2000+ languages and between 6,000 and 10,000 political or social entities, each of which once had its own governance and legal system, its leadership, customs and culture. 

However all the ethnic groups, local identities and natural borders were ignored by the map makers and the imperial powers sent in their frontier forces to crush resistance and establish their rule. 

More than 50 yrs of imperial rule then suddenly concluded in four years. Between 1960 and 1964, twenty new entities were pitched onto the international stage as nation states. In the scramble to leave Africa the new states received an army, an airline, a mace for the parliament and stamps. 

None of the new countries were rooted in African culture or experience and they were not strong enough to contain social and ethnic pressures that lay beneath the surface. European influence however remained strong and Europeans, joined by America and Russia, worked to ensure stability by propping up dictators in the new states to serve their strategic interests and protect their economic stakes. 

Africa didn't stand a chance of developing C thanks to Western powers.
</content>
</comment>
<comment>
<content>        
Panic is warranted when your national team is down by a goal late in the second half. 

Everything else demands the application of strict and effective quarantine controls. NOTHING that can be a vector for Ebola is allowed into ANY unaffected country from ANY affected country...until such time as the outbreak is over. No exceptions and no excuses. 

By all means send the drugs, the brave MSF medical staff and whatever else is helpful...but the quarantine must be inviolate. 
</content>
</comment>
<comment>
<content>        
This near epidemic is really scary -- it is truly a scenario for the end of the world as we know it. If this disease really takes off, (and it is on the verge of doing so,) international travel would have to be controlled in ways that are unprecedented in modern history. This disease is far more dangerous than SARS, as it so easily transmitted. When a disease has the potential to kill "between 50 and 90 per cent of those it infects", scenarios should be considered where Africa could lose that proportion of its population. I have not seen any discussion of how hard it would be to contain it if it were to acquire a foothold in other parts of the world, such as India and South-East Asia, or in Europe. If an area of Africa becomes overwhelmed by this disease, outbreaks in other parts of the world will be common. 
Considering the incredible danger involved, and the very high likelihood of death when only conventional treatments are used, any drugs with potential effectiveness should be tried. It is time for drastic measures.
</content>
</comment>
<comment>
<content>        
a skeptical one Ebola is NOT easily transmittable. One cannot transmit the disease unless they are showing symptoms and the incubation period is between 10-20 days. It is not airborne and can only be transmitted through direct contact with the infected's blood, fecal matter, etc.
</content>
</comment>
<comment>
<content>        
sweat, airborne particles from coughing, and the transmission of particles airborne when they are cleaning out the victim's hospital room (that's how the hospital workers are getting it). It isn't airborne, but is VERY easily transmitted through other means.
</content>
</comment>
<comment>
<content>        
Ah yes, not easily transmitted in a western culture where access to patients can be controlled, but in the African villages where patients are cared for by relatives, control of the spread becomes much more difficult. If the Doctors Without Borders who are working in the affected areas say Ebola is out of control I'd believe them over someone who wants to dismisses the problem so glibly. 

One story I read about is that native healers are stealing the sick so they can be given "Traditional treatment".
</content>
</comment>
<comment>
<content>        
NOT! Only males who have recovered (less than 10% in some outbreaks) can for a short period (7 weeks) transmit the disease sexually. Ebola can apparently spread from skin contact of infected fluids even with no perceptible break in the skin of the person being infected and by aspiration. HIV cannot spread that way.
</content>
</comment>
<comment>
<content>        
Fair enough but Canada is obviously a much larger land area so comparison of the two would not be fair. But my premise still stands as the outbreak area of Gueckedou is still substantially below a city like Toronto as Gueckedou has a PD of 145 persons / sq km according to a 2009 census. Like most epidemics / pandemics it is more a function of exposure, transmission, and containment than population. A small village can be decimated by disease wherein a large center can manage well if exposure is limited, transmission is know, and containment as enacted.
</content>
</comment>
<comment>
<content>        
you can compare the average density of people Guinea with the density of people in Canada" 
- - - - - - - 
Judging from some of the comments made on this article the density of some people in Canada is such that light must bend around them.
</content>
</comment>
<comment>
<content>        
Like most diseases, with Ebola improving sanitation, water quality, and food supplies does a lot more than creating a worldwide panic or trying experimental medicine. 

From the wikipedia page, "The potential for widespread EVD epidemics is considered low" due to many factors. Responsible reporting to me means not trying to create a panic where no need exists. Malaria, tuberculosis and diseases caused by poor sanitation still have far more pressing need for resources.
</content>
</comment>
<comment>
<content>        
Yeah Doctor, people should just put their head back in the sand and not panic. That should help a whole lot. Besides, Doctors Without Borders aren't saying "It's Time to Panic Folks" 

It's no use saying "if only these countries had better sanitation water all their health problems would disappear". Better sanitation, clean water and better food are issues that have prevailed in Western Africa for centuries.
</content>
</comment>
<comment>
<content>        
The info you posted is wrong. 

1) Sanitation, water quality have nothing to do with ebola spreading. 

2) Malaria and TB are curable, there are treatments available for those affected by these diseases. Ebola is currently incurable and in this day and age not many diseases have a 50 to 90% kill rate.
</content>
</comment>
<comment>
<content>        
How so? 

Do a little research on ebola, specifically how it is acquired and then ask yourself how the current "soaring" outbreak is only 467 deaths in an over-populated African country with poor sanitation and health care facilities.
</content>
</comment>
<comment>
<content>        
So, I suppose I would answer that the number of deaths is less important than the number of infected, and the fact that many of the infected are not in quarantine. Also, considering the environment of dense population and poor sanitation, the probability of a rapid spread of infection from even a single infected person outside of quarantine is very high. The environment makes it nearly impossible to totally contain the outbreak, which means that it's really a matter of time (or luck) before it is exported to a high population centre like Hong Kong or Paris or London via air traveller.
</content>
</comment>
<comment>
<content>        
West Africa is a region of 16 countries. 

The average population density of the whole continent of Africa is 28 people per square kilometer. The countries comprising West Africa range from 3 to 141 (with 13 of the 16 being under 100) Ghana has 85. 

Compare: United Kingdom - 255, Japan C 337, Israel C 371, Switzerland C 188 and Italy 200. 

Who's overpopulated?
</content>
</comment>
<comment>
<content>        
Talk about missing the point! No I'm saying the opposite. 

In the time ebola has killed 2000 people since the 1970's malaria has killed over 20 million people in Africa. And here people like YOU are pulling your hair out screaming for walls to be put up around Africa to keep out the diseased people from your lovely little first world bubble because 467 people have died from something you consider REALLY icky - ebola, even though you obviously know nothing about it. 

As if you cared.
</content>
</comment>
<comment>
<content>        
they are. The UK has things like sewers to take away waste, and pipes to bring in clean water. They don't. That means the land can sustain far fewer people in a sanitary environment than places like the UK or Japan.
</content>
</comment>
<comment>
<content>        
What happens to the human vector when overpopulation occurs during poor education and all harm is supposed to be diminished by weapons in the hands of murderous non-religious groups who declare they have Religious sanction because they have 2 legs and a high velocity rifle?
</content>
</comment>
<comment>
<content>        
I would imagine if you had this tropical virus, were hemorrhaging from every orifice and counting the days until your suffering was over, that you might not care if a drug was experimental.
</content>
</comment>
<comment>
<content>        
Of course I would ... If I had this virulent illness and there was absolutely nothing they could give me to ease my suffering, I would be willing to try anything. And I'm not quite sure what you're insinuating here ... I don't care what colour anyone is, I don't think they need to suffer needlessly if there's a possibility that something might help.
</content>
</comment>
<comment>
<content>        
The comment simply says if you're about to die in a couple of days, but an unknown drug could or couldn't help, would you use it? 

Whether you're white or black, you'd be surprised how many people would go for that unknown last chance. 

Do you understand the comment now?
</content>
</comment>
<comment>
<content>        
Overpopulation of the world has dire consequences including pollution over and above what the earth can deal with , diseases and during the next drought there will be mass starvation , close the borders , build a large army to protect them or face the consequences of doing nothing
</content>
</comment>
<comment>
<content>        
This isnt an overpopulation issue. Ebola has been popping out of its reservoirs as have other diseases for centuries irrelevant of the number of people living on the planet. Its not a new disease. Overpopulation is mainly an urban problem of migration to cities not designed to accommodate sudden influx of large numbers of people. Demographics globally are actually collapsing as we are less fertile than panda bears.
</content>
</comment>
<comment>
<content>        
Panda bears don't have portions of their population that subscribe to religions whose secondary 
strategy is to outbreed their opponents. There are also some other largely non religious groups whose reproductive rate likely puts pandas to shame
</content>
</comment>
<comment>
<content>        
overpopulation is more complex than you suggest , overpopulation means developing areas that have remained buried for centuries , using resources , dumping of human waste in large enough quantities that the sun and earth cannot absorb the pollution , the population must be drastically reduced , preventing immigrants from moving around the world and further exhausting the earths resources and climate has to end or the earth will end it and it will not be pretty
</content>
</comment>
<comment>
<content>        
This has absolutely nothing to do with overpopulation.The average population density of the whole continent of Africa is 28 people per square kilometer. 

Compare: United Kingdom - 255, Japan C 337, Israel C 371, Switzerland C 188 and Italy 200!
</content>
</comment>
<comment>
<content>        
it is still overpopulated the earth cannot absorb the pollution from humans quick enough and disease , famine , starvation and war will be the consequences , 3-4 people per arable sq. km is quite enough
</content>
</comment>
<comment>
<content>        
"It's ridiculous that we haven't got these (experimental) products out of labs and animal trials and into human testing, and at least offered to people," 

Jeremy Farrar is demanding that the people in the west use live human beings in Africa as guinea pigs?
</content>
</comment>
<comment>
<content>        
Yeah...who cares if they die right? Have a little empathy! 

Better try to save them using the drugs, as It would seem the humanitarian thing to do. Studying the effects would be a beneficial byproduct of trying to save lives. I hardly think there is a negative aspect to that idea... 

But leave it to some dork to find one
</content>
</comment>
<comment>
<content>        
Ebola has been around for nearly 40 years - and we are still not capable of dealing with it. If Ebola was a disease in Europe or North America we wouldn't be still at an experimental stage - we'd have an answer. Unfortunately the currrent victims are poor black people living in obscurity on another continent!
</content>
</comment>
<comment>
<content>        
as a matter of fact, it happens all the time in clinical trials. I was watching TV the other day - an interview with an Australian cancer patient on an experimental drug not yet licenced for general use.
</content>
</comment>
<comment>
<content>        
To educate you on the process of medical (drug) testing, it is not unusual to conduct early phase studies on patients, particularly when the drug is being developed for the treatment of a specific disease. Early phase studies determine toxicity and dosing; later phase studies test efficacy. In a crisis situation such as this outbreak or in cases where no standard of care is available, experimental drugs have been used in addition to palliative or supportive care. If a potentially viable vaccine or treatment is available (as suggested in the second last paragraph in the article), then getting access to that drug/vaccine may be key to controlling the outbreak. It is no guarantee, but in some cases it is better than watching patient after patient needlessly die.
</content>
</comment>
<comment>
<content>        
Taking part in medical trials requires informed consent. That means you must be sound in mind and body and able to sign a consent form. 
I can think of 4 or 5 controversial treatments for disease (autism, cancer, MS) that are illegal in Canada. Are you guys willing to let loose the flood gates and have people try whatever they want on these hopeless cases? 

Are you guys really that out of touch with reality or shills for the drug companies?
</content>
</comment>
<comment>
<content>        
Communities, cities, regions have used and employed community consent in crisis and emergency situations; there is also the practice of consent by a family member acting in the interest of the patient, or the court-appointed legal representative. It is a process that requires advanced approval by the research ethics board and regulatory authorities prior to the use of investigational drugs.
</content>
</comment>
<comment>
<content>        
No! No! No! how could you say this darn thing. 

Following the Canadian footsteps, we should give access to faster refugee status for anyone diagnosed with Ebola so that they can receive treatment in our country since y'know... we got the best healthcare system. 


pure sarcasm.... but seriously Canada needs to stop with this charity refugee welfare initiatives 

getting crazy
</content>
</comment>
</comments>
