<doc id="Raw-Topic-25_04"> 
<news_source>
 Sky News
</news_source>

<date>
July 2, 2014
</date>

<author_source>         
</author_source>

<headline>
UN seeks to calm Ebola fears in W.Africa
</headline>

<text>
<p>
Accra (AFP) - The United Nations reassured west Africa on Wednesday that the world's deadliest-ever Ebola epidemic could be stopped in its tracks, telling the region's health ministers: "We can handle this."
</p>
<p>
The highly-contagious tropical bug has infected hundreds of people in Guinea, Liberia and Sierra Leone, with the latest World Health Organization (WHO) figures showing confirmed or suspected cases had left 467 people dead.
</p>
<p>
The new toll represented a rise of 129 -- or 38 percent -- since the UN agency's last bulletin given just a week ago.
</p>
<p>
"These kinds of outbreaks, these diseases, can be stopped," Keiji Fukuda, assistant director-general for health security at the WHO, told AFP, as 11 west African health ministers gathered for a two-day conference in Accra on combatting the killer pathogen.
</p>
<p>
"This is not a unique situation -- we have faced it many times -- so I'm quite confident that we can handle this.
</p>
<p>
"This is, however, the most complicated Ebola outbreak ever because it is spreading so fast in both urban and rural areas."
</p>
<p>
Since the region's first ever epidemic of the deadly and highly contagious fever broke out in Guinea in January, the WHO has sent in more than 150 experts to help tackle the regional crisis.
</p>
<p>
Despite the efforts of the UN agency and other health workers, there has been a "significant increase" in the rate of new cases and deaths in recent weeks, the organisation added.
</p>
<p>
Medical charity Doctors Without Borders, known by its French initials MSF, said last week that the spread of the virus, which has had a mortality rate of up to 90 percent in previous outbreaks, was "out of control", with more than 60 outbreak hotspots.
</p>
<p>
The WHO has warned that Ebola could spread to other countries, warning those hardest hit could struggle to contain the disease.
</p>
<p>
The agency's top Ebola specialist Pierre Formenti told AFP last month that the recent surge in cases had come in part because efforts to contain the virus had been relaxed too quickly after the outbreak appeared to slow down in April.
</p>
<p>
- Unstoppable bleeding -
</p>
<p>
Ministers from Guinea, where 413 confirmed, suspected and probable cases have surfaced so far including 303 deaths, and Liberia, which has seen 107 cases and 65 deaths, are at the meeting.
</p>
<p>
Sierra Leone, which has recorded 239 cases and 99 deaths, is also represented.
</p>
<p>
In addition, officials from Ivory Coast, Mali, Senegal, Gambia and Guinea-Bissau, along with Ghana and countries as far afield as Uganda and the Democratic Republic of Congo are attending.
</p>
<p>
They have been joined by a host of UN agencies and other aid organisations, including MSF and the Red Cross, as well as personnel from disease control centres in western Africa, the United States, Britain and the European Union.
</p>
<p>
Health authorities have warned that people living in the forest areas straddling the three stricken countries often travel across their porous borders for trade, marriages and funerals, making containment of Ebola difficult.
</p>
<p>
"Most of the people living around these borders are very much connected in terms of ethnicity, trade and other social activities so you don't really differentiate these populations... and this gives it a very high possibility of spreading across borders to other countries," Adinoyi Ben Adeiza, of the International Federation of Red Cross and Red Crescent Societies, told AFP.
</p>
<p>
Liberia's Deputy Health Minister Bernice Dahn told AFP relief efforts were also being hampered by a lack of awareness of the disease among traditional communities and stricken villages hiding victims.
</p>
<p>
"We need to galvanise the local leaders, the people believe their leaders better than us, the health workers... because there are a lot of traditional beliefs," she said.
</p>
<p>
People don't even believe Ebola exists and that is helping to spread the disease."
</p>
<p>
Meanwhile Sierra Leone's President Ernest Koroma said in a televised broadcast on Wednesday that anyone who "harbours an Ebola victim without notifying health authorities" was breaking the law and would be punished.
</p>
<p>
The WHO has described the current Ebola epidemic as one of the most challenging since the virus was first identified in 1976 in what is now DR Congo.
</p>
<p>
That outbreak -- the deadliest until this year -- killed 280 people, according to WHO figures.
</p>
<p>
Ebola can fell its victims within days, causing severe fever and muscle pain, weakness, vomiting and diarrhoea -- in some cases shutting down organs and causing unstoppable bleeding.
</p>
<p>
No specific medicine or vaccine exists for the virus, which is named after a small river in the DR Congo.
</p>
</text>
</doc>
