<comments>
<topic id = "Raw-Topic-22" category = "4" />
<doc id="Raw-Topic-22_06" />
<comment>
<content>       
Disgusted at some post mocking people with dementia. ..you wouldn't do that with someone who had cancer so why dementia just for the sake of a cheap joke...its no laughing matter..I cared for my mom who had alzheimers for 5 yrs...you loose that person even though they are still alive. .they loose more than their memory. .they loose pride..self respect. .I could go on...cheap shot
</content>
</comment>
<comment>
<content>        
I don't see your comment as funny. .I cared for my mother who had alzheimers for 5yrs and its no laughing matter...using the disease to make cheap jokes is not funny...dementia takes away their pride, memory, life and they revert to childhood again. .I hope you don't have to see that in your family. ..nobody would make a joke about someone with cancer so WHY dementia...
</content>
</comment>
<comment>
<content>        
More pre-election spin. How much of the money will be spent on real research into treatments and how much on creating non-jobs for their chums - more quangos, computer databases, number-crunching and yet more "public information" pre-election advertising, a la Maggie?
</content>
</comment>
<comment>
<content>        
So tell your NWO bosses to quit spraying us with Chemtrails Cameron...some are saying it's because of the chemicals dropped on us from a great height, that it's on the rise. How true that is i cannot say but nothing surprises me when you know what they are spraying on us without our consent...it's positively vile and should be stopped.
</content>
</comment>
<comment>
<content>        
Anything to get elected it seems to me, with Cameron and Milliband trading ever more far fetched ideas to gain what they see as the high ground. Then, after the election, watch the promises dissolve into nothing, just like the last one when we were promised a referendum on whether or not we want to be part of the EUSSR.
</content>
</comment>
<comment>
<content>        
Look into the widespread prescribing of Benzodiazepines and statins. Both affect the brain and long term use is causing the memory loss epidemic. DONT just pass this comment by go and do your own research and be amazed at how information is buried.
</content>
</comment>
<comment>
<content>        
You can't class that as dementia, it's called having a 'selective memory'. Promise the public anything you want so you get elected and then forget your promises. Only problem is, the public have better memories than these people with selective memory loss which is why less and less people are even bothering voting. If any of the parties could be trusted to keep their word, they would win, but out of the three main parties who can you trust?
</content>
</comment>
<comment>
<content>        
There is no need for the costly research, much of it cruel. Alzheimer's and other diseases are the product of a lifetime of poor nutrition, intake of toxic substances and a lack of exercise. People could have a healthy old age if they changed their lifestyles.
</content>
</comment>
<comment>
<content>        
How dare you ! My mom had alzheimers and she was born in Caerphilly. ..she ate well..was never ill and took no medication. .she worked very hard all her life. .working from home making bespoke leather gloves for fownes while we three children were growing up...she then worked as a housekeeper at a university as well as taking in lodgers to make ends meet. ..she was a brilliant cook. ..all home made never had processed food..so that blows your bloody insultingly stupid theory out of the water. ..
</content>
</comment>
<comment>
<content>        
I'm getting old and just a little forgetful these days. I move more slowly than before and tend to be just a little clumsy. Could someone please post the address or phone number I can call to get that helpful Mr Camembert to come round and cook a nice dinner for me three times a week ?
</content>
</comment>
<comment>
<content>        
Can I suggest prevention rather than cure? Can the government buy a copy of Patrick Holford's Optimum Nutrition for the Mind and start prescribing nutritional supplements, rather than statins that kill your memory and yearly flu jabs containing mercury. High levels of B vitamins to combat the inflammatory high homocysteine (which they can test your blood for), zinc to combat high copper (which they can test your blood for). Omega 3 capsules. There's no money in supplements, though there could be if enough people were to take them.
</content>
</comment>
<comment>
<content>        
David Cameron is all sound bites when it comes to old age, My Mother has had to go into a nursing home and we had to sell her home to pay the nursing home fees . Interestly although the Local Councils have a LOWER rate My Mother has to pay for everything the rate nearly doubles as Nursing home can charge what they like
</content>
</comment>
<comment>
<content>        
How about cutting down on grain and eating fat? No need for research from these useless grasping charities.They are part of government and it's in their interests to keep you sick.Look at population studies not research labs.Dementia is a western,modern problem but there is no gold standard proof and never will be.Being western and modern logic tells you it must be diet related.
</content>
</comment>
<comment>
<content>        
Ah, that will be an empty election promise then. What will it be next week? More money to tackle cancer then the week after 200 a week pension for war veterans. Sorry Dave, you have blown your chances, you should change your name to Mr Cellophane, cos we can see right through you.
</content>
</comment>
<comment>
<content>        
Dementia is a terrible disease. My late husband suffered from it and it is heartbreaking not just for the person who has it but for the families who have to see their loved ones going through it. Any funding to help find a cure or stop the onset of it would be wonderful but I am not holding my breath with Cameron's words about finding the money for this. He and the Government have not done anything to help the NHS and I don't know where he will find the money with all the cutbacks. I hope that he can.
</content>
</comment>
<comment>
<content>        
A horrible disease,and only those of us who have lived through seeing our partners/relatives suffer this, know how it effects the family, as the person we knew so well changes to become unaware of who we are,and loses control of practically everything. I hope there will be better treatment in the near future.Too late for my husband,but hopefully something will be discovered to help those who have only recently been diagnosed with dementia.
</content>
</comment>
<comment>
<content>        
It is clear that the Government thinks treatment should be available, but the NHS remains in denial. Millions paid their taxes to ensure they had care when they were sick. Those suffering from dementia are ill and the NHS must take responsibility for their care. Tax payers money is avaiable, it is just that the government choice is to spend else where. Tax payers money does not belong to the government to give away in foriegn aid, we need to use it here.
</content>
</comment>
</comments>
