<comments>
<topic id = "Raw-Topic-22" category = "4" />
<doc id="Raw-Topic-22_05" />
<comment>
<content>       
Alzheimers is not the only dementia

The Lewy Body Society applauds
the Prime Ministers 19 June statement
on that a "big, bold global
push" is needed to beat dementia, which he described as one of the "greatest enemies of humanity". The
Society, whose mission is to support research and raise awareness of Lewy Body
Dementia , welcomes the announcement
of 100m to be spent on research.

The governments commitment to find a cure by 2025 has helped enormously to raise awareness of dementia and lessen the stigma attached to it in recent years.
It is vital, however, that this raised awareness includes the fact that there is more than one type of dementia .

Most people believe that Alzheimers is the only dementia. It is the most common form, affecting 60% of all cases of dementia but other dementias, such as those
caused by Lewy bodies (Dementia with Lewy bodies and Parkinsons Disease
Dementia) or strokes (vascular dementia) or fronto-temporal dementia ( caused by shrinkage of cells in that lobe of the brain) account for the other 40%.

Accuratedifferential diagnosis is necessary in order for people to be treated
appropriately. Whereas Alzheimers primarily affects memory, people with Lewy body dementia experience visual hallucinations,extreme fluctuations in consciousness ,movement disorders and a potentially fatal sensitivity to antipsychotic drugs . Lewy body dementias affect more than 130,000 people in the UK.
</content>
</comment>
<comment>
<content>        
I do hope these scientists will develop a drug and treatment for CJD/vCJD, one in 2000 of us are infected according to Prof.John Collinge from the Prion Clinic, UCL, London.
vCJD has a long incubation period, and this dementia disease is similar to Alzhiemer's. 
Comments from The Observer 29/10/2000

'CJD kills girl,14, as deadly waste spreads'

'Infected ash leaks from cattle carcass incinerators'

'Doctors told to be vigilant in diagnosing elderly people'

'Medical professionals are being urged to be more vigilant about causes of death among the elderly, a Department of Health spokesman said'
</content>
</comment>
<comment>
<content>        
The UK takes drug development for granted, regularly avoiding the use of all patented drugs and waiting until the patient has expired before using cheaper generic equivalents. The NHS will only use expensive patented drugs when there is not other option.

I think that is entirely appropriate. It saves the taxpayer loads of money - absolutely billions.

However as a result of this type of policy, the UK loses some of it's ability to influence international drug development. Most are introduced/ designed for the US market where the rewards for a success are more closely matched to the risk and investment involved. We are just lucky that our needs quite closely match the needs of the US.

We are not as isolated as India though, which has introduced laws to make all important drugs available as cheap generic copies; but they will not have drugs directly researched for their needs.
</content>
</comment>
<comment>
<content>        
"Patients must be given early access to new dementia drugs as part of a drive to eradicate the illness within 11 years, David Cameron will pledge on Thursday".

Yet another pledge from the PM. Assuming that it is not yet another desperate ploy to attract back the millions of voters and supporters of his party, together with the PM's appalling record on failing to deliver that which he promises, pledges, avows, or tell us how determined he is, only to learn much later that most of what he actually said is sheer rhetoric rather than commitment, one can only hope that on this occasion, we are not being treated to yet another smoke and mirrors job.

Given the serious nature of the insidious and progressive disease of dementia, together the misery, frightening experiences and distress it causes it would behove the PM to show a concrete sign of good faith by releasing some of the ring fenced multi billions from the questionable, some might say, dubious foreign aid schemes he likes to strut his stuff on, and ring fence instead to fund the community care desperately needed by sufferers, care which as the direct result of his administration's ruthless, extensive and ill considered cuts have left dementia sufferers and their carers existing in a state of misery and desperation.
</content>
</comment>
<comment>
<content>        
And where pray is the money to come from Cameron - the NHS is already forecast to be 2 billion short of funds in the next financial year?
Perhaps if you had removed some of the 'top heavy' NHS management like you were supposed to have done or made those ineligible for free NHS treatment pay for what they stole the cash might have been available, but sadly you didn't! 
I seem to recall some idiotic statement from you that Britain should provide free medical care for anyone who arrived on our shores - what a cretin you are!
What is the point of developing all these new wonder drugs at taxpayer expense if the NHS can't afford to use them?
You really are the heir to Blair - another complete waste of space!
</content>
</comment>
<comment>
<content>        
The Prime Minister will tell the pharmaceutical industry that the current pace of drug development is not good enough and more must be done. 
Meanwhile we will keep sending 11 billion pounds abroad to be wasted on dictators, useless schemes, and corrupt politicians.
</content>
</comment>
<comment>
<content>        
Drive to eradicate dementia` ? are these `pipe dreamers` from our planet 
earth or what ? ..Lets be realistic here , Dementia means CDead and 
progressively dying neurons-chips in the brain so to speak - as time goes on by 
aging , it has numerous -countless - `multifactorial` underlying causes from 
Genes you were born with to the different nutritional habits of each and every 
individual as well as life style since childhood and environmental exposure to 
various toxic agents and the list goes on and on . So we are talking about 
`life of an individual since birth and potential Cirreversible- consequences of 
past events he/she had endured ` there is no `miracle on this planet` yet , 
to predict/prevent/stop or reverse or Cundo- the natural process of life and 
eventual degeneration and wear and tear on all the cells of body Cas well as 
neurons in the brain- itself . So please be realistic and honest to yourself 
and to the people ; and do not give false hopes and information to the 
unknowing innocent people for political and financial gain attached , it is 
simply unethical and unfair and cruel .
</content>
</comment>
<comment>
<content>        
Given the ever growing number of conditions that the NHS will no longer treat, unless it becomes serious or life threatening, it would seem unlikely.
Perhaps a more honest headline would be "Vote for me and I will continue much as I have".
</content>
</comment>
<comment>
<content>        
Dementia patients should be given the best drugs, says David Cameron

What a facile statement!
Obviously anyone suffering, should be afforded the best possible drugs to alleviate the suffering.
Why 'Dave' even thinks that mouthing meaningless and ineffectual statements will do any good, escapes me.
We had all this stuff from Blair and, now that he is seen to be a charlatan, we don't believe it when we hear the same guff from "The Heir to Blair"
</content>
</comment>
<comment>
<content>        
Breaking news dementia related:

MP's seriously concerned we are being exposed to Human Mad Cow Disease at the dentist via stainless steel surgical instruments:

http://dentistry.co.uk/comment...

David Cameron invest in decontaminating stainless steel surgical instruments we don't want to be exposed to vCJD. The public deserve the right ot be protected from this incurable dementia disease.
</content>
</comment>
<comment>
<content>        
Considering how long it takes to develop and test, never mind licence new drugs of any sort, a comment like this is rather pointless. We all know what needs to be done, especially with something like dementia in all its forms. Having said that, it is true that very little has been done over the last 10 to 15 years, and no new treatments have been introduced in that time.
</content>
</comment>
<comment>
<content>        
I suggest you take a look at the Alzheimer's Talking Point forum, 'Younger people section' there are hundreds of people in their 40's, 50's  and  60's with dementia, no longer a disease of the old age as you put it.
</content>
</comment>
<comment>
<content>        
"Patients must be given early access to new dementia drugs as part of a drive to eradicate the illness within 11 years, David Cameron will pledge on Thursday".

Why the rush D.C? 
Have you noticed the early tell tale signs in yourself perchance?
</content>
</comment>
<comment>
<content>        
China billions ignored by the papers ... thankfully Reuters are clued up!

'The state-owned China Development Bank Corporation (CDB), which finances government-led infrastructure projects and is looking to expand its overseas investments, signed a deal to build closer ties with TheCityUK, which represents Britain's financial industry.

Lloyds Banking Group also signed a memorandum of understanding with CDB to help secure inward investment from China, with a focus on energy and infrastructure.'

Hs2 here we come .... talk about burying the news eh?
</content>
</comment>
<comment>
<content>        
Currently there is no treatment,no cure and no vaccine for Creutzfeldt Jakob Disease (vCJD - Dementia disease)

'What we do know about BSE is that most of Britain's 60m population have been exposed to it' (Kevin Toolis, Guardian magazine 2001).

Scientists tell us that infectious prions can incubate in humans for up to 50 years.

vCJD blood tests have been developed both in the UK  and  France:

http://www.plospathogens.org/a...
(A urine test for vCJD is currently under development in the USA according to one eminent vCJD scientist).
With so many of the population having been exposed to BSE and dementia now a major health concern for David Cameron why are we not routinely testing the population for sCJD/vCJD?
</content>
</comment>
<comment>
<content>        
"most of Britain's 60m population......." No, can't be right since according to most bloggers here, the country is now overrun by new immigrants........ who won't have been exposed to UK beef which was (possibly) Infected with BSE. So , as far a dementia is concerned, these immigrants will be less of a drain on the nations resources. Every cloud has a silver lining.......
</content>
</comment>
<comment>
<content>        
the stuck record syndrome appearing under every article on dementia.
good cause but perhaps you can find a more interesting way of presenting it instead of pasting/posting the same old information.
</content>
</comment>
<comment>
<content>        
http://dentistry.co.uk/comment...
am not the only one concerned this was published 17th June 2014

(18,946 comments to date wow that must be some record milkie, but we have freedom of speech don't we how ironic are some folk)
</content>
</comment>
<comment>
<content>        
I made no mention of freedom of speech. I was merely challenging the quality of your comments. copying and pasting the same comments on every site does not make for compelling reading or do much to engage your readers' sympathy for your cause. that is all.

your response is totally unrelated and irrelevant to the comment I made!
</content>
</comment>
<comment>
<content>        
nobody is disputing your right to say what you ever you want, as long as it complies with the Telegraph's terms and conditions, but equally if you chose to post here anybody also has the right to challenge what you write! It is a two way process.
</content>
</comment>
<comment>
<content>        
A good way to quantify UK vCJD risk is to count those countries in which UK citizens are banned from being blood donors. We are all (if you lived in the UK during the BSE crisis) doomed...... doomed!
</content>
</comment>
<comment>
<content>        
it is all very sweet and kind of Cameron and it is absolutely clear that the research must be adequately focussed and funded but it is rather na?ve just to "...tell pharmaceutical industry that current pace of drug development is 'not good enough' " although to give him some credit he will probably not say that at all. It sounds more like usual Telegraph simplistic journalistic view of the event.
we need far more regulation, openness and transparency, safety and efficacy of treatments in the drug industry and pressure for realistic prices so that treatments are affordable to all that need them as well as increasing public and patient confidence that they are being prescribe medication in their own best interests and not to fill the pockets of all those involved in their production and prescription.
</content>
</comment>
<comment>
<content>        
The problem is that a new drug can take 1billion to bring to market. There is no guarantee of success and the risk is huge. Patents last only 20 years and the drugs are actually too cheap. Drug companies seem to spend as much on lawyers protecting their patent as they do on new developments.
New molecules are as rare as hen's teeth, most 'new' drugs are simply a rehash of old ones.
</content>
</comment>
</comments>
