<doc id="Raw-Topic-22_04"> 
<news_source>
The Wall Street Journal
</news_source>

<date>
June 19, 2014
</date>

<author_source>         
</author_source>

<headline>
Remembering Dementia: Worlds Biggest Study Gets Under Way
</headline>

<text>
<p>
The world's biggest dementia study was launched in the U.K. Thursday, and will analyze data from more than two million people to try and find new treatments for the little-understood disease, including its commonest form, Alzheimer's.
</p>
<p>
The study C a $27 million public-private partnership C forms part of coordinated G8 efforts to target dementia, and will be run by the U.K's publicly-funded Medical Research Council, with support from several drug makers C AstraZeneca AZN.LN -0.66%, GlaxoSmithKline GSK.LN -0.13% and Janssen Research and Development, a unit of Johnson  and  Johnson.
</p>
<p>
The public policy focus is being warmly greeted, given an industry pull-back in the area. Spending on dementia research is five times lower globally than spending on cancer, as U.K. Prime Minister David Cameron points out. Research into drugs targeting the brain and central nervous system makes up just 15% of the industry's projects, estimates Barclays BARC.LN -5.11%. That's despite the diseases' disproportionate cost to national health systems.</p>
<p>
There are good reasons for this: developing neuroscience drugs is a high risk undertaking. They typically have lower success rates in clinical trials and with regulators, since efficacy can be hard to prove. Physiologically, the actions of the brain and nervous system are not as well understood as, say, the mechanics of the gut.
</p>
<p>
For instance, Bristol-Myers Squibb BMY +2.88% stopped neuroscience drug discovery last November. AstraZeneca no longer sees it as a core area of focus, and is trying to partner or sell its neuroscience drug portfolio, including an experimental Alzheimers drug in development. Glaxo is also looking to sell a portfolio of its older CNS CNS.LN +2.82% drugs.
</p>
<p>
Still, treatments for Alzheimers represent one of the remaining untapped areas of medicine and profits. AstraZeneca thinks its experimental Alzheimers drugC now entering late-stage testing but viewed as six months behind a rival compound from Merck MRK +1.62%  and  CoC could, if approved, rack up $5 billion in annual sales, but gives it just a 9% chance of success.
</p>
</text>
</doc>
