<doc id="Raw-Topic-22_08"> 
<news_source>
London Evening Standard
</news_source>

<date>	
June 19, 2014
</date>

<author_source>         
</author_source>

<headline>
David Cameron's 'passion and determination' in fight against dementia
</headline>

<text>
<p>
Dementia now ranks alongside cancer as one of the "greatest enemies" of humanity, the Prime Minister has said.
</p>
<p>
David Cameron called on experts from the fields of research and finance to bring "passion and determination" to the fight against the condition.
</p>
<p>
Speaking to delegates at a dementia summit in London, Mr Cameron said there has been a "market failure" on dementia drug research and development.
</p>
<p>
He set out a series of steps to combat the barriers to drug development including; better collaboration among researchers, quicker access to drugs for patients, encouraging more investment in research and to address the market failure.
</p>
<p>
"For far too long this terrible condition has been ignored, downplayed or accepted as a natural part of the ageing process," Mr Cameron said.
</p>
<p>
"The truth is, dementia now ranks alongside cancer as one of the greatest enemies of humanity.
</p>
<p>
"We need to rectify this and fight it with the same determination and passion as we brought to the fight against cancer."
</p>
<p>
He added: "When only three out of 101 dementia drugs developed between 1998 and 2011 came to the market, I think it is clear that incentives for dementia research are not yet right - the risks are too high and the rewards are too low and if anything this problem is set to get more acute."
</p>
<p>
The UK will examine whether it can extend patents so drug developers have a longer period of exclusivity after creating a drug, he said.
</p>
<p>
Mr Cameron continued: "Even when we develop new drugs it can take far too long to get through to patients, this means patients are being denied access to new innovative treatment.
</p>
<p>
"Of course it's right that any new drug should be thoroughly tested, but what we saw with HIV and Aids in the 1980 is when faced with a terminal condition, some patients are prepared to take a chance on new treatment.
</p>
<p>
"These are difficult medical judgments but they are questions that should be asked."
</p>
<p>
He added that more must be done to encourage collaboration from researchers around the world.
</p>
<p>
"Innovation can be undermined by a lack of openness and collaboration," he said.
</p>
<p>
"We need to join up the dots and make a big, bold global push to beat this."
</p>
<p>
Mr Cameron added that more investment in research needed to be generated.
</p>
<p>
He pledged to write to G7 leaders to encourage them to work together on these challenges and to ask them to bring together the targets in a new global charter.
</p>
<p>
"We know we are at the beginning of one of the greatest battles in human medicine," he added.
</p>
<p>
"It will take years of patient work and progress at times I am sure will be painfully slow, but we have shown with other diseases that we can, if we launch a global effort, crack these problems."
</p>
<p>
Last year, the UK used its presidency of the G8 to host an international summit on dementia, which ended with experts setting a global ambition to find a cure by 2025.
</p>
<p>
Today, delegates came together again for the first in a series of legacy events following the summit and were told by Health Secretary Jeremy Hunt that there is a "desperate need" for more investment in research.
</p>
<p>
The economic and social reasons to find a cure, or disease-modifying therapy, cannot be ignored, Mr Hunt said.
</p>
<p>
"The UK Government is doing what we can. Since 2009 we have increased investment in dementia research from 28 million to 52 million and we are on target to increase research spending to 66 million by 2015.
</p>
<p>
"But globally we desperately need to see new investment flowing into dementia research.
</p>
<p>
"We know from detailed analysis done by the London School of Economics that there is an impelling case both for economic and social viewpoints. That research shows that if treatment were available to delay the onset of dementia by just 36 months, it would save us here in the region of 5 billion per annum.
</p>
<p>
"Currently few people understand what it takes to find a treatment and eventually a cure that works and is also safe. We know it is a fiendishly complicated process that is going to take co-ordination, investment, partnerships from across the many sectors and no doubt many failed attempts to get there.
</p>
<p>
"We need innovation in finance... to enable cutting-edge research as well as identifying and removing barriers that are currently stopping us achieving this."
</p>
<p>
Earlier, Alzheimer's Research UK announced a 100 million research campaign and the Medical Research Council (MRC) said it was undertaking the world's biggest study into dementia, involving two million people.
</p>
<p>
The new world dementia envoy, Dennis Gillings, warned earlier that if global leaders do not incentivise businesses to invest in research, the ambition to find a cure by 2025 will not be met.
</p>
<p>
Dr Gillings said: "Dementia is a ticking bomb costing the global economy 350 billion and yet progress with research is achingly slow. Research must become more attractive to pharmaceuticals so they will invest and innovate.
</p>
<p>
"Just as the world came together in the fight against HIV/Aids, we need to free up regulation so that we can test ground-breaking new drugs, and examine whether the period for market exclusivity could be extended.
</p>
<p>
"Without this radical change, we won't make progress in the fight against dementia."
</p>
</text>
</doc>
