<doc id="Raw-Topic-22_05"> 
<news_source>
The Telegraph
</news_source>

<date>
June 19, 2014
</date>

<author_source>         
</author_source>

<headline>
Dementia patients should be given the best drugs, says David Cameron
</headline>

<text>
<p>
Patients must be given early access to new dementia drugs as part of a drive to eradicate the illness within 11 years, David Cameron will pledge on Thursday.
</p>
<p>
The Prime Minister will tell the pharmaceutical industry that the current pace of drug development is not good enough and more must be done.
</p>
<p>
Under plans to be unveiled later this year, regulations will be loosened on the testing of new drugs, as happened during the drive to curb the spread of HIV and Aids. That will make it easier for patients with terminal conditions to volunteer for trials of the latest treatments.
</p>
<p>
The plans would help to bring the successful drugs to the market more rapidly, the Prime Minister hopes. The patents on dementia drugs are likely to be extended, making it more profitable for firms to develop and sell them.
</p>
<p>
The British-led drive to spur global research on dementia will help to hold back the onset of the disease by 2025 or could even deliver a cure, Mr Cameron will say.
</p>
<p>
People in their 40s today would then be spared developing the disease.
</p>
<p>
Mr Cameron wants public spending on dementia drug research to double from 66? million in 2015 to 122?million in 2015. He will write to the leaders of other advanced nations urging them to match that commitment.
</p>
<p>
He is also looking for ways to encourage private sector investment in the industry.
</p>
<p>
He will tell the pharmaceutical industry that the status quo is not good enough. Business and governments must accelerate progress on developing new drugs.
</p>
<p>
The World Health Organisation forecasts that the numbers of dementia suffers will double worldwide every two decades.
</p>
<p>
However, global spending on dementia is five times below that spent on cancer due to a market failure in dementia research and drug development.
</p>
<p>
Only three new drugs have been put on the market in the past 15 years.
</p>
<p>
Drugs that delay the onset of dementia by three years would save Britain 5? billion a year in treatment and economic output, ministers believe. Mr Cameron will tell the medical summit today: "The truth is that dementia now stands alongside cancer as one of the greatest enemies of humanity.
</p>
<p>
"We have to fight to cure it. I know some people will say that it's not possible, but we have seen with cancer what medicine can achieve. We first need to tackle head-on the market failure perilously undermining dementia research and drug development.
</p>
<p>
"And we need investment in research, greater collaboration, better incentives for taking new treatments to market and earlier access to innovative new treatments. We need to join up the dots and create a big, bold global push to beat this. It will take years of work but we have shown with other diseases that we can make progress and we will do so again."
</p>
<p>
Dr Dennis Gillings, who has been appointed the World Dementia Envoy by the Prime Minister, will tell the summit that progress has been "achingly slow" and "radical change" is needed.
</p>
<p>
He will say: "Just as the world came together in the fight against HIV/Aids, we need to free up regulation so that we can test ground-breaking new drugs, and examine whether the period for market exclusivity could be extended.
</p>
</text>
</doc>
