<doc id="Raw-Topic-22_10"> 
<news_source>
Tech Times
</news_source>

<date>
June 20, 2014
</date>

<author_source>         
</author_source>

<headline>
UK's David Cameron joins battle against dementia
</headline>

<text>
<p>
The World Health Organization (WHO) puts the number of individuals with dementia at 35.6 million worldwide. Unless researchers successfully find a way to slow down the decline in brain function or prevent the onset of the disease, this number will double every two decades.
</p>
<p>
In a bid to put an end to the disease, which affects about 800,000 individuals in the United Kingdom, UK Prime minister David Cameron is set to announce a drive to develop medicines that would slow down the onset of Alzheimer's disease, the most common form of dementia, or find a cure for the chronic disease by 2025.
</p>
<p>
On Thursday, the prime minister will attend a summit of health and finance leaders in London to speak about the implications of dementia and the urgent need to find a treatment for the illness which causes personality disorder, memory problems and impaired reasoning.
</p>
<p>
Cameron wants to double the spending on dementia drug research, which to date, only amounts to one fifth of that allocated for cancer research. He will also urge businesses and governments to accelerate the development of new drugs as the number of individuals with dementia is anticipated to double every twenty years. Despite the continued prevalence of dementia, only three dementia drugs were developed in the last 15 years.
</p>
<p>
Economic implications are also at stake with the development of new drugs. A dementia drug that could delay the onset of the disease by three years could result in an annual savings of 5?billion in Britain.
</p>
<p>
"The truth is that dementia now stands alongside cancer as one of the greatest enemies of humanity," says the Prime Minister, who will be discussing the matter at the upcoming conference. "We have to fight to cure it. I know some people will say that it's not possible, but we have seen with cancer what medicine can achieve."
</p>
<p>
The Medical Research Council will also unveil the world's largest study of dementia during the event. The study will involve 2 million participants from the U.K who will share their medical and lifestyle information to help researchers identify the risk factors for the disease.
</p>
<p>
While previous studies on dementia involved patients who have already developed the disease, the new study, a collaboration of the Medical Research Council, eight universities and six pharmaceutical and biotech companies, will involve adults who do not have the disease. The objective of the study is to track people without dementia to find patterns in those who may develop the illness in the future.
</p>
</text>
</doc>
