<topic id = "Raw-Topic-22" category = "4">
	<title> UK-David-Cameron-joins-battle-against-dementia</title>
	<doc id="Raw-Topic-22_01" hasComment = "Y" />
	<doc id="Raw-Topic-22_02" hasComment = "Y" />  
	<doc id="Raw-Topic-22_03" hasComment = "N" />  
	<doc id="Raw-Topic-22_04" hasComment = "N" />
	<doc id="Raw-Topic-22_05" hasComment = "Y" />
	<doc id="Raw-Topic-22_06" hasComment = "Y" />
	<doc id="Raw-Topic-22_07" hasComment = "N" />
	<doc id="Raw-Topic-22_08" hasComment = "N" />
	<doc id="Raw-Topic-22_09" hasComment = "N" />
	<doc id="Raw-Topic-22_10" hasComment = "N" />
</topic>
