<comments>
<topic id = "Raw-Topic-0" category = "1" />
<doc id="Raw-Topic-0_01" />
	<comment>
		<content>
They sure have a great attitude about it. Of course, you'd have to have an adventurous spirit to go on a cruise to Antarctica.
		</content>
	</comment>
	<comment>
		<content>
Perhaps someone should inform Mr. Goldman on the difference between a "Cruise Ship" and an oceanographic research vessel. Having been on both these types of ships in my younger years, I found they have very little in common besides both being ocean going vessels.
		</content>
	</comment>
	<comment>
		<content>
This is just propaganda from the Climate Deniers. Everyone knows the world is warming up because too many people drive SUV's and too many cows keep farting.
		</content>
	</comment>
	<comment>
		<content>
I saw the picture of the passengers..which what I saw included a boy probably about 12 years old. Look...I understand people like to go on adventures....including thinking they can just cart off and head towards the coldest place on Earth. But my problem with it is...the parents that took this kid should have understood the risks.
		</content>
	</comment>
	<comment>
		<content>
No, they wanted to give their kid an adventure of a lifetime instead of having some little wuss sitting around waiting to find out what his next food allergy might be. He (or she) will remember this fondly for the rest of their lives. Lucky kid!
		</content>
	</comment>
	<comment>
		<content>
Sure would have been the adventure of a lifetime for that kid if the boat ended up sinking. Would have been the end of his life.
		</content>
	</comment>
	<comment>
		<content>
Guess he should sit in a quiet, well padded, plain white room for the rest of his life, just to be safe. A life is a terrible thing to waste on actually living. Safe and dull - that's the ticket.
		</content>
	</comment>
	<comment>
		<content>
It's a good bet that the entire ship was like that. You won't catch any Af. Americans anywhere near that much ice. Just ask Wayne Gretzky.
		</content>
	</comment>
	<comment>
		<content>
Yep, those crazy white people... always trying to discover new things and increase humanities knowledge of the world around us to better the human situation. By the way, assuming all the people on the ship are white is racist.
		</content>
	</comment>
	<comment>
		<content>
No it's not because I'm white. Now my original statement is racist... or is it because that's a direct quote from some of my good friends who happen to be black. Confusing? Yes.
		</content>
	</comment>
	<comment>
		<content>
It's not a cruise ship. It was a research vessel full of scientists studying the effects of anthropogenic global warming. Since they were caught in ice where they clearly didn't intend on there being ice during the hottest time of the year for Antartica, I guess we can assume that their data is all wrong.
		</content>
	</comment>
	<comment>
		<content>
and this was a cruise ship full of global warming supports wanting to eyewitness the devastating effects to Antarctica.
		</content>
	</comment>
	<comment>
		<content>
I was on the USCGC WESTWIND 30 years ago come new years day when we were trapped in the ice and pushed into the larson ice shelf. It tore a hole about half the length of our ship in one side. We made it to king edwards island were emergency supplies could be flown in. We all made it home safe and my prayers go out to the crew of this ship to get home safe.
		</content>
	</comment>
	<comment>
		<content>
Netrate concepts wishes these travelers the very best, one must be a little adventurous to do this cruise to begin with
		</content>
	</comment>
	<comment>
		<content>
To get one self in a situation like that takes a special kind of person. The captain of that ship and the captain of the Concordia must be buddies.
		</content>
	</comment>
</comments>
