<comments>
<topic id = "Raw-Topic-0" category = "1" />
<doc id="Raw-Topic-0_04" />
	<comment>
		<content>
Blocked toilet? No I hadn't thought of it. But now you mention it, I do recall a crossing to the Channel Islands in the 70s in a stiff gale, vomit flowing freely down the stairwells and, yes, the contents of the toilet bowls going up and down with the movement of the ship. You had to get your timing right. Add that to the scream of her propellers as they left the water, it was all quite exciting.
		</content>
	</comment>
	<comment>
		<content>
There is something very weird about the way MSM is handling this story. There seems to be a palpable fear that people will see this debacle for what it is, a big gamble on a global warming scoop with the media in up to their necks. It is more than a little disingenuous to suggest that their current plight was brought on by warming's effect on ice when even the land has much snow compared to pics from Mawson's visit 100yrs ago when the bay was completely ice free. Sorry, not buying it.
		</content>
	</comment>
	<comment>
		<content>
Both the Guardian and the BBC are well represented on board this ship. I see that the efforts are still being made to blame AGW? for all the snow and ice that wasn't there 100 years ago.
Last winter here we saw AGW being blamed for the deep cold and masses of snow. It beggers belief that everything weather wise is the fault of AGW yet that is how the MSM portrays it. The whole theory behind CO2 driven climate change must be very weak if every little thing is seized upon to "prove" it is real.
Oh, and perhaps someone would like to define "extreme weather" so it can be measured and recorded. Thanks.
		</content>
	</comment>
	<comment>
		<content>
So, this means that all responsibility is now with the helicopter captain. He (or she) has to abide with stringent safety rules. 
1) is the take-off and landing pad secure and stable?
3) are the pax in safet suits, for a wet, or icy forced landing?
4) what support is there if we need to take a forced landing on ice?
Let's hope the Chinese have good practice in icy conditions.
		</content>
	</comment>
	<comment>
		<content>
Presumably it means that some people from the ship will volunteer to clear a landing area and others won't volunteer. I imagine it's hard work and not the job for those who aren't fit and healthy.
I hope it's not the usual military stye: "I need you and you and you to volunteer for a dangerous mission".
		</content>
	</comment>
	<comment>
		<content>
obviously by all the comments here most people think this is already over. Just to put what is happening in perspective all these peoples lives depend on one helicopter operating in some of the harshest conditions in the world. All I can say is good luck they will need it. A few decades ago the united states airforce ended up with four Hercules stranded on the ice while trying to rescue one that needed some repairs.
		</content>
	</comment>
	<comment>
		<content>
The big brain wannabes,conspiracy theorists and your general back of a cereal box scientists do like to impart their pearls of delusional wisdom to educate the masses don't they,as for the links to the views on Twitter... spare me,I don't think so.
		</content>
	</comment>
	<comment>
		<content>
"The event is likely to be a result of long-term climate change that is happening in this part of the world."
Say it like it is - More ice is due to it becoming generally colder in the Antarctic, and the "happening" is that in recent years ice coverage has reached record levels.
Just as Mawson was able to reach the coast 100 on the southern icecap years ago, in the north Amundsen sailed the North West passage in 1903/4
		</content>
	</comment>
	<comment>
		<content>
  There's no Mertz glacier tongue to hold back the sea ice that broke out in the past weeks,   said Turney.   Because there's ice in Commonwealth Bay, where we're near, that old ice couldn't go anywhere apart from here. It's unfortunate circumstances.  
		</content>
	</comment>
	<comment>
		<content>
My wife and I spent Christmas on an Antarctic cruise and it was absolutely the best experience. We were on a Holland America ship. (A week or two before a similar sized ship to this one got in some serious trouble; and another one got into a spot of bother whilst we were there).
A week later we danced ate and drank the New Year in at Cape Horn and it was like a millpond. Sometimes you just get lucky.
		</content>
	</comment>
	<comment>
		<content>
- They've got that wrong. They should get down on their bellies and toboggan along to the sea.
Or use the CLEFT STICKS and CASES OF SCOTCH provided by Lord Beast to build a shelter once the ship goes down through the ice. Then they get in small boats, spend the winter on Elephant Island before sending a rescue party out to get help from South Georgia.
		</content>
	</comment>
	<comment>
		<content>
We were warned of rising sea levels. Up to 100 metres. Europe has had some tremendously cold winters. Pacific island/atolls are not sinking. Sea Ice is increasing. Predicted drought in Australia now sees our water storages at record highs. I don't think I have any explaining to do. You look it up and start explaining. I'll happily concede if the goalposts will stop being constantly moved by warmists. I accept science isn't always exact, but the scaremongering has got to stop and be replaced by something more than populist hysteria designed to frighten the bejeesus out of people who broadly are still convinced by the story of Noah.
		</content>
	</comment>
	<comment>
		<content>
Lest we forget Capt. Scott and his team ran into poor, out-of-season weather and it cost them their lives. Sorry to see the mission ending in this way, as I was enjoying their reports - enjoying because I will never have the means myself to visit this continent myself.
		</content>
	</comment>
	<comment>
		<content>
Well, for a start, "so unfortunate" was, how can I put it, an unfortunate choice of words. To get stuck in a massive breakout of very thick old ice while out boating on the Serpentine may be considered "so unfortunate", but in the Antarctic at this time of year it's an occupational hazard that they should have been prepared for.
Very thick old ice breaking off of glaciers is not an uncommon occurrence at midsummer in Antarctica. That's how icebergs calve.
		</content>
	</comment>
	<comment>
		<content>
For pities sake! there are some armchair whiners here today!!
Alok and the grawniasd science crew (also some bbc notables, one of whom got the boot!!) do a fabulous job in bringing science reporting to life. IMHO they raised the stakes and even forced Nature to improve their game. 
Ventures like this are a great part of science communication (and good only knows, the great unwashed spend a good amount of time and nbsp; complaining about how poor that is!!) But are clearly of higher risk than yet another interview with some post grad in the LHC/ATLAS underground area.
I'm sorry the mission hasn't gone smoother, but in science things just don't always go perfectly . And when they don't, real scientists can still extract value and learn something.
Going "oh, they got stuck in ice, that disproves AGW" is as daft as thinking the LHC helium leak disproved the existence of the Higgs or the failure of the UK Mars express proved the existence of little green Martians.
The science reported have raised their game.... It's about time their readers did the same.
		</content>
	</comment>
	<comment>
		<content>
Have I been missing the point of all this? The paying guests of MV Akademik Shokalskiy are currently experiencing such an unexpected real-life adventure that they will hopefully remember all their lives and pass it on down their families for many decades.
		</content>
	</comment>
	<comment>
		<content>
No one has answered my 'sinking' question yet, but a flit through t'internet produced a few pictures of stricken vessels sunk and about to sink. 
In my simple way I rather imagined the boat popping up like a cork to sit on the ice then, as the ice receded plopping back into the water.
I confess that if I were on board I would hesitate to put my hypothesis to the test.
		</content>
	</comment>
	<comment>
		<content>
I spent a lot of time stuck in thick ice from the Great Lakes to eastern Canadian waters, none of which was as dangerous as the present situation. 
We often broke free on our own thanks to wind shifts and at times with the help of a coast guard breaker. 
Without a large, high powered breaker the people remaining on the ship face a long lonely wait.
		</content>
	</comment>
	<comment>
		<content>
I've defrosted a fridge or two in my time  C patiently chipping my way through the ice-box... I've read a few books about Shackleton's adventure, and watched 'The Thing!' maybe 100 times. Combine this with some sailing experience, rounding the treacherous shore of Brighton, Sussex  C navigating my way through drifts of beer cans and the odd Ikea kitchen door floating its way towards France (dreaming of becoming the first Ikea kitchen door to make it across the Channel). I feel all of this makes me something of an authority on matters of sailing the ice continents.
		</content>
	</comment>
	<comment>
		<content>
Without a large, high powered breaker the people remaining on the ship face a long lonely wait.
How can they be lonely? It's a media junket. They're all having a ball.
And the "long lonely wait" will be over as soon as the helicopter can get in, so son't worry.
		</content>
	</comment>
	<comment>
		<content>
The gravity of the situation will be known by the captain and he will not be telling the passengers the whole picture. Removal of all non essential persons is the first step and that is not easy. Flying a chopper in the prevailing ice conditions can be hazardous. 
		</content>
	</comment>
	<comment>
		<content>
The headline should have been the retreat of Antarctic ice, catastrophic climate and yet dear old mother nature put her oar in. Yes, climate has changed, for the best. Well done you, you wily old climate. It's the biggest smack in the face since Henry Cooper clipped Mohammed Ali. Carry-on girl, sock it too them! If you can muster this sort of effort during the summer what have you in store for winter?
Meanwhile, here in England, nature expends its excess energies in wind and rain. Land that should never have been built on is inundated as if it were an ancient Indian burial ground showing a vengeful side. Those numbskull's that say your back garden is nature, that Britain is only 12% built on, should take note of what nature thinks about their calculations.
Where is the voice of Britain standing against this Ponzi scheme economy. Britain is over-built-on for its climate and those poor people that were duped into buying properties on flood plains are now grieving over their losses brought to them by haste, greed and indifference, the three storms of the deluge. Welcome to Pottersville. Nature has not been so delightfully seasonal for a long time. A bountiful summer followed by a vicious winter, what joy, and break out the boats.
		</content>
	</comment>
	<comment>
		<content>
It is only a matter of time before this data, too, is adjusted and any mention of ice is removed from the records. After all, how could there possibly be any ice there when the models tell us there should be none? Obviously reality is at fault and any records that say otherwise will soon be 'adjusted'.
		</content>
	</comment>
	<comment>
		<content>
You need a geography lesson. The South Pole is not Commonwealth Bay, not even close. The models do indeed predict a reduction of sea ice around Antarctica and here is a paper just this year that discusses the models that predicted the Antarctic Sea Ice would actually decline more than Arctic Sea Ice. The coverage of sea ice around the continent is over 2 standard deviations greater than the average during the satellite era. The latest paper estimating mass ice gains/losses on the continent itself concluded that the ice sheet has grown by 49 gigatons/year, also not predicted by models.
So really what the Guardian needs is less smug self-proclaimed environmental heroes that love to smell their own flatulents.
		</content>
	</comment>
	<comment>
		<content>
There's something in this that feels like Christmas outing gone wrong but is being shrouded in scientific gravitas, were they actually doing anything worthwhile? Like I seem to recall when they were initially stuck they jumped out and counted some birds like "quick lets do something scientific" just an impression I got.
		</content>
	</comment>
	<comment>
		<content>
Latest word is the Japanese ship is itself locked in the ice and now needs rescuing by the Australian ship.
This means the Heli-rescue is off for a few days more, the Japanese won't send their heli until they can be in clear water and in proximity to the Oz breaker.
		</content>
	</comment>
	<comment>
		<content>
What does this rich irony have to do with him reading the article? So Turney blames them being stuck in ice on global warming, that doesn't mean that he is right. The clown doesn't even know what the weather is going to be like tomorrow but he can predict what the climate will be like anywhere in 30 years, right. And if you believe that I've got some carbon to sell you.
		</content>
	</comment>
	<comment>
		<content>
For those who repeatedly say there should be no problem because it is summer down there, let me advise you that in southern regions, for all practical purposes there is no summer. I lived on the south facing eastern side of the South Island of New Zealand - it is the case for all eastern parts of a region that they are far colder in summer than is the west. And we already knew that eastern Antarctica has been less explored than the western side where all the bases are. Add into these dangers the warming of the ocean and the calving on the west of island sized icebergs. If there is any fault it is in not sufficiently anticipating these factors.
I will add that I am very concerned at the video posted by the unhappy Guardian reporter. I noticed how thin he was in the one where he was trying to post in a blizzard on deck. My prayers are with him and his parents who must be very worried. I was in New Zealand when the Air New Zealand tragedy occurred. We really don't want another one.
		</content>
	</comment>
	<comment>
		<content>
"I will add that I am very concerned at the video posted by the unhappy Guardian reporter. I noticed how thin he was in the one where he was trying to post in a blizzard on deck."
you are joking aren't you ? They only left port in New Zealand on 8 December. They have loads of food.
Laurence Topham's bed is too thin but apart from that he seems okay.
		</content>
	</comment>
	<comment>
		<content>
I hope you're joking. Most vessels in the oil and gas industry in the North Sea carry enough food and fuel to see them through 3 months - and they are only ever 12 hours from the nearest port!
I'm sure an expedition to the Antarctic would be well stocked up...
		</content>
	</comment>
	<comment>
		<content>
To all those taking amusement from the plight of these people, I ask forebearance. You do yourselves no credit, and you contribute to the loss of morale of the people caught up in this developing drama. Why not, as is possible here thanks to the communication you are availing yourselves of, give encouragement and support, rather than hitting out at folk when they are down?
The situation is clear, and it is clearly fraught with peril. In the words of that wise philosopher, Thumper's mother, if you can't say anything nice, don't say anything at all.
To those on the stranded ship - some comments here do not reflect the concern of the public in general for your plight. Hang in there.
		</content>
	</comment>
	<comment>
		<content>
I told my children when they were young not to play on the ice... didn't your parents warn you of the dangers of the world at large...
If you venture beyond your depth or purposefully enter into adventure tourism then you must to some extent realised the risk being run.
There is no way to receive a comeuppence of any value if it is not accompanied by the concommitant ridicule. It's cruel and no-one wants this to end in tragedy but a lesson might be learned here, don't believe the hype that there is 'Global' anything.
		</content>
	</comment>
	<comment>
		<content>
Having just turned down the room stat ,, it gets too hot with everyone at home, the stoves cooking, the children rushing around..
It's very difficult to contemplate sub zero temperatures, having to wear gloves before touching any metal handrail, making sure the right layers of clothes, base layer thermals, second layer of thermal, thermal trousers, socks, boots all designed to keep you warm in sub zero conditions. for the Russian crew, a normal conditions, for the "guests", a very different and strange conditions. The continued frustrations of having to wait.... and wait and without a set time and date to be "rescued" 
From reading the comments, the nearest some get to ice id when it;s dropped into their drink. And, it shows in their comments.
It's a freezing wilderness, mist and rain and you cannot venture out from the ship, the rain freezes on impact with your clothing, heavy duty water proofs.. really nice to know you have support and good wishes from those in the warmth of their arm chairs.
		</content>
	</comment>
	<comment>
		<content>
I have just been down to our local OAP housing estate (a dozen or so houses) and all of them are living in single rooms and are all cold, they can't afford the electricity to keep warm tonight (the same all this week including Xmas) I've made up 3 fires with logs from the Community action group.
Now, these are the real people... living, breathing real people who pay the real price of fuel poverty this NYE.
Because of the hype of 'tipping points', 'peak oil' and similar has meant fuel is now a speculators dream and the price is paid for by the fuel poor, right here in the UK is inflated beyond their means, add green taxes and this year we'll lose thousands to the cold.
Yet there are people who are at the South pole who are wearing T-shirts and seemingly lovely and warm who would have (had this expedition not turned out as it has) played no small part in condemning these poor souls to further cold nights and miserable lives.
There are pics of these delinquents on here seemingly living it up, whilst people here are going to spend a miserable time.
Look at the pics here then think about what I've written (if it isn't whisked away without trace that is) and moderate any support you might have for the selfishness on display.
		</content>
	</comment>
	<comment>
		<content>
Maybe you could get your government to extract some money from the billions hidden in all the tax havens they collude with and redistribute it.
Or tax the land your aristocracy owns, or stop paying them absurd payments to put wind farms on the land, or the farming subsidies to them.
Tax the rich more, or is that too socialist for you.
		</content>
	</comment>
	<comment>
		<content>
PS. You and your ilk should be my ally, you should be shoulder to shoulder with me trying to gain a strong base support, instead you leave that base shivering and unreguarded to their resources, you really are my enemy in this, just as much as the idiot toff that makes legislation that harms the poor.
You and your ilk should die of shame, but you are shameless so won't... and you will continue to bolster the very thing that keeps the vast majority of the UK (who are seriously impoverished considering the wealth in the country as a whole) under heel, to cold and afraid to rebel or show dissent.
You and your ilk are the new enemy within and entirely oblivious to the fact.
		</content>
	</comment>
	<comment>
		<content>
Why are tourists allowed to go to places like this in the first place? Antarctica is still one of the world's most isolated places. Until a few years ago the only way to go there was as part of a government research project where participants were trained about survival before being allowed to go. Now, like most things, as long as you've got money, you think you can go anywhere. I even know of private schools in Sydney sending groups of students on tours there. However the dangers should not be forgotten  and  when trouble strikes, like now, millions of dollars  and  much time is wasted on rescuing people who should not have been there in the first place.
		</content>
	</comment>
	<comment>
		<content>
Twelve years ago I was fortunate to be on Aurora Australis when the supply vessel Polar Bird was beset in similar circumstances in Prydz Bay. Aurora was diverted from a supply trip to Casey and made two attempts to reach the Polar Bird, being eventually successful at the second attempt after a change in the wind. The operation took place with the aid of helicopters and a determined and skilled group of crew and expeditioners and I was proud to be involved. At this time, I am reminded of the then chief mate of Aurora, who said. "We are an ice-breaker, not a snow breaker. We can break through a metre of ice, but not when it's got another metre of snow piled on top of it!" I take my hat off to all involved in the rescue, from all nations. Antarctica is our last global frontier, and is unquestionable the engine room of our planet.
		</content>
	</comment>
	<comment>
		<content>
They need either strong winds but in a different direction (away from the shore) or no winds to enable a helicopter rescue. However, as the helicopter ship is now also stuck, there can be no rescue until that is freed. Amazingly the eco-turds have little if any meteorological expertise onboard and have been advised by skeptical meteorologist, Anthony Watts, who has advised that there will be 7-8 days before any likely change. Even then, it is unsure whether the Chinese boat will be free, let alone the Sholaskiy. In the meantime, the ship has to withstand increased ice pressure on her hull, and there is further speculation that the boat was never fit for these conditions in the first place.
		</content>
	</comment>
</comments>
