<comments>
<topic id = "Raw-Topic-0" category = "1" />
<doc id="Raw-Topic-0_03" />
	<comment>
		<content>
This article fails to mention the ironic fact that the scientific researchers on the ice-bound vessel were seeking evidence for the so-called "global warming" crisis allegedly creating warming in the Antarctic. The fact the the reporter failed to mention this salient fact is further evidence of politically correct thinking in the media which suppresses evidence contrary to the popular mythology of "global warming."
		</content>
	</comment>
	<comment>
		<content>
Thanks for injecting "Political Correctness" into a story about a potentially life threatening situation. 
Please educate me why the team was there is germaine to the rescue isssues which I believe were accurqtely reported. 
Is it your implication that we should ask political preference before rescuing? 
Get a life not everything is a politial statement and controlled by left leaning idealogues. It is "Pseudo Sience" linkages like this that give honest conservatives a bad name. 
		</content>
	</comment>
	<comment>
		<content>
First of all, the situation is not life threatening. The icebound ship by all accounts is in no danger of sinking and has plenty of provisions. Furthermore, given the incredible media coverage received by global warming advocates,it is entirely appropriate to note the irony of a team of global warming researchers being trapped by sea ice during the Antarctic summer.
		</content>
	</comment>
	<comment>
		<content>
I see that you are an expert on Antartic Ice Pack behavior and cold weather Artic condition survival, including aerial rescue of people on ice or in water along with turning a statement of POTENTIAL into an absolute. 
Maybe this black / white dicotomic viewpoint of absolutizing other people's statemnts; explains why you insist that poltical issues must be central to everyting. Could you be a closet Democrat? 
		</content>
	</comment>
	<comment>
		<content>
At the present Antarctica has 1.5 million square kilometers of ice coverage over the 1979-2008 mean. In the last decade it has consistently had considerable more ice coverage that what has been historically normal. No one knows why.
The climate alarmists in their new age religion try to deny these facts with in this case potentially fatal results. Another Jim Jones case perhaps. 
Be careful when they tell you to drink the Kool-Aid.
		</content>
	</comment>
	<comment>
		<content>
My guess is that this writer is a 30 something who never studied science in university, has drunk the CAGW Kool Aid, has done no research on this issue or if this writer has done any research (which would prove the point you are making), doesn't want his friends to think he is 'denier'. So he regurgitates MSM pablum. 
In other words, this person is a stenographer and not a reporter. This is bad news for the WSJ readership which expects much better.
		</content>
	</comment>
</comments>
