<comments>
<topic id = "Raw-Topic-0" category = "1" />
<doc id="Raw-Topic-0_10" />
	<comment>
		<content>
like the way sky dodge the whole reason why they were there
they were there to prove the ice caps were melting because of global warming
the global warming myth would have been shown up for the hoax it is if sky actually reported the truth as to why they were there
		</content>
	</comment>
	<comment>
		<content>
"Passengers and tourists" love it.. no one is talking about how these 52 SCIENTISTS are there for one reason only, to research the "GLOBAL WARMING" situation...
Funny how ALL MSM news agencies are reporting on this as they are "Passengers" go look up other articles you will see the same written there. 
how's about the truth for once, they wer eon a fact finding mission to see why the ice is melting..... wait....... i think they found the facts they needed!
		</content>
	</comment>
	<comment>
		<content>
I believe that they said they would tough out like the old time Antarctic explorers? Typical academics full of theories but no sense of the realities... hope that the full costs of those involved in the rescue are fully compensated by the insurance companies of academics and tourists so taxpayers do not have to foot the bills... assuming of course they were adequately insured for such a perilous voyage?
		</content>
	</comment>
	<comment>
		<content>
Ironic isn't the word, trapped in the sea ice that they went there to prove was melting. I understand that the ice is melting, and that the process is so far advanced that there is now nothing that we can do to prevent it, but taxing the climate is not going to have any effect on anything except the chancellor's pocket. It's like a tax on the tide, the government could charge all they want, but the tide will still go in and out.
		</content>
	</comment>
	<comment>
		<content>
I just wish these types of jobs didn't exist...heaven knows how much this 'academic research' costs us all ( and  it's just code speak for "we're off on a jolly to somewhere most folks can't go").
I file this type of job alongside those who swim with dolphins for a living "studying them" (erhm, they're fish-esque mammals that are quite friendly to humans  and  are quite partial to a bit of seafood - what else do we need to know? ....it's stretching it to make it your living!)
		</content>
	</comment>
	<comment>
		<content>
It is somewhat ironic that the scientists were on board to prove the existance of global warming ignoring of course, that there has been a pause in the warming of the planet which scientists cannot explain.
		</content>
	</comment>
	<comment>
		<content>
ThroughTheBlind: " I understand that the ice is melting, and that the process is so far advanced that there is now nothing that we can do to prevent it "
The Antarctic ice cap is not melting, the ice cover has grown and temperatures have been slowly dropping ever since we have had research stations on the continent. As far as I am aware, nobody is claliming that the Antarctic ice cap is melting, there has been some concern about the breakup of the Ross Ice Sheet but this consists of less than 5% of the total ice cap.
Sea ice cover is not governed by air or sea temperatures ( these have both been steady for the last 15 years at bopth poles), it is wind and waves (storms essentially) that break up sea ice and move it around and allow it to refreeze which is what happened to this boat.
During the last, big ice age when there were kilometres of ice over the northern hemisphere landmasses, the sea ice cover in the Arctic was exactly as it is today.
		</content>
	</comment>
	<comment>
		<content>
Like all adventures, at some time or other they are libel to get into trouble, this lot have done it in a big way. Surely they are experts and should have been able to predict what has happened and avoided it. 
So who has to pay for their rescue, two ice breakers and helicopters and all the backup that goes with them, I hope its not my taxes          .
		</content>
	</comment>
	<comment>
		<content>
These middle class fakes must be devastated that in the full glare of the media their daft theories about global warming/climate change have be sunk like their boat will shortly be. No doubt however they will come up with some rubbish as to why they were trapped in ice which was not supposed to be there. These people should concentrate their energy on the real threat to this world...over population and high birth rates within certain communities, they won't of course because that is too sensitive and not at all trendy.
		</content>
	</comment>
	<comment>
		<content>
Bad planning,lack of actual knowledge of the capability of their ship..........Did they not see a reasonable probability of this happening?
		</content>
	</comment>
	<comment>
		<content>
SkyNews, You really do lack important information on allot of these articles, such as explaining more in detail why the scientist are there, as many readers wont even know of the explorer Douglas Mawson.
Fact is There is more Ice in Antarctica now than has ever been officially recorded previously. How about mentioning that SkyNews!
		</content>
	</comment>
	<comment>
		<content>
Oh the irony! There to prove that climate change (I believe 'global warming' has now been dropped!) is melting the ice caps and they get encased in ice - during the Summer! Can't wait to read their report!!
		</content>
	</comment>
</comments>
