<doc id="Raw-Topic-0_09">
<news_source>
BBC
</news_source>

<date>
2 January 2014
</date>

<author_source>
</author_source>

<headline>
Antarctic rescue of Akademik Shokalskiy ship completed
</headline>

<text>
<p>
Rescuers in Antarctica have safely transferred all 52 passengers stranded on the ice-bound research vessel Akademik Shokalskiy.
</p>
<p>
The Australian rescue operators said the scientists and tourists were now all aboard the ship Aurora Australis.
</p>
<p>
They were flown there in groups by a helicopter from a Chinese ice-breaker.
</p>
<p>
The Shokalskiy has been trapped since 24 December. Its 22 crew are expected to remain on board to wait until the vessel becomes free.
</p>
<p>
The Shokalskiy was trapped by thick sheets of ice driven by strong winds, about 1,500 nautical miles south of Hobart - the capital of the Australian state of Tasmania.
</p>
<p>
The vessel was being used by the Australasian Antarctic Expedition to follow the route explorer Douglas Mawson travelled a century ago.
</p>
<p>
'White-knuckle ride'
</p>
<p>
"We've made it to the Aurora australis safe  and  sound. A huge thanks to the Chinese  and  @AusAntarctic for all their hard work!," expedition leader Chris Turney tweeted.
</p>
<p>
The helicopter belongs to the Chinese icebreaker, Xue Long, and each flight took about 45 minutes, round-trip.
</p>
<p>
The BBC's Andrew Luck-Baker, who was on board the Akademik Shokalskiy, says the 15-minute one-way flight was a "white-knuckle ride".
</p>
<p>
The passengers were taken to an ice floe next to the Aurora Australis and then ferried on to the ice-breaker by a small boat.
</p>
<p>
Our correspondent says the Russian crew staying behind could be on the Akademik Shokalskiy for weeks before the pack ice clears.
</p>
<p>
The Australian Maritime Safety Authority's (Amsa) Rescue Co-ordination Centre, which was overseeing the operation, had earlier said it was unlikely the rescue would go ahead on Thursday as hoped because of the sea-ice conditions.
</p>
<p>
But it later reported: "Aurora Australis has advised Amsa that the 52 passengers from the Akademik Shokalskiy are now on board."
</p>
<p>
The passengers are not expected back in Tasmania until mid-January.
</p>
<p>
Several attempts to break through to the ship by sea - by the Xue Long, Aurora Australis and French-flagged L'Astrolabe - failed because of the thickness of the ice.
</p>
<p>
Andrew Luck-Baker says the Aurora Australis, although big, was simply not up to the task and there is speculation two larger vessels may be coming to the area in the weeks to come.
</p>
<p>
Despite being trapped, the scientists continued their experiments, measuring temperature and salinity through cracks in the surrounding ice.
</p>
<p>
One of the aims was to track how quickly the Antarctic's sea ice was disappearing.
</p>
<p>
The ship had plenty of stocks and was never in danger.
</p>
</text>
</doc>
