<doc id="Raw-Topic-0_01">
<news_source>
ABCnews
</news_source>

<date>
Dec. 25, 2013
</date>

<author_source>
</author_source>

<headline>
Cruise Ship Spends Christmas Stuck in Ice off Antarctica
</headline>

<text>
<p>
Fifty-seven people spent Christmas aboard a cruise ship that has become stuck in the ice in a remote region off the coast of Antarctica and rescue vessels are at least two days away, Australian maritime officials told ABC News.
</p>
<p>
The Russian-operated Akademik Shokalskiy, an ice-strengthened vessel built in 1984 for oceanographic research, became stuck in the ice about 1,500 nautical miles from Hobart, Tasmania, and issued a satellite distress call early this morning,  Andrea Hayward-Maher of the Australian Maritime Safety Authority said.
</p>
<p>
  We  ve been in touch with the master of the vessel, who says they are beset by ice,   spokeswoman Hayward-Maher said.   They are basically trapped or stuck in the ice and can  t move.  
</p>
<p>
Passengers are believed to have enough provisions to wait out their rescue. One passenger tweeted that all on board were fine and their   spirits high.  
</p>
<p>
  We  re in the ice like the explorers of old! All are well and spirits are high. Happy Christmas,   Australian professor Chris Turney tweeted.
The ship is too far from land to send aircraft or normal rescue vessels, Hayward-Maher said. Three ships with ice-breaking capabilities in the region have   been tasked with helping,   but they are all a two-day sail from the stuck vessel,   she added.
</p>
<p>
  This is quite a complex and lengthy search-and-rescue operation because of the remote location of the area,   Hayward-Maher said.
</p>
<p>
Of the 57 souls on board, 22 are crewmen and 35 are passengers. The ship cruised to the site of a 1911-1914 expedition of British explorer Sir Douglas Mawson, according to Expeditions Online, a travel agency that sells tickets for the cruise.
</p>
</text>
</doc>
