<doc id="Raw-Topic-0_03">
<news_source>
Wall Street Journal
</news_source>

<date>
Dec. 30, 2013
</date>

<author_source>
</author_source>

<headline>
Bad Weather Impedes Antarctic Rescue Mission
</headline>

<text>
<p>
Snow showers, strong winds and poor visibility are hampering attempts to rescue dozens of researchers, holidaymakers and crew on a ship trapped in Antarctic ice for almost a week.
</p>
<p>
Australia's maritime authority said the Aurora Australis, a vessel designed to break through thick blocks of ice, had come close to the MV Akademik Shokalskiy, a Russian ship that remains stranded after two earlier rescue attempts by other icebreakers failed.
</p>
<p>
The latest attempt to reach the passengers and crew was aborted after harsh weather forced the Australian rescue vessel back into open waters having come within 10 nautical miles of the distressed ship, the authority said late Monday.
</p>
<p>
The icebreaker vessel is currently some 18 nautical miles away from its target.
</p>
<p>
"These weather conditions have resulted in poor visibility and made it difficult and unsafe for the Aurora Australis to continue today's attempt to assist," the Australian Maritime Safety Authority said in a statement. Further rescue efforts may be made, it said.
</p>
<p>
The Russian ship, carrying 74 people and chartered by a team of scientists, first sent out a distress call on Christmas Day after getting stuck in ice about 1,500 nautical miles south of Hobart, the capital of Australia's Tasmania state.
</p>
<p>
French and Chinese icebreakers have already failed to reach the passengers, who are believed to have several weeks of essential supplies left. The Russian ship is trapped in the Australian search-and-rescue zone of Antarctica, putting the Australian maritime body in charge of the rescue operation.
</p>
<p>
The Chinese rescue vessel, Snow Dragon, earlier came within 7 miles of the stranded ship, but turned back after it became clear the ice was too thick to penetrate. The French attempt couldn't get closer than that.
</p>
<p>
It is likely that a helicopter on the Chinese ship would be used to winch passengers out if the Australian ship failed to get through the ice, a spokeswoman for the maritime authority said.
</p>
<p>
In its latest update, the maritime body said it was too dangerous to attempt a helicopter rescue at this time.
</p>
<p>
The research team on board, led by Professor Chris Turney from the University of New South Wales, set out Dec. 8 on a mission to update scientific records on Antarctica made around a century ago by Douglas Mawson, an Australian explorer. Pack ice, solid sheets of ice up to several meters thick, is a major hazard for vessels navigating the harsh Antarctic climate, where temperatures can fall to below minus 100 degrees Fahrenheit.
</p>
<p>
In 1985, the Nella Dan, an Australian research vessel, was trapped for 48 days in the Antarctic. A year later, the Southern Quest, carrying a British expedition, was crushed by ice and sank.
</p>
<p>
More recently, in 2010 icebreakers had to be used to free nearly 1,000 people whose ferry was among dozens of vessels trapped by ice in the Baltic Sea off the coast of Sweden.
</p>
</text>
</doc>
