<doc id="Raw-Topic-0_02">
<news_source>
Reuters
</news_source>

<date>
Dec 30, 2013
</date>

<author_source>
</author_source>

<headline>
Antarctic blizzard halts icebreaker's bid to rescue stranded ship
</headline>

<text>
<p>
An Antarctic blizzard has halted an Australian icebreaker's attempt to reach a Russian ship trapped for a week with 74 people onboard, rescuers said on Monday.
</p>
<p>
The Akademik Shokalskiy left New Zealand on November 28 on a private expedition to commemorate the 100th anniversary of an Antarctic journey led by Australian explorer Douglas Mawson.
</p>
<p>
It became trapped in the ice on December 24, 100 nautical miles east of the French Antarctic station Dumont D'Urville. The 74 people aboard include scientists and tourists, many of them Australian, and 22 Russian crew.
</p>
<p>
A first rescue attempt by a Chinese icebreaker, the Snow Dragon, had to be halted because the ice was so thick.
</p>
<p>
Now another attempt, by the Aurora Australis, has been hampered by the weather.
</p>
<p>
It has had to return to open waters about 18 nautical miles from the Akademik Shokalskiy because of poor visibility, the Australian Maritime Safety Authority (AMSA), which is co-ordinating the rescue, said.
</p>
<p>
The Australian vessel had reached as close as about 10 nautical miles from the trapped ship before turning back.
</p>
<p>
"The weather condition is not safe for it to proceed, and it's gone back to open water," said AMSA spokeswoman Lisa Martin.
</p>
<p>
The Snow Dragon is 6.7 nautical miles from the Akademik Shokalskiy and a helicopter on board will be used to rescue all 52 passengers and some crew if weather conditions permit, the Russian Foreign Ministry said Monday.
</p>
<p>
Asked whether the passengers would have to see in the New Year on the stranded ship, Martin said: "It certainly looks like they will be there tomorrow."
</p>
</text>
</doc>
