<model_summary topic_id="Raw-Topic-47" helper_id="7">
<summary_id>
Raw-Topic-47_7
</summary_id>
<number_of_word>
100
</number_of_word>
<sentence>
Three carriages from a subway train derailed in morning rush-hour between the Slaviansky Boulevard and Park Pobedy stations, west of Moscow.
</sentence>
<sentence>
At least 20 people were killed.
</sentence>
<sentence>
More than 150 were injured with about 50 in grave condition.
</sentence>
<sentence>
 More than 1,100 people were evacuated.
</sentence>
<sentence>
Injured passengers were carried on stretchers, bloodied and bandaged.
</sentence>
<sentece>
Some train carriages were damaged seriously.
</sentece>
<sentence>
An improperly installed rail switch and the snapping of a single three-millimeter wire caused the accident.
</sentence>
<sentence>
The Investigative Committee arrested the head of the track department and his deputy.
</sentence>
<sentence>
Transport between the two stations was suspended for at least two days. 
</sentence>
</model_summary>