<model_summary topic_id="Raw-Topic-11" helper_id="7">
<summary_id>
Raw-Topic-11_7
</summary_id>
<number_of_word>
99
</number_of_word>
<sentence>
A magnitude-5.1 earthquake struck Los Angeles at about 9:11 p.m. on Friday. 
</sentence>
<sentence>
There was no major damage, but the quake caused power outages to 2,000 people. 
</sentence>
<sentence>
Broken glasses were found and some residents reported loss of valuables. 
</sentence>
<sentence>
The disaster triggered a rockslide, which caused a car to overturn.
</sentence>
<sentence>
Fire crew red-tagged 20 flats after finding a major foundation crack, 83 residents were displaced.
</sentence>
<sentence>
The U.S. Geological Survey is working on a device that can alert people to an earthquake four seconds before it is felt.
</sentence>
<sentence>
California lies on the San Andreas Fault, the boundary between two shifting land masses.
</sentence>
</model_summary>