<model_summary topic_id="Raw-Topic-4" helper_id="2">
<summary_id>
Raw-Topic-4_2
</summary_id>
<number_of_word>
100
</number_of_word>
<sentence>
Ten knife-wielding men pointed to separatists from Xinjiang attacked a train station in Kunming in Southwestern China on Saturday, killing at least 29 people and wounding 143.
</sentence>

<sentence>
Some believe it links to the terrorist forces out of the country while others think they are trying to expand their activities in China and create ethnic tensions.
</sentence>

<sentence>
But no evidence is to prove it ties to foreign Muslim extremists.
</sentence>

<sentence>
Police are investigating people in the station and questioning members of the city's small Uighur community about the assailants.
</sentence>

<sentence>
China's president, Xi Jinping, has called for "all-out efforts" to bring assailants to justice.
</sentence>

</model_summary>