<model_summary topic_id="Raw-Topic-62" helper_id="7">
<summary_id>
Raw-Topic-62_7
</summary_id>
<number_of_word>
100
</number_of_word>
<sentence>
The Oregon State Medical Examiner's Office confirmed on Wednesday that 38-year-old Jennifer Huston, who was missing for nearly two weeks before her body was found, had committed suicide.
</sentence>
<sentence>
On Tuesday, a local homeowner spotted Huston’s car on a rural road in a remote area in Dundee.
</sentence>
<sentence>
Her body was found a short distance away.
</sentence>
<sentence>
Huston had been missing when she left home to run errands.
</sentence>
<sentence>
The Newberg-Dundee Police Department said Huston died "fairly close to the time she was reported missing".
</sentence>
<sentece>
Huston’s parents said they did not know why Huston committed suicide.
</sentece>
<sentence>
Huston’s family was planning a memorial for her.
</sentence>
</model_summary>