<model_summary topic_id="Raw-Topic-30" helper_id="8">
<summary_id>
Raw-Topic-30_8
</summary_id>
<number_of_word>
100
</number_of_word>
<sentence>
About 1,400 young children were sexually exploited by Pakistani-heritage perpetrators in Rotherham between 1997 and 2013, with the South Yorkshire Police and Rotherham Council failing to act due to concerns of racism.
</sentence>
<sentence>
Children had been doused in petrol, threatened to be set alight, made to witness rapes and threatened they would be next, yet the reports were suppressed because senior officers didn’t believe the data.
</sentence>
<sentence>
Five men have been jailed and 29 people charged in connection with the crimes.
</sentence>
<sentence>
The Office of the Children’s Commissioner believe the council should re-examine how they listen to children who may be in trouble.
</sentence>
</model_summary>