<model_summary topic_id = "Raw-Topic-76" helper_id ="9">
<summary_id>
Raw-Topic-76_9				
</summary_id>
<number_of_word>
100
</number_of_word>
<sentence>				
Researchers are now studying how to protect the lesula monkeys from ending up as the main course.
</sentence>
<sentence>				
Some have a cream-colored vertical nose stripe.
</sentence>
<sentence>				
The monkey appears to eat fruits and vegetation primarily, and to live both on the ground and in trees. 
</sentence>
<sentence>				
Although it is well known among a remote part of the Democratic Republic of Congo (DRC), it is only the second new species of African monkey discovered since the mid-1980s. 
</sentence>
<sentence>				
Like all of Congo’s remaining large mammals, these species are threatened by uncontrolled commercial bush meat hunting and habitat loss. 
</sentence>
<sentence>				
Researchers are now studying how to protect them.
</sentence>
</model_summary>
