<model_summary topic_id="Raw-Topic-44" helper_id="3">
<summary_id>
Raw-Topic-44_3
</summary_id>
<number_of_word>
100
</number_of_word>
<sentence>
A powerful storm with two tornadoes hit northeast Nebraska, killing a 5-year-old child and a 74-year-old motorist, injuring at least 19 people.
</sentence>
<sentence>
The first tornado touched down around 3:45 pm.
</sentence>
<sentence>
Up to 75 percent of buildings in Pilger was destroyed.
</sentence>
<sentence>
Dual tornadoes were unusual because both appeared to have roughly the same strength.
</sentence>
<sentence>
The lack of thunderstorms may increase the tornadoes' strength because they had no competition for wind and moisture in atmosphere.
</sentence>
<sentence>
Nebraska governor Dave Heineman declared a state of emergency.
</sentence>
<sentence>
The National Weather Service also issued a tornado emergency warning for the town of Burwell in Garfield.
</sentence>
</model_summary>