<model_summary topic_id = "Raw-Topic-11" helper_id ="5">
<summary_id>
Raw-Topic-11_5
</summary_id>
<number_of_word>
99
</number_of_word>
<sentence>
On Friday night, a magnitude-5.1 earthquake which was preceded by two smaller foreshocks was felt in Los Angeles.
</sentence>
<sentence>
There were 100 aftershocks followed, including a magnitude-4.1.
</sentence>
<sentence>
 The earthquake could be felt as far as San Diego and Ventura County. 
 </sentence>
<sentence>
Since the western US state circles the Pacific and it has produced a number of devastating quakes easily.
</sentence>
<sentence>
In Friday’s shock, 83 residents in Fullerton were displaced. 
</sentence>
<sentence>
There were minor damages including broken glass, gas leaks, water main breaks and a rockslide.
</sentence>
<sentence>
Power outages affected 2000 customers following the quake.
</sentence>
<sentence>
Car alarms were reported to set off in some areas. 
</sentence>
</model_summary>

