<model_summary topic_id = "72" helper_id ="9">
<summary_id>
Raw-Topic-72_9
</summary_id>
<number_of_word>
92
</number_of_word>
<sentence>				
The sister of Boston Marathon bombing suspects Dzkokhar and Tamerlan Tsarnaev, Ailina Tsarnaeva, who lives in North Bergen, was taken into NYPD precinct in Harlem. 
</sentence>
<sentence>
She was accused of making a bomb threat to a woman who previously had a romantic relationship with her boyfriend.
</sentence>
<sentence>
Police say Ailina Tsarnaeva made the threat via telephone Monday, allegedly telling the woman, “Leave us alone. I know people who can put a bomb on you.” 
</sentence>
<sentence>
She was charged with aggravated harassment and was given an appearance ticket for a Sept. 30 court date and released.
</sentence>
</model_summary>
