<model_summary topic_id="Raw-Topic-73" helper_id="7">
<summary_id>
Raw-Topic-73_7
</summary_id>
<number_of_word>
100
</number_of_word>
<sentence>
Global warming will send Antarctica's emperor penguins into decline for 19% to 33% by 2100.
</sentence>
<sentence>
Declining sea ice would reduce the size of all 45 known emperor penguin colonies.
</sentence>
<sentence>
Changes to the sea-ice cover can also affect the abundance of krill, the emperor's primary food source and a critical species in the Antarctic food web. 
</sentence>
<sentence>
Scientists are calling for the emperor penguins to be listed as endangered and their habitat better protected.
</sentence>
<sentence>
They urged to define conservation criteria for species endangered by future climate change.
</sentence>
<sentence>
The emperor penguin is now being considered for inclusion under the US Endangered Species Act.
</sentence>
</model_summary>