<model_summary topic_id = "Raw-Topic-70" helper_id ="9">
<summary_id>
Raw-Topic-70_9 					
</summary_id>
<number_of_word>
100
</number_of_word>
<sentence>				
The pangolin is the world’s only scaly mammal and recently all eight pangolin species are listed as threatened with extinction. 
</sentence>
<sentence>
This extinction would erase 80 million years of evolutionary history. 
</sentence>
<sentence>
The raising demand has forced pangolins to become the most illegally traded mammal as they are eaten out of existence in Asia and their scales are used in Chinese medicine.  
</sentence>
<sentence>
To step up the conservation efforts, the IUCN suggested the Chinese and Vietnamese governments to conduct an inventory of their pangolin scale stocks and make this publicly available to prove that wild-caught pangolins are no longer supplying the commercial trade.
</sentence>
</model_summary>
