<model_summary topic_id="Raw-Topic-71" helper_id="7">
<summary_id>
Raw-Topic-71_7
</summary_id>
<number_of_word>
100
</number_of_word>
<sentence>
Lawyers of Texas Governor Rick Perry filed a motion to the court Judge Bert Richardson to dismiss the charges.
</sentence>
<sentence>
Perry is charged with abused of official capacity and coercion of public servant.
</sentence>
<sentence>
He is accused of threatening to withhold $7.5 million in state money to the Public Integrity Unit unless District Attorney Rosemary Lehmberg resigned after arrest for drunken driving.
</sentence>
<sentence>
The motion argues that in issuing the fund for the Public Integrity Unit, Perry was acting in a legislative capacity even though he's governor.
</sentence>
<sentence>
Perry has rejected the charges as a political ploy. Perry could face maximum 109 years imprisonment.
</sentence>
</model_summary>