<model_summary topic_id = "Raw-Topic-4" helper_id ="9">
<summary_id>
Raw-Topic-4_9			
</summary_id>
<number_of_word>
99 
</number_of_word>
<sentence>				
Twenty-nine people were killed and at least 130 were injured Saturday night when ten men armed with long knives stormed the station in the southwest Chinese city of Kunming.  
</sentence>
<sentence>
Members of a separatist group from Xinjiang, in northwest China, are believed to have carried out the assault. 
</sentence>
<sentence>
One senior member of an advisory body to the parliament even commented that such attacks in China had foreign links. 
</sentence>
<sentence>
After this incident, shop and restaurant workers said hundreds of people had fled into their stores seeking refuge while Chinese Premier Li Keqiang asked local authorities to ensure safety at public places. 
</sentence>
</model_summary>

