<?xml version="1.0" encoding="UTF-8"?>
<model_summary topic_id="Raw-Topic-12" helper_id="7">
<summary_id>
Raw-Topic-12_7
</summary_id>
<number_of_word>
100
</number_of_word>
<sentence>
The Australian government challenged the Japanese whaling program in the International Court of Justice in 2010 and the court ruled Monday that Japan can no longer continue its annual whale hunt. 
</sentence>
<sentence>
Each year, environmental groups such as Sea Shepherd pursue the Japanese hunters in an attempt to disrupt the whaling.
</sentence>
<sentence>
Despite the International Whaling Commission implemented the 1983 moratorium on the hunting of great whales, Japan kills about 3,600 minke whales annually in the name of scientific research as to monitor the impact of whales on fishing industry.
</sentence>
<sentence>
Apart from Japan, Norway and Iceland also kill whales for commercial value.
</sentence>
</model_summary>