<?xml version="1.0" encoding="UTF-8"?>
<model_summary topic_id="Raw-Topic-82" helper_id="7">
<summary_id>
Raw-Topic-82_7
</summary_id>
<number_of_word>
100
</number_of_word>
<sentence>
A four-metre white shark that washed ashore on an Australian beach was found to have a large Australian sea lion stuck in its throat few days before.
</sentence>
<sentence>
Department of Fisheries principal research scientist Dr. Rory McAuley in a statement said the shark has no visible injury or disease.
</sentence>
<sentence>
Expert said it is unlikely the blockage itself killed the shark and the shark may have accidentally become stranded in his attempts to get rid of the obstruction.
</sentence>
<sentence>
Some onlookers attempted to drag the shark out to sea after it beached two days before, but the animal returned to shore soon after.
</sentence>
</model_summary>