<model_summary topic_id="Raw-Topic-6" helper_id="2">
<summary_id>
Raw-Topic-6_2
</summary_id>
<number_of_word>
100
</number_of_word>
<sentence>
Sony has unveiled "Project Morpheus," a virtual reality system which will pair with PlayStation 4 to immerse players in the virtual worlds in which they're playing.
</sentence>

<sentence>
The device, which covers a customer’s eyes with a screen, projects a virtual reality image that shifts as it tracks the movement of their head.
</sentence>

<sentence>
Sony was inspired and encouraged to do its own virtual reality project after the enthusiastic response to the efforts of Oculus VR and Valve, another game company working on the technology. 
</sentence>

<sentence>
Richard Marks, who works in research and development at Sony, hoped virtual reality would inspire the games business.
</sentence>
</model_summary>