<model_summary topic_id = "Raw-Topic-2" helper_id ="10">
<summary_id>
Raw-Topic-2_10
</summary_id>
<number_of_word>
99
</number_of_word>
<sentence>				
  Russian police are hunting three potential ‘black widow’ suicide bombers ahead of the Winter Olympics in Sochi. 
</sentence>
<sentence>
  These women led by Doku Umarov, leader of Islamist insurgents, who has vowed to disrupt the Sochi Games. 
</sentence>
<sentence>				
  Two Islamists have claimed responsibility for last month’s suicide bombings that killed 34 people and threatened attacks against tourists, competitors who come. 
</sentence>
<sentence>
  Russia has deployed 40,000 police and security personnel in a "ring of steel" to deter attacks. 
</sentence>
<sentence>
  Police distributed leaflets warning about potential suicide and have killed most of the Islamist rebel leaders. 
</sentence>
<sentence>
  The U.S. military pledged to help Russian combat terrorist attack.
</sentence>
</model_summary>