<model_summary topic_id="Raw-Topic-5" helper_id="2">
<summary_id>
Raw-Topic-5_2
</summary_id>
<number_of_word>
100
</number_of_word>
<sentence>
Major bitcoin exchange Mt. Gox went offline today.
</sentence>

<sentence>
A document purporting to be a MtGox "crisis strategy" said the firm might have lost more than 744,400 bitcoins in a theft that had gone unnoticed for years. 
</sentence>

<sentence>
The value of the unit on MtGox had gone into freefall since then which affected thousands of investors. 
</sentence>

<sentence>
Mt. Gox said it was still working on "re-initiating bitcoin withdrawals".
</sentence>

<sentence>
Released in 2009 by an anonymous creator known as Satoshi Nakamoto, the Bitcoin is an electronic currency that doesn't exist in a physical form and is generated, or "mined," through a complicated mathematical computer process.
</sentence>
</model_summary>