<model_summary topic_id = "Raw-Topic-80" helper_id ="9">
<summary_id>
Raw-Topic-80_9	
</summary_id>
<number_of_word>
97
</number_of_word>
<sentence>				
A new survey has found that the number of migratory monarchs arriving in Mexico dropped significantly in 2013.
</sentence>
<sentence>				
The loss of these populations could spell disaster for many ecosystems because monarchs pollinate plants, including corn that humans rely on for food. 
</sentence>
<sentence>				
Monarch butterflies lay their eggs on milkweed plants.
</sentence>
<sentence>				
Therefore, without milkweed, there are no butterflies. 
</sentence>
<sentence>				
Thus, activists say large stands of milkweed are needed along the migratory route and they also want local authorities in the U.S. and Canada to alter mowing schedules in parks and public spaces, to avoid cutting down milkweed during breeding seasons.
</sentence>
</model_summary>
