<model_summary topic_id="Raw-Topic-1" helper_id="2">
<summary_id>
Raw-Topic-1_2
</summary_id>
<number_of_word>
100
</number_of_word>
<sentence>
Nguyen Ha Dong, a Hanoi-based game developer, took the former most popular free mobile game "Flappy Bird" down on the Apple Inc App Store and Google Inc's Android Play store at midnight on Sunday as he thought the game was addictive and had become a problem. 
</sentence>

<sentence>
Players are to tap the screen to keep the bird flying through pipes by varying its altitude.
</sentence>

<sentence>
 Some players complained of time lost and marriages ended after playing the game while others have been using hashtags of #RIPFlappyBird and #SaveFlappyBird on Twitter to raise awareness and encourage support for the return of the game.
</sentence>

</model_summary>