<model_summary topic_id = "Raw-Topic-22" helper_id ="5">
<summary_id>
Raw-Topic-22_5
</summary_id>
<number_of_word>
98
</number_of_word>
<sentence>
David Cameron called for Britain to lead the fight against dementia and pledged to accelerate development on dementia drugs as the scientists and drug companies having no incentive to do dementia research yet dementia is one of the greatest enemies of humanity.
</sentence>
<sentence>
To tackle head-on the market failure and encourage more investment in research, the world's biggest dementia study was launched in the U.K which involved more than two million people.
</sentence>
<sentence>
Cameron hoped to slow the onset of the disease, or even beat it by 2025 and ensure forty-four million patients could get access to dementia drugs swiftly.
</sentence>
</model_summary>

