<model_summary topic_id = "Raw-Topic-7" helper_id ="5">
<summary_id>
Raw-Topic-7_5
</summary_id>
<number_of_word>
100
</number_of_word>
<sentence>
A suicide bomber who blew himself up killed at least four people and injured thirty-five people on Tuesday in southern Beirut, one of the strongholds of the Shiite radical group Hezbollah.
</sentence>
<sentence>
Responsibility for the attack was claimed by an Israel group called al-Nusra Front in Lebanon. 
</sentence>
<sentence>
The attack was targeting the Hezbollah since they were fighting in support of President Bashar al-Assad in Syria, while Lebanese Sunni Muslims tended to back the Syrian opposition.
</sentence>
<sentence>
The sense of security and peace in the Lebanese capital were declined, thus the Prime Minister called a meeting of the government's emergency response committee immediately.
 </sentence>
</model_summary>

