<model_summary topic_id = "Raw-Topic-70" helper_id ="10">
<summary_id>
Raw-Topic-70_10
</summary_id>
<number_of_word>
99
</number_of_word>
<sentence>
 Pangolin, also known as scaly anteater, which looks like a walking artichoke, is the world’s only scaly mammal. 
</sentence>
<sentence>
But people are eating them and using their scales for their perceived medicinal value, and the pangolin now is nearing extinction. 
</sentence>
<sentence>
Despite international trade bans, the illegal trade is still flourishing. 
</sentence>
<sentence>
 In the International Union for Conservation of Nature's (IUCN) Red List of Threatened Species, all eight pangolin species were listed as "critically endangered," "endangered" or "vulnerable." 
</sentence>
<sentence>
 The IUCN SSC Pangolin Specialist Group launched a new action plan “Scaling up pangolin conservation”, focusing on protecting pangolin strongholds in Asia and Africa
</sentence>
</model_summary>