<model_summary topic_id = "Raw-Topic-43" helper_id ="10">
<summary_id>
Raw-Topic-43_10
</summary_id>
<number_of_word>
100
</number_of_word>
<sentence>
 Apple plans to launch its first smartwatch-dubbed the iWatch with multiple screen sizes and designs this fall, as Apple has been under pressure to release new products and tries to prove it can innovate against rival Samsung, which launched its watch last year. 
</sentence>
<sentence>
The device will have a 2.5-inches screen with a touch face and wireless charging. 
</sentence>
<sentence>
  It contains multiple sensors to track health and fitness.
</sentence>
<sentence>
 Tech gadgets haven’t sold well, many hope Apple will crack the code. 
</sentence>
<sentence>
 Apple expects to ship 50 million units within first year. 
</sentence>
<sentence>
Taiwan's Quanta will begin mass production from July, for an October launch.
</sentence>
</model_summary>