<model_summary topic_id="Raw-Topic-11" helper_id="12">
<summary_id>
Raw-Topic-11_12
</summary_id>
<number_of_word>
99
</number_of_word>

<sentence>
A magnitude-5.1 earthquake followed by 115 aftershocks shook Los Angeles on Friday night.
</sentence>

<sentence>
The epicenter was in Orange County which is about 20 miles east of downtown Los Angeles. 
</sentence>

<sentence>
The boundary between two shifting lands on San Andreas Fault massed responsible for the earthquakes that displaced 83 residents.
</sentence>

<sentence>
The earthquakes caused minor damages including rockslides and water main break but there are no major injuries.
</sentence>

<sentence>
The Red Cross opened a shelter in La Habra while the U.S. Geological Survey is working on a device that is able to alert people to an earthquake four seconds before it is felt.
</sentence>



</model_summary>