<model_summary topic_id="Raw-Topic-29" helper_id="12">
<summary_id>
Raw-Topic-29_12
</summary_id>
<number_of_word>
100
</number_of_word>

<sentence>
Dr Kent Brantly, an American doctor, is receiving medical treatment in Liberia after he was infected with the deadly Ebola virus while treating patients in the West African nation. 
</sentence>

<sentence>
Ebola already had caused 672 deaths across a wide swath of West Africa since the outbreak began earlier this year in Guinea.
</sentence>

<sentence>
Nigeria’s international airports were screening passengers arriving from foreign countries.
</sentence>

<sentence>
Spreading through contact with bodily fluids of patients even after they die, Ebola is highly contagious and kills up to 90% of people infected. 
</sentence>

<sentence>
Traditional burials that include rubbing the bodies of the dead contribute to the severe spread.
</sentence>


</model_summary>