<model_summary topic_id = "Raw-Topic-73" helper_id ="10">
<summary_id>
Raw-Topic-73_10
</summary_id>
<number_of_word>
100
</number_of_word>
<sentence>
 According to a study published in Nature Climate Change journal, loss of sea ice through global warming could reduce the population of Antarctica's emperor penguins by at least 19 percent by the year 2100, after growing 10 per cent up to 2048.
</sentence>
<sentence>
Penguins rely on sea ice for breeding and raising offspring.
</sentence>
<sentence>
Declining sea ice would place two-thirds of emperor penguin colonies into decline and also affect the abundance of krill, their food source.
</sentence>
<sentence>
 Ross Sea will be the last place impacted, and that conservation strategies should focus there.
</sentence>
<sentence>
 The researchers called upon governments to list the birds as endangered.
</sentence>
</model_summary>