<model_summary topic_id="Raw-Topic-0" helper_id="8">
<summary_id>
Raw-Topic-0_8
</summary_id>
<number_of_word>
100
</number_of_word>
<sentence>
The Russian ship MV Akademik Shokalskiy has become trapped in Antarctic ice since 24 December, due to a blizzard pushing broken out ice from another part of the continent around the ship.
</sentence>
<sentence>
The event is likely to be a result of long-term climate change, affecting 74 passengers onboard, including scientists, tourists and crewmen.
</sentence>
<sentence>
The Australian Aurora Australis engaged in rescuing efforts but the ship was unable to break through and risked becoming stuck itself.
</sentence>
<sentence>
The Chinese icebreaker, Xue Long, also failed in similar attempts; its helicopter later airlifted the passengers to the Australian icebreaker which would reach Tasmania in mid-January.
</sentence>
</model_summary>