<model_summary topic_id = "Raw-Topic-9" helper_id ="5">
<summary_id>
Raw-Topic-9_5
</summary_id>
<number_of_word>
98
</number_of_word>
<sentence>
There were more than 70 massive bushfires continue to burn across New South Wales state since last Thursday.
</sentence>
<sentence>
The fires had burned more than 25,800 hectares.
 </sentence>
<sentence>
Thick smoke hung over the border the Australian bush.
 </sentence>
<sentence>
A 43-year-old pilot helping fight a fire died due to plane crash.
</sentence>
<sentence>
There was a total fire ban in Greater Sydney region and thousands of Australians evacuated their homes.
 </sentence>
<sentence>
The largest wildfire was ignited by the explosives military training carried out by the Department of Defense.
</sentence>
<sentence>
Two boys were arrested because of starting fire intentionally and being reckless as to its spread. 
 </sentence>
</model_summary>

