<?xml version="1.0" encoding="UTF-8"?>
<model_summary topic_id="Raw-Topic-53" helper_id="7">
<summary_id>
Raw-Topic-53_7
</summary_id>
<number_of_word>
100
</number_of_word>
<sentence>
Facebook launched an Internet.org app in Zambia to provide free access to Facebook and other online services including Wikipedia, Google Search, AccuWeather and websites offering health and other services.
</sentence>
<sentence>
Facebook aims to bring the Internet to people who are not yet online.
</sentence>
<sentence>
The new app has the potential to boost the size of Facebook‘s audience, which currently totals 1.32 billion monthly users.
</sentence>
<sentence>
Facebook will not pay Airtel for the bandwidth, but Airtel will benefit as users may decide to pay for unrestricted access.
</sentence>
<sentence>
Google has run its own zero-data initiative called Free Zone including a partnership with Airtel in India.
</sentence>
</model_summary>