<model_summary topic_id = "75" helper_id ="9">
<summary_id>
Raw-Topic-75_9					
</summary_id>
<number_of_word>
100
</number_of_word>
<sentence>				
A man in an Afghan army uniform opened fire today on a gathering of Coalition officers and soldiers at a military training academy near Kabul, killing a US major general and wounding 15 more personnel, including three Afghan troops and "about a dozen" Americans. 
</sentence>
<sentence>
NATO said it was investigating the attack. 
</sentence>
<sentence>
Afghan President Hamid Karzai condemned this as "cowardly" and blamed the assault on “enemies who don’t want to see Afghanistan have strong institutions”. 
</sentence>
<sentence>
While Pentagon spokesman Rear Admiral John Kirby said, "There is no indication there is a degradation of trust" between NATO troops and Afghan National Security Forces.
</sentence>
</model_summary>

