<model_summary topic_id="Raw-Topic-82" helper_id="14">
<summary_id>
Raw-Topic-82_14
</summary_id>
<number_of_word>
100
</number_of_word>
<sentence>
   A great white shark washed up on a beach in western Australia on Monday was found to have a large sea lion stuck in its throat.
</sentence>
<sentence>
   The four-metre (13ft) shark choked and died.
</sentence>
<sentence>
   Scientists for the Western Australia Department of Fisheries believed the sea lion might have damaged the shark's internal organs or impeded water flow into his gills.
</sentence>
<sentence>
   Alternatively, the shark might have accidentally become stranded to get rid of the obstruction.
</sentence>
<sentence>
   Some beachgoers videoed it and posted it on YouTube, where the footage went viral. 
</sentence>
<sentence>
   The shark had been tagged off the coast of South Australia in January.
</sentence>
</model_summary>