<model_summary topic_id="Raw-Topic-20" helper_id="14">
<summary_id>
Raw-Topic-20_14
</summary_id>
<number_of_word>
99
</number_of_word>
<sentence>
   A newborn baby has died while 14 others are suffering from blood poisoning caused by a common bacterium after they were infected by a contaminated batch of liquid food in six hospitals across England.
</sentence>
<sentence>
   ITH Pharma, which produced parenteral nutrition fed to the babies through intravenous drips, is co-operating fully with the investigation.
</sentence>
<sentence>
   The remaining stock of this medicine is not being used in hospitals and the potentially affected medicine has been recalled.
</sentence>
<sentence>
   All babies on the unit are being screened for the bacterium and enhanced infection control measures have been put in place to prevent any further cases.
</sentence>
</model_summary>