<model_summary topic_id="Raw-Topic-28" helper_id="8">
<summary_id>
Raw-Topic-28_8
</summary_id>
<number_of_word>
100
</number_of_word>
<sentence>
A “Girl Summit” was hosted by the UK government along with Unicef to eradicate female genital mutilation (FGM) and childhood marriage.
</sentence>
<sentence>
Unicef estimates more than 130 million girls and women have undergone FGM worldwide and an estimated 137,000 women are affected or at risk of FGM in England and Wales, preventing them from living a violence free life.
</sentence>
<sentence>
FGM is practiced in order to suppress a woman’s sexual desire to prevent “immoral” behavior, and the UK government has set up a unit to outlaw such practices.
</sentence>
<sentence>
Parents would be held responsible if their children was a victim of the practice.
</sentence>
</model_summary>