<model_summary topic_id = "Raw-Topic-23" helper_id ="5">
<summary_id>
Raw-Topic-23_5
</summary_id>
<number_of_word>
99
</number_of_word>
<sentence>
The late Top of the Pops host, Jimmy Savile was investigated by a string of official inquiries such as the National Health Service institutions.
</sentence>
<sentence>
It is found that Savile sexually abused around 500 vulnerable victims at 28 hospitals in the name of volunteer and raped at least three of them.
</sentence>
<sentence>
Furthermore, Dr. Sue Proctor, who led one of the investigations said that Savile claimed to have performed sex acts on the dead.
 </sentence>
<sentence>
There were 214 criminal offences, including 34 rapes recorded against Savile's name.
 </sentence>
<sentence>
Savile died in 2011 and his reputation collapsed due to the allegations against him.
</sentence>
</model_summary>

