<model_summary topic_id = "Raw-Topic-24" helper_id ="5">
<summary_id>
Raw-Topic-24_5
</summary_id>
<number_of_word>
100
</number_of_word>
<sentence>
There is a global threat which drug-resistant bacteria, viruses and parasites drive a health crisis due to the overuse and low price of antibiotics. 
</sentence>
<sentence>
 Cameron called for immediate action and planned to lead the fightback.
 </sentence>
<sentence>
There are about 25,000 people die annually across Europe due to antibiotic-resistant infections. 
</sentence>
<sentence>
Yet the incentives for drug companies to inves tmoney in new antibiotics is low because they cost so much and it is difficult to develop. 
</sentence>
<sentence>
Therefore,  the Innovative Medicines Initiative collaborated to this health challenge and Economist Jim O'Neill will lead a panel to encourage the development of new generation of antibiotics. 
 </sentence>
</model_summary>

