<model_summary topic_id = "Raw-Topic-65" helper_id ="10">
<summary_id>
Raw-Topic-65_10
</summary_id>
<number_of_word>
100
</number_of_word>
<sentence>
Two missing Amish sisters, 6-year-old Delila Miller and 12-year-old Fannie Miller, abducted from their family's roadside farm stand.
</sentence>
<sentence>
An Amber Alert was issued but police did not have photographs of the girls because the Amish forbid photos of themselves.
</sentence>
<sentence>
The girls were dropped off unharmed by their captors next day in front of a stranger's home and knocked on the door, asking for help getting home. 
</sentence>
<sentence>
A northern New York couple was arrested.
</sentence>
<sentence>
St. Lawrence County's District Attorney said Stephen Howells II and Nicole Vaisey were each charged with two counts of first-degree kidnapping.
</sentence>
<sentence>
Authorities had been tight-lipped about details.
</sentence>
</model_summary>