<model_summary topic_id="Raw-Topic-43" helper_id="8">
<summary_id>
Raw-Topic-43_8
</summary_id>
<number_of_word>
100
</number_of_word>
<sentence>
Apple may launch its iWatch in the fall with Taiwan’s Quantas Computer Inc starting mass production in July, as CEO Tim Cook pledged that Apple will enter new product categories this year, with the company being under pressure to break into new market segments.
</sentence>
<sentence>
The iWatch will be Apple’s first device to include wireless charging, and a boost to Quanta whose product lines for Apple are in decline.
</sentence>
<sentence>
 Many are hoping that Apple’s entry into the field will transform the industry like the company’s iPhone.
</sentence>
<sentence>
Apple expects to ship 50 million units within the first years of the product’s release.
</sentence>
</model_summary>