<model_summary topic_id = "Raw-Topic-1" helper_id ="5">
<summary_id>
Raw-Topic-1_5
</summary_id>
<number_of_word>
98
</number_of_word>
<sentence>
Flappy Bird is a game which users have to steer a bird between green pipes.
</sentence>
<sentence>
It had become the top mobile game seller on Apple and Google's online stores.
</sentence>
<sentence>
Yet, its creator, Dong Nguyen, decided to take the game down despite the earnings of $50,000 advertising revenue a day.
</sentence>
<sentence>
Nguyen said because the game had become an addictive product.
</sentence>
<sentence>
The game is no longer available to download on online store. 
</sentence>
<sentence>
Although Nguyen had removed Flappy Bird, he was not going to sell the game. 
</sentence>
<sentence>
Some of his studio's other games had a surge in popularity in iOS charts.
 </sentence>

</model_summary>

