<model_summary topic_id = "Raw-Topic-45" helper_id ="9">
<summary_id>
Raw-Topic-45_9 					
</summary_id>
<number_of_word>
99
</number_of_word>
<sentence>				
Google revealed certain new developments at its annual conference on Wednesday. 
</sentence>
<sentence>
The first SDK will be launched on Android wearables. 
</sentence>
<sentence>
It also reveals the "Cardboard" project, which makes Virtual Reality accessible to more people and Project Volta, which focus on improving battery life on Android devices. 
</sentence>
<sentence>
Moreover, android operating system is expected to stretch — into cars, homes and smart watches.
</sentence>
<sentence>
Unproven technologies like driverless cars and Google Glass will take years to pay off. 
</sentence>
<sentence> The outreached strategy will let Google’s software reach further into our lives while some commenters think this may be too outreached and becomes a problem.
</sentence>
</model_summary>
