<model_summary topic_id="Raw-Topic-41" helper_id="2">
<summary_id>
Raw-Topic-41_2
</summary_id>
<number_of_word>
100
</number_of_word>
<sentence>
The militant group ISIS, the Islamic State in Iraq and Syria seized Iraq's second-largest city, Mosul, last week and has threatened to march on Baghdad, Iraq's capital and largest city. 
</sentence>

<sentence>
 Although the government bolstered defences around Baghdad, a series of explosions inside the capital killed at least 19 people and wounded more than 40.  
</sentence>

<sentence>
They posted graphic photos that appeared to show their gunmen massacring scores of captured Iraqi soldiers.
</sentence>

<sentence>
President Barack Obama ruled out sending troops into the country but he and Iranian leader have pledged support for the government of Iraqi Prime Minister Nuri al-Maliki in fighting ISIS.
</sentence>

</model_summary>