<model_summary topic_id = "Raw-Topic-62" helper_id ="10">
<summary_id>
Raw-Topic-62_10
</summary_id>
<number_of_word>
100
</number_of_word>
<sentence>
 Jennifer Huston, whose body was found nearly two weeks after she vanished, died of asphyxiation in what Oregon State Medical Examiner said was a suicide. 
</sentence>
<sentence>
An empty box of sleeping pills and a note to her family were at the scene where Huston was found near her SUV on a remote area, Newberg-Dundee police said. 
</sentence>
<sentence>
She was last seen to purchase trail mix, Gatorade and sleeping pills and was concluded died fairly close to the time she was reported missing. 
</sentence>
<sentence>
Huston’s parents stated with heartache they didn't know what led Jennifer to this end and thanked community members for helping.
</sentence>
</model_summary>