<model_summary topic_id = "Raw-Topic-64" helper_id ="10">
<summary_id>
Raw-Topic-64_10
</summary_id>
<number_of_word>
100
</number_of_word>
<sentence>
The 45-year-old man, Nicolas Holzer, stabbed to death his father, then killed his two sons, his mother and finally the family dog at their home.
</sentence>
<sentence>
He then calmly called 911 and told detectives the killings were his destiny.
</sentence>
<sentence>
Two kitchen knives believed used in the killings were recovered.
</sentence>
<sentence>
 Holzer had lived with his parents and his sons, Sebastian, 13, and Vincent, 10, and had full custody of the boys following a divorce.
</sentence>
<sentence>
 It is unclear if Holzer had mental health issues.
</sentence>
<sentence>
The Santa Barbara County Sheriff's Office said Holzer was being held without bail and faced four counts of murder.
</sentence>
</model_summary>