<model_summary topic_id = "53" helper_id ="9">
<summary_id>
Raw-Topic-53_9 					
</summary_id>
<number_of_word>
98
</number_of_word>
<sentence>				
FACEBOOK Inc is launching a mobile app, Internet org., which gives users in Zambia free access to a handful of online services on mobile phones, including Facebook and services like AccuWeather, Google Search and Wikipedia. 
</sentence>
<sentence>
The app works well on simple "feature phones" that are used by the majority of people in Zambia.
</sentence>
<sentence>
It provides chances for the vast majority to have first-time experience of the Internet
</sentence>
<sentence>
The stated goal of Facebook is removing connecting barriers in developing countries by reducing the costs of getting online through mobile devices, and the app will later spread to additional countries.
</sentence>
</model_summary>
