<model_summary topic_id="Raw-Topic-2" helper_id="3">
<summary_id>
Raw-Topic-2_3
</summary_id>
<number_of_word>
99
</number_of_word>
<sentence>
Russian security officials are hunting three potential female suicide bombers in the Black sea resort city of Sochi ahead of the Winter Olympic.
</sentence>
<sentence>
One of the females, 22-year-old Ruzanna Ibrgimova, is a widow of an Islamic militant from the Caucasus region that was killed by government forces.
</sentence>
<sentence>
The Islamist insurgents wants to stop Russia from hosting the games.
</sentence>
<sentence>
The threats may terrorize Rusia and spoil the games.
</sentence>
<sentence>
The U.S. military pleadged to offer air and naval support to the Russian government.
</sentence>
<sentence>
Russia also has a "ring of steel" operation and tight control on vehicles to secure Sochi.
</sentence>
<sentence>
</sentence>
</model_summary>