<model_summary topic_id="Raw-Topic-72" helper_id="12">
<summary_id>
Raw-Topic-72_12
</summary_id>
<number_of_word>
96
</number_of_word>

<sentence>
The sister of the Boston Marathon bombing suspect was arrested in New York City on Wednesday for allegedly making a bomb threat.
</sentence>

<sentence>
Ailina Tsarnaev, 24, was charged with aggravated harassment after a bomb threat was made by phone to her boyfriend’s ex-girlfriend.
</sentence>

<sentence>
Tsarnaev threats against her by saying "Leave us alone. I know people who can go over there and put a bomb on you".
</sentence>

<sentence>
She then turned herself in on Wednesday after being contacted by detectives, was arrested and released.
</sentence>

<sentence>
She was issued a desk appearance ticket and was due in court on Sept. 30.
</sentence>



</model_summary>