<model_summary topic_id = "Raw-Topic-40" helper_id ="10">
<summary_id>
Raw-Topic-40_10
</summary_id>
<number_of_word>
100
</number_of_word>
<sentence>
 Militants laid siege to Karachi's international airport on Sunday in a five-hour attack that ended with 36 people dead, including the 10 attackers. 
</sentence>
<sentence>
The Pakistani Taliban that has been trying to overthrow the government, claimed responsibility, saying the attack was retaliation for the death of former chief Hakimullah Mehsud, who was killed in a U.S. drone strike
</sentence>
<sentence>
A second attack in two days on airport security forces forced the airport to shut down. 
</sentence>
<sentence>
No one was hurt in the incident.
</sentence>
<sentence>
Pakistani army troops were sent to help the security forces, which managed to quickly repulse the attack on the complex.
</sentence>
</model_summary>