<model_summary topic_id = "Raw-Topic-63" helper_id ="10">
<summary_id>
Raw-Topic-63_10
</summary_id>
<number_of_word>
99
</number_of_word>
<sentence>
 A 17-year-old, whose identity was not released, has been arrested in the death and sexual assault of a 6-year-old girl, Jenise Wright, whose body was found near the Washington state mobile home park she vanished from last weekend
</sentence>
<sentence>
According to Kitsap County Sheriff's Office, the teenager was arrested without incident at his home in the same Bremerton-area mobile home park as the girl and will be booked for second-degree murder, first-degree manslaughter and first-degree child rape. 
</sentence>
<sentence>
The state crime lab made positive confirmation of the suspect through forensic evidence. 
</sentence>
<sentence>
 Formal charges were pending and no further details were released.
</sentence>
</model_summary>