<model_summary topic_id = "Raw-Topic-40" helper_id ="5">
<summary_id>
Raw-Topic-40_5
</summary_id>
<number_of_word>
100
</number_of_word>
<sentence>
There was a second terrorist attack on airport security forces near Karachi's Jinnah International Airport two days after Sunday's deadly attack which at least 39 people died in the airport.
</sentence>
<sentence>
Tuesday’s assault targeted the Airport Security Forces academy, no one was killed or wounded.
</sentence>
<sentence>
The Pakistani Taliban claimed the responsibility as they wanted to showcase the Taliban's ability to strike and revenged for the military air strikes.
</sentence>
<sentence>The incident destroyed prospects for peace talks between the Taliban and Sharif's government and it would be hard to convince cricket teams from other countries in playing in Pakistan open after the assaults.
</sentence>
</model_summary>

