<model_summary topic_id = "Raw-Topic-50" helper_id ="10">
<summary_id>
Raw-Topic-50_10
</summary_id>
<number_of_word>
100
</number_of_word>
<sentence>
The wreckage of an Air Algerie flight that crashed has been found in Mali scattered and burned.
</sentence>
<sentence>
All 118 people on board – 112 passengers (including 54 French) and six crew – were killed. 
</sentence>
<sentence>
Flight AH5017 had taken off from Burkina Faso to Algiers on early Thursday.
</sentence>
<sentence>
About 40 minutes later, shortly after the pilot asked to change its route due to bad weather, the aircraft dropped off the radar.
</sentence>
<sentence>
No hypotheses were being ruled out, including Terrorism.
</sentence>
<sentence>
One of two black boxes has been found and was sent to Gao.
</sentence>
<sentence>
French forces are tasked with securing the site and gathering information.
</sentence>
</model_summary>