<model_summary topic_id="Raw-Topic-20" helper_id="7">
<summary_id>
Raw-Topic-20_7
</summary_id>
<number_of_word>
99
</number_of_word>
<sentence>
One baby has died from blood poisoning after being administered a contaminated batch of liquid food.
</sentence>
<sentence>
14 more babies in neonatal intensive care units at six hospitals across England also reported to have fallen ill, they are responding well to antibiotics.
</sentence>
<sentence>
Many of the affected babies are premature and are vulnerable to bacteria.
</sentence>
<sentence>
 A spokeswoman from Public Health England says that an incident at the manufacturing plant may be the source of the contamination after investigation.
</sentence>
<sentence>
Hospital spokeswoman says that babies in neonatal unit are now screened for bacterium as a precaution and parents of the babies are well-informed.
</sentence>
</model_summary>
