<model_summary topic_id="Raw-Topic-6" helper_id="7">
<summary_id>
Raw-Topic-6_7
</summary_id>
<number_of_word>
100
</number_of_word>
<sentence>
Sony has announced "Project Morpheus," a virtual reality headset which will pair with PlayStation 4 to immerse players in the 360-degree virtual worlds.
</sentence>
<sentence>
Shuhei Yoshida, the president of Sony Computer Entertainment Inc. said that the development of the new headset was inspired by how developers responded to Oculus Rift, which will be one of the competitors of Sony in virtual reality system, to push virtual reality forward.
</sentence>
<sentence>
The new headset has built-in sensors to track head orientation and movement.
</sentence>
<sentence>
It can be used jointly with the PlayStation Move controller.
</sentence>
<sentence>
Yoshida expected that the headset can "push the boundaries of play".
</sentence>
</model_summary>