<model_summary topic_id = "Raw-Topic-44" helper_id ="5">
<summary_id>
Raw-Topic-44_5
</summary_id>
<number_of_word>
98
</number_of_word>
<sentence>
Two devastating tornadoes ripped through northeast Nebraska on Monday light. 
</sentence>
<sentence>
Dual twisters touched down at the same time and they are unusual as both had roughly the same strength.
</sentence>
<sentence>
A lack of thunderstorms also helped to increase their strength.
</sentence>
<sentence>
The tornadoes swept away the house of Larry Nelson, who lived in for 22 years and at least ninteen were hurt.
</sentence>
<sentence>
A 5-year-old child and a motorist were killed during the storm. 
</sentence>
<sentence>
Three-quarters of the town, Pilger, including the houses, school, fire station and church were damaged.
</sentence>
<sentence>
The National Guard was preparing to assist and help with the cleanup. 
</sentence>

</model_summary>

