<model_summary topic_id="Raw-Topic-20" helper_id="10">
<summary_id>
Raw-Topic-20_10
</summary_id>
<number_of_word>
99
</number_of_word>
<sentence>
A newborn baby has died and 14 others are suffering from blood poisoning after they were infected by a contaminated batch of liquid food distributed to intensive care units in six hospitals across London and the southeast of England.
</sentence>

<sentence>
An incident at the manufacturing plant is thought to have been the source of accidental contamination. The surviving babies are responding well to antibiotics. 
</sentence>

<sentence>
 All babies on the unit are screened for the bacterium and enhanced infection control measures are implemented as a precaution. 
</sentence>

<sentence>
Affected hospitals have stopped using the product and switched to an alternative type of parenteral nutrition.
</sentence>
</model_summary>