<model_summary topic_id="Raw-Topic-41" helper_id="7">
<summary_id>
Raw-Topic-41_7
</summary_id>
<number_of_word>
100
</number_of_word>
<sentence>
Islamic State of Iraq and Syria (ISIS) have seized the cities of Mosul and Tikrit, and are moving closer to Baghdad.
</sentence>
<sentence>
This created a golden opportunity for peshmerga forces to occupy provinces controlled by the Kurdish regional government (KRG).
</sentence>
<sentence>
Since the U.S. withdrawal in 2011, ISIS has been active in Iraq and Syria to create a unified Sunni caliphate in the region.
</sentence>
<sentence>
Their brutal acts cause civilians, militants and journalists to death.
</sentence>
<sentence>
US President Barack Obama has said he will take several days to decide what action to take over Iraq, but that no US troops will be deployed there.
</sentence>
</model_summary>