<model_summary topic_id="Raw-Topic-45" helper_id="12">
<summary_id>
Raw-Topic-45_12
</summary_id>
<number_of_word>
92
</number_of_word>

<sentence>
Google revealed a number of big updates to its Android software at its annual I/O developer conference in San Francisco.
</sentence>

<sentence>
Google essentially wants to unify the user experience across all connected devices.
</sentence>

<sentence>
Therefore, Android Wear, one of the new inventions, powers a new range of smartwatches which deliver all sorts of useful information of the kind that Google Now puts on users’ smartphone.
</sentence>

<sentence>
Although it makes people lives better, it raises up privacy question.
</sentence>

<sentence>
Google has already begun deleting some search results at the request of its users due to privacy concern.
</sentence>



</model_summary>