<model_summary topic_id="Raw-Topic-53" helper_id="12">
<summary_id>
Raw-Topic-53_12
</summary_id>
<number_of_word>
100
</number_of_word>

<sentence>
Facebook has launched its Internet.org app in Zambia, as an Android app for subscribers of Zambia's Airtel phone company free and limited access to the internet.
</sentence>

<sentence>
Removing barriers in developing countries to connecting the knowledge economy, online services are accessible through the app AccuWeather, Google, Wikipedia and Facebook without incurring any data charges.
</sentence>

<sentence>
This app broadens an effort to boost Internet usage in underdeveloped countries.
</sentence>

<sentence>
Facebook has already been working with mobile operators around the world to offer its own service free of charge to phone subscribers.
</sentence>

<sentence>
The goal is to bring affordable Internet access to everyone in the world.
</sentence>



</model_summary>