<model_summary topic_id = "Raw-Topic-25" helper_id ="9">
<summary_id>
Raw-Topic-25_9 					
</summary_id>
<number_of_word>
98 
</number_of_word>
<sentence>				
An unprecedented outbreak of the Ebola virus in Guinea, Liberia and Sierra Leone is out of control.  
</sentence>
<sentence>
People who infected will have symptoms including fever, fatigue and internal bleeding setting in two weeks after infection. 
</sentence>
<sentence>
The death toll has climbed to 467 and they now lack resources to battle. 
</sentence>
<sentence>
Fear and mistrust and traditional burial practices are two main contributed factors to the severe situation.    
</sentence>
<sentence>
In order to deal with this, the WHO warned four other West African countries, including Ivory Coast, Senegal, Mali and Guinea Bissau, to prepare for the possible arrival of travellers carrying the virus.   
</sentence></model_summary>