<model_summary topic_id="Raw-Topic-30" helper_id="7">
<summary_id>
Raw-Topic-30_7
</summary_id>
<number_of_word>
100
</number_of_word>
<sentence>
A report commissioned by Rotherham Borough Council has found that 1,400 youngsters suffered wide scale sexual exploitation by Pakistani men including gang rapes, grooming and trafficking for 16years.
</sentence>
<sentence>
South Yorkshire Police is criticised by failing to prioritise the issue and officials turned a blind eye in order to avoid being labelled as “racists”.
</sentence>
<sentence>
Maggie Atkinson, children’s commissioner for England said the findings of the report are consistent to theirs.
</sentence>
<sentence>
In 2010, five Asian men were in jail after convictions of sexual offences.
</sentence>
<sentence>
The Crown Prosecution Service recognises that prosecutions can go ahead even when victims give confused accounts of abuse.
</sentence>
</model_summary>