<model_summary topic_id = "Raw-Topic-43" helper_id ="5">
<summary_id>
Raw-Topic-43_5
</summary_id>
<number_of_word>
98
</number_of_word>
<sentence>
A source said Apple Inc. may launch its smartwatch dubbed as iWatch in October as it is under pressure to break into new market segments.
</sentence>
<sentence>
It expects to ship 50 million units in the first year.
</sentence>
<sentence>
Taiwanese company, Quanta will be the main manufacturer of iWatch.
</sentence>
<sentence>
There will be multiple screen sizes and designs for the watch.
</sentence>
<sentence>
 The watch face will create an arched shape and it has wireless charging capabilities.
 </sentence>
<sentence>
It can perform some functions independently yet messaging and voice chat will still require connection to a smartphone.
</sentence>
<sentence>
 However, Apple and other related companies declined to comment. 
 </sentence>
</model_summary>

