<model_summary topic_id = "Raw-Topic-4" helper_id ="5">
<summary_id>
Raw-Topic-4_5
</summary_id>
<number_of_word>
99
</number_of_word>
<sentence>
There was a terrorist attack which a group of knife-wielding people dressed in black attacked the Kunming Railway Station in the capital city of southwestern China's Yunnan province on 1 March.
</sentence>
<sentence>
Police fatally shot four assailants and captured another yet five others were still on the run. 
</sentence>
<sentence>
Authorities were searching for other suspects and questioning people at the site.
</sentence>
<sentence>
It was believed that the perpetrators were separatists from Xinjiang. 
 </sentence>
 <sentence>
They were seeking an independent state as there were repressive policies in Xinjiang. 
 </sentence>
  <sentence>
 They also wanted to obtain support from international terrorist organizations.
 </sentence>
</model_summary>

