<model_summary topic_id="Raw-Topic-56" helper_id="7">
<summary_id>
Raw-Topic-56_7
</summary_id>
<number_of_word>
100
</number_of_word>
<sentence>
IBM will partner with Apple to sell iPhones and iPads installed with applications targeted at enterprise clients.
</sentence>
<sentence>
For IBM, the partnership enables the company to shift its focus to software and services as its hardware unit continues to slump.
</sentence>
<sentence>
As for Apple, CEO Tim Cook said it doesn't understand the needs of corporate customers as well as it does consumers.
</sentence>
<sentence>
The device features some of data-crunching tools.
</sentence>
<sentence>
 IBM also plans to develop cloud services optimized for iOS.
</sentence>
<sentence>
IBM shares were up 1.9 percent and Apple shares rose 1.3 percent after the announcement.
</sentence>
<sentence>
Microsoft has announced to improve their cloud-based products.
</sentence>
</model_summary>