<model_summary topic_id="Raw-Topic-62" helper_id="14">
<summary_id>
Raw-Topic-62_14
</summary_id>
<number_of_word>
99
</number_of_word>
<sentence>
An Oregon mom Jennifer Huston whose disappearance prompted a nearly two-week search was found dead in an isolated forested area 20 miles from her home.
</sentence>
<sentence>
The Newberg-Dundee Police Department said the death of Jennifer was ruled as a suicide. 
</sentence>
<sentence>
The cause of death was asphyxiation.
</sentence>
<sentence>
The box of sleeping pills that surveillance videos captured Huston buying on July 24 evening was found empty at the scene.
</sentence>
<sentence>
Huston's husband reported her missing when she mysteriously vanished after her leaving to run errands.
</sentence>
<sentence>
Huston's family didn’t know the cause of her suicide and they were planning a memorial service to celebrate Huston's life.
</sentence>
</model_summary>