<model_summary topic_id="Raw-Topic-75" helper_id="7">
<summary_id>
Raw-Topic-75_7
</summary_id>
<number_of_word>
100
</number_of_word>
<sentence>
A man dressed in an Afghan army uniform opened fire Tuesday noon due to an argument at a military training base in Kabul, Afghanistan.
</sentence>
<sentence>
A U.S. Army major general was killed, who was the highest-ranked American officer killed in combat since 1970. 
</sentence>
<sentence>
15 other NATO coalition members were wounded.
</sentence>
<sentence>
The gunman was suspected to be hired three years ago and was from southeast Afghanistan.
</sentence>
<sentence>
 Afghan President Hamid Karzai condemned as "cowardly." 
</sentence>
<sentence>
U.S. President Obama called Marine General for a briefing. 
</sentence>
<sentence>
Pentagon spokesman John Kirby said the killing has not degraded the trust between NATO troops and Afghan National Security Forces.
</sentence>
</model_summary>