<model_summary topic_id = "Raw-Topic-42" helper_id ="5">
<summary_id>
Raw-Topic-42_5
</summary_id>
<number_of_word>
100
</number_of_word>
<sentence>
Amazon unveiled its smartphone, the Fire Phone on Wednesday to build a better phone for their most engaged customers.
</sentence>
<sentence>
New features such as Firefly which identify products then allow user to purchase them and render images in 3D will be included. 
</sentence>
<sentence>
There will also be unlimited photo storage.
</sentence>
<sentence>
With the smartphone, Amazon could gain new insights into owners' habits and compete with other retailers and tech companies.
</sentence>
<sentence>
The Fire Phone will be exclusively available on ATandT. 
 </sentence>
<sentence>
It will cost $650 and $750 without contracts yet come with 12 months of Prime membership if customers sign a two-year contract with ATandT.
</sentence>
</model_summary>

