<model_summary topic_id="Raw-Topic-71" helper_id="14">
<summary_id>
Raw-Topic-71_14
</summary_id>
<number_of_word>
100
</number_of_word>
<sentence>
   Attorneys for Republican Texas Governor Rick Perry filed a motion on Monday to dismiss two felony charges of abusing his power.
</sentence>
<sentence>
   Perry was charged with misusing government property and coercion last year.
</sentence>
<sentence>
   He threatened to withhold $7.5 million in state money to the Public Integrity Unit unless District Attorney Rosemary Lehmberg, a democrat, resigned after her arrest for drunken driving.
</sentence>
<sentence>
   In a 60-page motion, Perry's high-powered defense team argues that the law being used to prosecute him is unconstitutionally vague and the charges violate the Texas Constitutions separation-of-powers clause
</sentence>
<sentence>
   If convicted, Perry could face a maximum 109 years in prison.
</sentence>
</model_summary>