<model_summary topic_id="Raw-Topic-22" helper_id="10">
<summary_id>
Raw-Topic-22_10
</summary_id>
<number_of_word>
100
</number_of_word>
<sentence>
UK Prime minister David Cameron launched the world's largest study of dementia and pledged to accelerate progress on dementia drugs, by increasing funding and making new drugs more accessible.
</sentence>

<sentence>
 Dementia now ranks alongside cancer as one of the "greatest enemies" of humanity. 
</sentence> 

<sentence>
Cameron wants to double the spending on dementia drug research and encourages the industry to "step up" to deliver the G8 summit's pledge of a cure for dementia by 2025 so that people living with dementia, including 800,000 people in the UK and 40 million worldwide, will be treated with better drugs and can live in dementia-friendly communities.
</sentence>


</model_summary>