<model_summary topic_id="Raw-Topic-1" helper_id="3">
<summary_id>
Raw-Topic-1_3
</summary_id>
<number_of_word>
99
</number_of_word>
<sentence>
The smartphone game, Flappy Bird, was taken down by its Vietnamese developer Dong Nguyen on Sunday after causing a sensation by its high difficulty level and being the most-downloaded-app for Apple and Andriod devices.
</sentence>
<sentence>
It was no longer available to download, but still worked on previously installed mobile devices.
</sentence>
<sentence>
Nguyen explained that the game was too addictive and apologised to players in Tweet. 
</sentence>
<sentence>
However, speculation said removing the game was a publicity stunt to drum up interest in his future games.
</sentence>
<sentence>
His success encouraged many Vietnamese programmers, and some of his game studio's other games had gained popularity.
</sentence>
</model_summary>