<model_summary topic_id="Raw-Topic-7" helper_id="7">
<summary_id>
Raw-Topic-7_7
</summary_id>
<number_of_word>
100
</number_of_word>
<sentence>
A suicide car bomber killed four people and injured 27 others in southern Haret Hreik , several hundred meters from the Hezbollah group's party offices on Tuesday. 
</sentence>
<sentence>
Al-Nusra Front in Lebanon claimed the responsibility on Twitter.
</sentence>
<sentence>
The group said the bomb was a revenge for "massacres" perpetrated by Hezbollah.
</sentence>
<sentence>
Ambulances came to evacuate the wounded.
</sentence>
<sentence>
Buildings were damaged and glass strewn over the street. 
</sentence>
<sentence>
Al-Nusra Front in Syria has not commented on the attack.
</sentence>
<sentence>
A Hezbollah lawmaker, Ali Amar accused Israel of staging the attack. 
</sentence>
<sentence>
Washington State Department spokeswoman said the United States condemns the attack in the strongest terms.
</sentence>
</model_summary>