<model_summary topic_id="Raw-Topic-7" helper_id="10">
<summary_id>
Raw-Topic-7_10
</summary_id>
<number_of_word>
99
</number_of_word>
<sentence>
A suicide bomber blew himself up several hundred meters from the Hezbollah group's party office in a Shite neighbourhood of Beirut.
</sentence>
<sentence>
It is the latest amid a series of attacks since the war in Syria broke out.
</sentence>
<sentence>
Israel was accused of staging the attack against Lebanese militant group, Hezbollah.
</sentence>
<sentence>
Four people died and 35 were wounded.
</sentence>
<sentence>
The attack also caused significant material damage to buildings nearby, sending plumes of smoke over the area.
</sentence>
<sentence>
Former Lebanese  Prime Minister said he was ready to share power with Hezbollah if it could help end the country's political deadlock last week.
</sentence>
</model_summary>
