<model_summary topic_id="Raw-Topic-63" helper_id="14">
<summary_id>
Raw-Topic-63_14
</summary_id>
<number_of_word>
92
</number_of_word>
<sentence>
   A 17-year-old teenager has been arrested in the death and sexual assault of a 6-year-old girl who disappeared last week.
</sentence>
<sentence>
   Her body was found in a muddy and forested field near the mobile home park.
</sentence>
<sentence>
   Deputies and FBI agents arrested the suspect without incident.
</sentence>
<sentence>
   The Washington state crime lab made positive confirmation of the suspect through forensic DNA evidence.
</sentence>
<sentence>
   Kitsap County Sheriff's Detective Earl Smith says the teenager, whose name was not released, is being booked in a juvenile detention center on charges of second degree murder, first degree manslaughter and rape.
</sentence>
</model_summary>