<model_summary topic_id="Raw-Topic-29" helper_id="8">
<summary_id>
Raw-Topic-29_8
</summary_id>
<number_of_word>
100
</number_of_word>
<sentence>
American doctor Kent Brantly is receiving medical treatment for Ebloa in Liberia after treating patients in West Africa.
</sentence>
<sentence>
At least 672 deaths have occurred in West Africa including Guinea, Liberia, and Sierra Leone.
</sentence>
<sentence>
Health workers are at risk with the virus passed by touching bodily fluids of patients even they have died.
</sentence>
<sentence>
The first case originated from the capital with the patient dead while being transported to a treatment center.
</sentence>
<sentence>
International airports in the country are screening passengers with holding rooms in Nigeria airports in case potential victims land.
</sentence>
<sentence>
Nigeria's Arik Air is suspending flights due to the Ebola outbreak.
</sentence>
</model_summary>