<model_summary topic_id = "Raw-Topic-28" helper_id ="10">
<summary_id>
Raw-Topic-28_10
</summary_id>
<number_of_word>
100
</number_of_word>
<sentence>
Since FGM and child marriage violated the rights of women across the world, the first "Girl Summit" which aims at eradicating these practices was held in the UK.
</sentence>
<sentence>
More than 130 millions of women worldwide have undergone FGM due to cultural, religious and social reasons.
</sentence>
<sentence>
Their genitalia were cut so they could not enjoy or have sex.
</sentence>
<sentence>
 Moreover, around 700 million women suffered from child marriage, 60% of them are taken out of school.
 </sentence>
<sentence>
Therefore, there will be a FGM service and consultation on civil orders to protect those at risk of FGM.
 </sentence>
<sentence>
Britain has also strengthened laws around FGM.
</sentence>
</model_summary>

