<model_summary topic_id="Raw-Topic-7" helper_id="2">
<summary_id>
Raw-Topic-7_2
</summary_id>
<number_of_word>
100
</number_of_word>
<sentence>
A suicide bomber killed four people and wounded 35 people on Tuesday in a residential district of southern Beirut known for its support of the powerful Shi'ite Muslim military and political movement Hezbollah.
</sentence>

<sentence>
The bombing took place several hundred meters from the Hezbollah group's party offices and was said to be in retaliation for Hezbollah's military support of President Bashar al-Assad's forces in Syria and to avenge Hezbollahs massacres of children and civilians in Syria.
</sentence>

<sentence>
 Lebanese branch of the Nusra Front, a Syrian rebel group, claimed the responsibility of the attack.
</sentence>

<sentence>
United States condemns the attack in the strongest terms.
</sentence>

</model_summary>