<model_summary topic_id="Raw-Topic-0" helper_id="12">
<summary_id>
Raw-Topic-0_12
</summary_id>
<number_of_word>
100
</number_of_word>

<sentence>
The Russian-operated Akademik Shokalskiy, a vessel for oceanographic research, became stuck in the Antarctic ice on Christmas Eve.
</sentence>

<sentence>
The accident happened due to unusually thick ice near 1,500 nautical miles south of Hobartin in Tasmania. 
</sentence>

<sentence>
74 passengers including scientists and paying members of the public got stuck for over a week.
</sentence>

<sentence>
52 of them got rescued after failed attempts of Icebreaker ships from China, Australia, and France while 22 crewmen were decided to stay with their vessel. 
</sentence>

<sentence>
A helicopter from a nearby Chinese icebreaker ferried passengers to the Australian icebreaker. 
</sentence>

<sentence>
The ship had adequate stocks and was never in danger.
</sentence>

</model_summary>