<model_summary topic_id="Raw-Topic-48" helper_id="7">
<summary_id>
Raw-Topic-48_7
</summary_id>
<number_of_word>
100
</number_of_word>
<sentence>
Malaysian Airlines’ plane crashed in eastern Ukraine on Thursday, killing all 298 people aboard. 
</sentence>
<sentence>
Ukraine has accused pro-Russian separatists of shooting down the plane. 
</sentence>
<sentence>
Russian President Vladimir Putin blamed the Ukraine government for restarting military operations in the area and trying to regain control from pro-Russian rebels.
</sentence>
<sentence>
The disaster posed a threat to the airline’s image. It also faces possible lawsuits that cost millions of dollars.
</sentence>
<sentence>
Leading airlines have announced they avoid airspace surrounding eastern Ukraine.
</sentence>
<sentece>
The Foreign Office is offering consular assistance to families and has sent extra staff to Ukraine.
</sentece>
<sentence>
The disaster is under investigation by Malaysian government.
</sentence>
</model_summary>