<model_summary topic_id = "Raw-Topic-80" helper_id ="10">
<summary_id>
Raw-Topic-80_10
</summary_id>
<number_of_word>
100
</number_of_word>
<sentence>
 Monarch butterflies migrate from southern Canada and the U.S. down into Mexico every winter, which is the world’s biggest migration of monarchs.
</sentence>
<sentence>
 A report conducted by WWF-Telcel Alliance and CONANP found that the number of monarchs hibernating in Mexico reached an all-time low in 2013, just 1.65 acres of forest, marking a 44% drop from 2012. 
</sentence>
<sentence>
It is possibly due to loss of milkweed (primary food for monarch larvae), climate change and deforestation. 
</sentence>
<sentence>
 WWF is calling all three countries work out an emergency plan to conserve the migration and it is important that the U.S. and Canada join with Mexico.
</sentence>
</model_summary>