<model_summary topic_id = "Raw-Topic-56" helper_id ="10">
<summary_id>
Raw-Topic-56_10
</summary_id>
<number_of_word>
100
</number_of_word>
<sentence>
IBM will partner exclusively with Apple to sell iPhones and iPads loaded with applications geared at enterprise clients this fall. 
</sentence>
<sentence>
IBM will release about 100 apps designed for a wide range of industries.
</sentence>
<sentence>
Apple would draw on IBM's expertise at analyzing large amounts of information and powerful cloud services to focus on the enterprise, corporate market which has been the main business of Blackberry.
</sentence>
<sentence>
The devices will only be available through IBM representatives to their business clients and be supported through AppleCare.
</sentence>
<sentence>
Apple and IMB shares rose by about 1.5% and 1.8% respectively, while Blackberry shares dropped following the announcement.
</sentence>
</model_summary>