<model_summary topic_id="Raw-Topic-41" helper_id="14">
<summary_id>
Raw-Topic-41_14
</summary_id>
<number_of_word>
100
</number_of_word>

<sentence>
   The Islamic State of Iraq and Syria (ISIS) swept through and seized control of the cities of Mosul and Tikrit. 
</sentence>
<sentence>
   They are now moving closer to Baghdad. 
</sentence>
<sentence>
   Iraqi government vowed to regain territory captured last week by the ISIS.
</sentence>
<sentence>
   Both Iranian and American leaders have pledged support for the Iraqi government in fighting ISIS advancing fighters.
</sentence>
<sentence>
   Since its emergence in 2012, ISIS has been moving fighters, weapons and goods across the Iraq-Syria border. 
</sentence>
<sentence>
   It has effectively dominated land routes in a bid to establish a Sunni caliphate governed by strict and merciless Shariah law in northern Iraq and northwestern Syria.
</sentence>
</model_summary>