<model_summary topic_id = "Raw-Topic-64" helper_id ="9">
<summary_id>
Raw-Topic-64_9 					
</summary_id>
<number_of_word>
99
</number_of_word>
<sentence>				
A Southern California man, 45-year-old Nicolas Holzer, was accused of stabbed his elderly parents, two young sons and the family dog to death before calling cops and telling him the murders were “his destiny”. 
</sentence>
<sentence>
The Sheriff found out the bodies of his family and claimed that every victim had been “repeatedly stabbed” and two large kitchen knives were believed to be in use in the mass murders.
</sentence>
<sentence>
Holzer was arrested without incident and was booked on four charges of murder and a charge of animal cruelty. 
</sentence>
<sentence>
No bail has been issued and no court date has yet been set.
</sentence>
</model_summary>
