<?xml version="1.0" encoding="UTF-8"?>
<model_summary topic_id="Raw-Topic-81" helper_id="7">
<summary_id>
Raw-Topic-81_7
</summary_id>
<number_of_word>
100
</number_of_word>
<sentence>
ISIS released a video showing the beheading of British aid worker David Haines on a hill on September 2.
</sentence>
<sentence>
 ISIS has killed thousands as it presses to establish itself an Islamic caliphate.
</sentence>
<sentence>
The execution was a clear message to Britain to stop allying with the US to target ISIS.
</sentence>
<sentence>
Some has suspected that ISIS releases such videos because it has concluded that the American or the European cannot tolerate their civilians to be killed.
</sentence>
<sentence>
 Barack Obama issued a statement strongly condemning the killing.
</sentence>
<sentence>
British officials said they had sent troops to try to rescue an unidentified British citizen but failed.
</sentence>
</model_summary>