<model_summary topic_id="Raw-Topic-11" helper_id="2">
<summary_id>
Raw-Topic-11_2
</summary_id>
<number_of_word>
100
</number_of_word>
<sentence>
Friday's temblor centered southeast of Los Angeles shook residents throughout Southern California shortly after 9 p.m. Pacific time and was preceded by a foreshock. 
</sentence>

<sentence>
More than 100 aftershocks followed, including a magnitude-3.4 shock that hit on Saturday morning.
</sentence>

<sentence>
The city dealt with a dozen water-main breaks, scattered damage to cars and property and power outages to about 2,000 customers after the quake, which forced several dozen people in one community out of their homes and displaced 83 residents.
</sentence>

<sentence>
 The Red Cross opened a shelter in neighboring La Habra but closed it once the 38 people who stayed overnight returned home.
</sentence>

</model_summary>