<model_summary topic_id = "Raw-Topic-0" helper_id = "11">
<summary_id>
Raw-Topic-0_11
</summary_id>
<number_of_word>
95
</number_of_word>
<sentence>
A Russian research ship Akademik Shokalskiy had been trapping in the ice since Christmas Eve in Antarctica.
</sentence>
<sentence>
A blizzard pushed old thick ice around it and trapped 74 people on-board, including scientists, tourists, journalists and crews.
</sentence>
<sentence>
Yet the ship had plenty of stocks and was not in danger of sinking.
</sentence>
<sentence>
After two failed rescue attempts by the Chinese and Australian icebreakers, the 52 passengers were evacuated by a Chinese helicopter to the Australian icebreaker, then later on will be ferried to Tasmania.
</sentence>
<sentence>
All 22 crewmembers will stay on board until the ice break up naturally.
</sentence>
</model_summary>
