<model_summary topic_id="Raw-Topic-50" helper_id="14">
<summary_id>
Raw-Topic-50_14
</summary_id>
<number_of_word>
84
</number_of_word>
<sentence>
   The Air Algerie AH5017 from Burkina Faso to Algiers with 116 people on board crashed shortly after takeoff on Thursday.
</sentence>
<sentence>
   French troops have located the wreckage of the flight in Mali and there were no survivors.
</sentence>
<sentence>
   It had reportedly asked to divert from its planned course because of heavy rain and poor visibility over northern Mali.
</sentence>
<sentence>
   Investigators will look at all possible causes for the crash, including terrorism.
</sentence>
<sentence>
   The crash of the Air Algerie plane is the latest in a series of aviation disasters.
</sentence>
</model_summary>