<model_summary topic_id = "43" helper_id ="9">
<summary_id>
Raw-Topic-43_9 					
</summary_id>
<number_of_word>
99
</number_of_word>
<sentence>				
Apple plans to launch its first smartwatch, the iwatch, in the coming fall. 
</sentence>
<sentence>
The device will include more than ten sensors to track and monitor health and fitness data and with a rectangular display that likely measures 2.5 inches diagonally. 
</sentence>
<sentence>
It will also be the first product who with the feature of wireless charging capabilities.
</sentence>
<sentence>
Production of the company's first smartwatch will apparently kick into high gear in July. 
</sentence>
<sentence>
One of the sources said Apple expects to ship 50 million units within the first year of the product's release, and sales of the device could begin as early as October.
</sentence>
</model_summary>
