<model_summary topic_id = "42" helper_id ="9">
<summary_id>
Raw-Topic-42_9					
</summary_id>
<number_of_word>
100
</number_of_word>
<sentence>				
Amazon launched its first smartphone, the Fire Phone, on Wednesday.
</sentence>
<sentence>
The phone has a 4.7-inch 3-D screen that slightly bigger than Apple's iPhone, a 13-megapixel camera and earphones that resist tangling. 
</sentence>
<sentence>
The user can rotate the phone and get a different view depending on the angle of vision.  
</sentence>
<sentence>
It also has a unique feature named “Firefly”. 
</sentence>
<sentence>
After the camera‘s object recognition feature identify the items, it can directly link to related information and connect to the Amazon.com. 
</sentence>
<sentence>
It may be hard for the Fire Phone to gain market share, but it may give pressure to big phone suppliers on innovations.
</sentence>
</model_summary>
