<model_summary topic_id="Raw-Topic-81" helper_id="12">
<summary_id>
Raw-Topic-81_12
</summary_id>
<number_of_word>
99
</number_of_word>

<sentence>
The Islamic State in Iraq and Syria released a video on Saturday, Sept. 2 showing the beheading of British aid worker David Haines, who was abducted last year near a refugee camp in Atmeh, Syria.
</sentence>

<sentence>
It was a message to Britain, a vital ally of the United States as it builds an international coalition to target the militant group, which has made stunning advances across Syria and northern Iraq.
</sentence>

<sentence>
America will work with the United Kingdom and a broad coalition of nations from the region and around the world to bring the perpetrators of this outrageous act to justice.
</sentence>





</model_summary>