<model_summary topic_id="Raw-Topic-22" helper_id="6">
<summary_id>
Raw-Topic-22_6
</summary_id>
<number_of_word>
100
</number_of_word>
<sentence>
"Dementia stands alongside cancer as one of the greatest enemies of humanity," British Prime Minister David Cameron told a London summit on dementia.
</sentence>

<sentence>
He called on governments to create incentives for research into dementia, which cost the global economy $604 billion in 2010.
</sentence> 

<sentence>
In the UK, around 800,000 people with dementia are struggling without the vital local care services.
</sentence>

<sentence>
Experts set a goal to find a cure by 2025.
</sentence>


<sentence>
The world's biggest dementia study was launched in the UK, and will analyze data from more than two million people, British investment of which will be doubled to £122million by 2025.
</sentence>

</model_summary>