<model_summary topic_id = "Raw-Topic-77" helper_id ="10">
<summary_id>
Raw-Topic-77_10
</summary_id>
<number_of_word>
99
</number_of_word>
<sentence>
The World Wildlife Fund (WWF) recently compiled a list of more than 411 new species discoveries in the Amazon rainforest between 2010 and 2013.
</sentence>
<sentence>
With 1,170 forestry surveys, researchers have discovered a wide array of new species, also including a monkey that purrs like a cat, a flame-patterned lizard, a new fish species, a vegetarian piranha and a beautiful pink orchid. 
</sentence>
<sentence>
This doesn’t include discoveries of insects and other invertebrates.
</sentence>
<sentence>
Many of the species are believed to be endemic to the Amazon rainforest but may already be in danger of going extinct due to tourism, deforestation and dam development.
</sentence>
</model_summary>