<model_summary topic_id="Raw-Topic-72" helper_id="7">
<summary_id>
Raw-Topic-72_7
</summary_id>
<number_of_word>
100
</number_of_word>
<sentence>
The sister of the suspected Boston marathon bombers Ailina Tsarnaev, 24 has been arrested.
</sentence>
<sentence>
She called a 23-year-old woman who previously had a romantic relationship with her boyfriend at her home in Upper Manhattan on Monday and made a bomb threat.
</sentence>
<sentence>
She was charged with aggravated harassment making a phone threat. 
</sentence>
<sentence>
Tsarnaeva was accused of saying: "I know people who can put a bomb on you," 
</sentence>
<sentence>
Tsarnaeva turned herself in at Harlems 30th Precinct station house after being contacted by detectives.
</sentence>
<sentence>
She is no longer in custody and she is expected to report to Manhattan criminal court on September 30.
</sentence>
</model_summary>