<model_summary topic_id = "Raw-Topic-5" helper_id ="5">
<summary_id>
Raw-Topic-5_5
</summary_id>
<number_of_word>
99
</number_of_word>
<sentence>
Bitcoin created by an anonymous creator, is a currency free from government controls.
</sentence>
<sentence>
A major bitcoin exchange website, Mt. Gox went down suddenly after its CEO Mark Karpeles resigned from the board of the Bitcoin Foundation. 
</sentence>
<sentence>
The closure of Mt. Gox was the result of major theft.
</sentence>
<sentence>
Mt. Gox suffered a hacking theft of more than 350 million U.S. dollars.
 </sentence>
 <sentence>
 The news may be fatal for Bitcoin since its price briefly plunged.
 </sentence>
  <sentence>
  A joint statement issued by several other Bitcoin exchanges sought to reassure holders of the virtual currency.
 </sentence>
  <sentence>
  It also caused the government to react swiftly and harshly. 
 </sentence>
</model_summary>

