<model_summary topic_id="Raw-Topic-24" helper_id="12">
<summary_id>
Raw-Topic-24_12
</summary_id>
<number_of_word>
100
</number_of_word>

<sentence>
Britain leads a global effort to combat antibiotic-resistant superbugs that threaten to knock medicine “back into the dark ages”. 
</sentence>

<sentence>
Overuse and misuse of antibiotics cause drug-resistant strains of bacteria, which is responsible for 5,000 deaths in the UK and 25,000 deaths in Europe a year as estimated by scientists.
</sentence>

<sentence>
When antibiotics no longer work, treatable infections and injuries will kill once again since there were no means to kill off random infections in patients.
</sentence>

<sentence>
Increase cooperation and support for action by the international community is needed.
</sentence>

<sentence>
The government should also make investment in new antibiotics more attractive to pharmaceutical companies.
</sentence>



</model_summary>