<model_summary topic_id = "Raw-Topic-28" helper_id ="9">
<summary_id>
Raw-Topic-28_9 					
</summary_id>
<number_of_word>
100 
</number_of_word>
<sentence>				
David Cameron hosts Britain’s first Girl Summit with UNICEF to call for a worldwide ban on female genital mutilation and child marriage.  
</sentence>
<sentence>
UNICEF estimates that at least 125 million women and girls have been subjected to FGM.  
</sentence>
<sentence>				
A woman will bring shame to herself and her family if she does not comply traditions of female genital cutting.  
</sentence>
While in the case of child marriage, 60% of child brides are taken out of school so they have no formal education.
<sentence>				
To tackle these, the government would strengthen laws to hold parents responsible if their child was a victim of the practice. 
</sentence>
</model_summary>
