<model_summary topic_id = "Raw-Topic-29" helper_id ="9">
<summary_id>
Raw-Topic-29_9 					
</summary_id>
<number_of_word>
100 
</number_of_word>
<sentence>				
Ebola virus is now out of control in western Africa, one of Liberia's most high-profile doctors has died.  
</sentence>
<sentence>
Dr. Samuel Brisbane, who served as chief medical doctor at the country's largest hospital was infected while he was treating Ebola patients. 
</sentence>
<sentence>
While another doctor, Dr. Kent Brantly, had recognized his symptoms and was in isolation and receiving treatment.   
</sentence>
<sentence>
Due to the high contagious nature of Ebola virus, it kills up to 90% of people infected. 
</sentence>
<sentence>
To avoid transmission, airports in Nigeria are screening passengers arriving from foreign countries for symptoms of Ebola and officials are educating populations on ways of prevention.  
</sentence>
</model_summary>
