<model_summary topic_id="Raw-Topic-28" helper_id="14">
<summary_id>
Raw-Topic-28_14
</summary_id>
<number_of_word>
100
</number_of_word>
<sentence>
   British Prime Minister David Cameron called for worldwide efforts to end female genital mutilation (FGM) and child marriage at the first ever "Girl Summit”.
</sentence>
<sentence>
   FGM, the partial or full removal of external female genitalia for cultural, religious and social reasons, can cause infections, infertility or even death.
</sentence>
<sentence>
   At least 125 million victims around the world and 137,000 women in England and Wales have been subjected to FGM.
</sentence>
<sentence>
   The UK government would strengthen laws around FGM.
</sentence>
<sentence>
   Parents would face prosecution for failing to prevent their daughters from undergoing FGM.
</sentence>
<sentence>
   Specially trained Border Force agents and police forces would also take measures.
</sentence>
</model_summary>