<model_summary topic_id = "Raw-Topic-73" helper_id ="9">
<summary_id>
Raw-Topic-73_9					
</summary_id>
<number_of_word>
100
</number_of_word>
<sentence>				
Emperor penguins breed and raise their offspring almost exclusively on sea ice. 
</sentence>
<sentence>
Recently, a new study finds out that climate change, which is quickly melting the sea ice this species depends on for survival, could cause dramatic drops in the number of emperor penguins across Antarctica by the end of the century.
</sentence>
<sentence>
The penguins may face possible extinction. 
</sentence>
<sentence>
The researchers suggest emperor penguins are fully deserving of endangered and can act as an iconic example of a new global conservation paradigm for species threatened by future climate change.
</sentence>
<sentence>
Implement a marine protected area in the Ross Sea is another solution. 
</sentence>
</model_summary>

