<model_summary topic_id = "Raw-Topic-76" helper_id ="10">
<summary_id>
Raw-Topic-76_10
</summary_id>
<number_of_word>
100
</number_of_word>
<sentence>
 A new species of monkey with blue rear end has been found living in the remote forests of the Democratic Republic of Congo, according to a report published on PLoS One. 
</sentence>
<sentence>
Researcher John Hart first spied the monkey while sifting through photographs and noticed the monkey being kept as a schoolgirl’s pet. 
</sentence>
<sentence>
Cercopithecus lomamiensis, locally called the lesula, resembled an owl faced monkey, but can be differentiated by its blond manes, upper chests and a red patch on the lower backs. 
</sentence>
<sentence>
 The species are threatened by bush meat hunting.
</sentence>
<sentence>
 Researchers try to set up a national park in its territory.
</sentence>
</model_summary>