<model_summary topic_id="Raw-Topic-10" helper_id="2">
<summary_id>
Raw-Topic-10_2
</summary_id>
<number_of_word>
100
</number_of_word>
<sentence>
More than 10,000 people and hundreds of student protesters and activists stormed the Executive Yuan in Taipei on Sunday evening, shortly after Taiwan's president Ma Ying-jeou refused to scrap a service trade agreement with China.
</sentence>

<sentence>
Student leader, Lin Fei-fan, said tying Taiwan too closely to China would harm Taiwan's hard-won democratic freedoms and pave the way for China's eventual takeover of the island.
</sentence>

<sentence>
It would also hurt small businesses.
</sentence>

<sentence>
Baton-wielding riot police on Monday dragged out students one by one and cleared Taiwan's Cabinet offices of protesters using water cannon. 
</sentence>

<sentence>
Police arrested 58 protesters.
</sentence>

<sentence>
137 were injured, including 24 hospitalised.
</sentence>
</model_summary>