<model_summary topic_id = "Raw-Topic-25" helper_id ="5">
<summary_id>
Raw-Topic-25_5
</summary_id>
<number_of_word>
98
</number_of_word>
<sentence>
The Ebola outbreak in West Africa is spreading out of control.
</sentence>
<sentence>
Ebola virus caused internal bleeding and 467 people out of 759 victims were killed in Guinea, Liberia and Sierra Leone.
</sentence>
<sentence>
 The cash-strapped governments in West Africa lacked the resources to battle the disease.
 </sentence>
<sentence>
 Furthermore, people with traditional beliefs did not believe Ebola existed and evaded from treatment.
 </sentence>
<sentence>
Thus, with the dense populations around Guinea and Liberia, the spreading of Ebola became even faster.
</sentence>
<sentence>
The WHO has warned other countries to prepare for the disease.
</sentence>
<sentence>
11 West African health ministers will meet in Ghana to strengthen region's response.
</sentence>

</model_summary>

