<?xml version="1.0" encoding="UTF-8"?>
<model_summary topic_id="Raw-Topic-22" helper_id="7">
<summary_id>
Raw-Topic-22_7
</summary_id>
<number_of_word>
100
</number_of_word>
<sentence>
David Cameron will today call for Britain to lead the fight against dementia. 
</sentence>
<sentence>
A study of dementia to speed up the search for treatments will be launched.
</sentence>
<sentence>
Information collected will help scientists to identify potential patients and causes of disease. 
</sentence>
<sentence>
Patients are expected to be benefited from taking new treatments.
</sentence>
<sentence>
 The patents on dementia drugs are likely to be extended, making it more profitable for pharmaceutical firms to sell. 
</sentence>
<sentence>
Only three new drugs are out in the market in the past 15 years. 
</sentence>
<sentence>
Dementia costs the UK economy up to 21 billion a year in treatment costs and lost productivity.
</sentence>
</model_summary>