<model_summary topic_id="Raw-Topic-77" helper_id="12">
<summary_id>
Raw-Topic-77_12
</summary_id>
<number_of_word>
100
</number_of_word>

<sentence>
At least 441 species of plant and animal were found in the Amazon basin between 2010 and 2013.
</sentence>

<sentence>
They include 258 plants, 84 fish, 58 amphibians, 22 reptiles, 18 birds and one mammal. Countless insects and invertebrates discovered that were not listed.
</sentence>

<sentence>
Among them is the Caqueta titi monkey which purrs like a cat when it's content. The Amazon remains a centre of global biodiversity. 
</sentence>

<sentence>
However, under threat from deforestation and dam development, the destruction of these ecosystems is threatening biodiversity and the goods and services provide to the society. 
</sentence>

<sentence>
It is therefore crucial to research, understand and conserve them.
</sentence>



</model_summary>