<model_summary topic_id="Raw-Topic-0" helper_id="3">
<summary_id>
Raw-Topic-0_3
</summary_id>
<number_of_word>
99
</number_of_word>
<sentence>
A Russian research ship MV Akademik Shokalskiy, with 74 scientists, tourists and crew aboard, issued a satellite distress call after getting stuck in Antarctica ice on Christmas Eve because a blizzard pushed the sea ice around it, freezing it in place.
</sentence>
<sentence>
The event was a result of long-term climate change 
</sentence>
<sentence>
The ship was not in danger and had plenty of stocks, but the first and second rescue attempt by a Chinese icebreaker and an Australian icebreaker failed.
</sentence>
<sentence>
Then, helicopter from Chinese icebreaker airlift passengers out.
</sentence>
<sentence>
22 Russian crew would stay on board to wait until the vessel became free.
</sentence>
</model_summary>