<model_summary topic_id = "Raw-Topic-47" helper_id ="10">
<summary_id>
Raw-Topic-47_10
</summary_id>
<number_of_word>
100
</number_of_word>
<sentence>
  A Moscow subway train derailed during Tuesday morning’s rush hour, killing at least 20 people.
</sentence>
<sentence>
  Another 160 were injured, of whom over 120 were hospitalized, with a few dozen were in critical condition.
</sentence>
<sentence>
  Injured passengers were carried on stretchers, helicopters ferried the most seriously hurt to hospital.
</sentence>
<sentence>
  More than 1,100 people were evacuated.
</sentence>
<sentence>
  A power surge triggered an alarm, which caused the train to stop abruptly.
</sentence>
<sentence>
  Terrorism was ruled out.
</sentence>
<sentence>
The cause was an improperly installed rail switch during repair works.
</sentence>
<sentence>
Two subway workers have been arrested.
</sentence>
<sentence>
Trains between the two stations will be suspended for at least two days.
</sentence>

</model_summary>