<model_summary topic_id = "Raw-Topic-53" helper_id ="10">
<summary_id>
Raw-Topic-53_10
</summary_id>
<number_of_word>
100
</number_of_word>
<sentence>
Facebook's Internet.org project, which aims to bring the Internet to people who are not yet online, unveils an app in Zambia, a country with only 15% Internet penetration. 
</sentence>
<sentence>
Affordability and awareness are significant barriers to Internet adoption for many people in developing nations.
</sentence>
<sentence>
The Internet.org app will give subscribers of Zambia's Airtel phone company access to a set of basic Internet services for free. 
</sentence>
<sentence>
The app allows people with Android-powered mobile phones to get free access to Facebook, AccuWeather, Google, Wikipedia and websites offering other services.
</sentence>
<sentence>
The app will be available in additional countries over the coming months and years.
</sentence>
</model_summary>