<model_summary topic_id = "Raw-Topic-29" helper_id ="10">
<summary_id>
Raw-Topic-29_10
</summary_id>
<number_of_word>
100
</number_of_word>
<sentence>
One of Liberia's most high-profile doctors, Samuel Brisbane, working at Liberia's largest hospital died after treating Ebola patients.
</sentence>
<sentence>
An American physician, medical director at the Samaritan's Purse Ebola center, was also infected with the Ebola where Brisbane died. 
</sentence>
<sentence>
Dr. Kent Brantly recognized his own symptoms and began receiving care immediately.
</sentence>
<sentence>
Ebola is highly contagious and passed by touching bodily fluids.
</sentence>
<sentence>
It kills more than 70 percent of people infected as no known cure.
</sentence>
<sentence>
Many of the casualties have been healthcare workers who contracted the disease through their work.
</sentence>
<sentence>
Officials highlighted the risks facing them and tried to contain the disease.
</sentence>
</model_summary>