<model_summary topic_id="Raw-Topic-12" helper_id="3">
<summary_id>
Raw-Topic-12_3
</summary_id>
<number_of_word>

</number_of_word>
<sentence>
Japan signed a 1986 moratorium on whaling, but continue to hunt up a thousand mostly minke whales annually in the icy Southern Ocean in the name of scientific research to assess whether whale stocks are recovering from overfishing.
</sentence>
<sentence>
The meat was then sold to upermarkets, restaurants and schools where Japanese consumers considered it a delicacy.
</sentence>
<sentence>
The International Court of Justice ruled Monday that Japan can no longer continue its annual whale hunt in Southern Ocean.
</sentence>
<sentence>
Tokyo could continue whaling if it devised a new research whaling program, or they could continue a second, smaller programme in the northern Pacific.
</sentence>
</model_summary>