<model_summary topic_id = "Raw-Topic-82" helper_id ="10">
<summary_id>
Raw-Topic-82_10
</summary_id>
<number_of_word>
100
</number_of_word>
<sentence>
A great white shark that washed up dead at Australia's Coronation Beach apparently died because it had a sea lion stuck in its throat.
</sentence>
<sentence>
Shark expert Chris Lowe said they can't choke to death like humans since an esophageal block doesn't restrict breathing in a shark.
</sentence>
<sentence>
The shark may have accidentally become stranded in his attempts to get rid of the obstruction.
</sentence>
<sentence>
Some onlookers attempted to tow it out to sea, the shark returned to shore.
</sentence>
<sentence>
Beachgoers filmed and posted it on YouTube.
</sentence>
<sentence>
Its carcass, which had been fitted with an acoustic tag, washed up on the sand on Tuesday.
</sentence>
</model_summary>