<model_summary topic_id = "81" helper_id ="9">
<summary_id>
Raw-Topic-81_9	
</summary_id>
<number_of_word>
100
</number_of_word>
<sentence>				
The ISIS released a video Saturday of the third beheading of a foreign hostage, a British aid worker who named David Haines.
</sentence>
<sentence>
The execution was a clear message to Britain, a vital ally of the United States as it builds an international coalition to target the militant group. 
</sentence>
<sentence>
The extremists also identified their next victim would be Alan Henning, another British citizen. 
</sentence>
<sentence>
In a tweet, David Cameron described the incident as “an act of pure evil” and promised to hunt down the terrorists. 
</sentence>
<sentence>
While Obama released a statement which offering support for the aid worker's family and his native Britain.
</sentence>
</model_summary>
