<model_summary topic_id = "Raw-Topic-47" helper_id ="5">
<summary_id>
Raw-Topic-47_5
</summary_id>
<number_of_word>
98
</number_of_word>
<sentence>
Three subway cars derailed between two stations in Moscow during on Tuesday morning.
</sentence>
<sentence>
 More than 1,100 passengers were evacuated from the train.
 </sentence>
<sentence>
 Russia's investigative committee was looking into the causes of the accident.
 </sentence>
<sentence>
It is found that there was an improperly installed rail switch thus a power surge triggered an alarm, which caused the train to stop abruptly.
</sentence>
<sentence>
Several cars came off the rails and looked almost coiled.
 </sentence>
<sentence>
At least 23 people including a Chinese citizen were killed and more than 160 people were injured.
</sentence>
<sentence>
 There is a suspension of trains between the two stations for two days. 
  </sentence>
</model_summary>

