<model_summary topic_id="Raw-Topic-76" helper_id="7">
<summary_id>
Raw-Topic-76_7
</summary_id>
<number_of_word>
100
</number_of_word>
<sentence>
Yale’s Peabody Museum of Natural History has reported the newly discovered monkey species.
</sentence>
<sentence>
It is the second discovery of a new monkey species in 28 years. 
</sentence>
<sentence>
Researchers found that the new species lesula live in the central part of the Democratic Republic of Congo.
</sentence>
<sentence>
The brightly coloured monkeys have a pink face and are feed on leafstalks, fruit and flower buds.
</sentence>
<sentence>
Male lesula monkeys weigh up to 15 pounds whereas females weigh about half as much.
</sentence>
<sentence>
Lesula is under threat from loggers and bush meat hunters.
</sentence>
<sentence>
Researchers are now studying how to conserve lesula and other wildlife in the region.
</sentence>
</model_summary>