<model_summary topic_id = "47" helper_id ="9">
<summary_id>
Raw-Topic-47_9 					
</summary_id>
<number_of_word>
100
</number_of_word>
<sentence>				
A train derailment deep underground in the Moscow metro caused at least 23 deaths and 150 injuries during Tuesday morning's rush hour. 
</sentence>
<sentence>
More than 1,100 people were evacuated from the train.
</sentence>
<sentence>
The subway cars derailed in the west of the city between Park Pobedy and Slavyansky Bulvar stations, one of the deepest points in the Moscow metro system. 
</sentence>
<sentence>
The subway cars derailed in the west of the city between Park Pobedy and Slavyansky Bulvar stations, one of the deepest points in the Moscow metro system. 
</sentence>
<sentence>
The subway cars derailed in the west of the city between Park Pobedy and Slavyansky Bulvar stations, one of the deepest points in the Moscow metro system due to his misdeeds.
</sentence>
</model_summary>
