<model_summary topic_id="Raw-Topic-10" helper_id="12">
<summary_id>
Raw-Topic-10_12
</summary_id>
<number_of_word>
94
</number_of_word>

<sentence>
Hundreds of demonstrators occupied the Executive Yuan building, part of Taiwan's government headquarters, on Monday to protest over the ruling party's decision to renege on a promised line-by-line review of the trade agreement with mainland China.
</sentence>

<sentence>
Demonstrators had barricaded doors and windows with tables and seized the computer of the head of the presidential cabinet.
</sentence>

<sentence>
Water cannons and tear gas were then used in order for police to evict the protesters from the building.
</sentence>

<sentence>
At least 137 people including protesters, police and journalists have been injured.
</sentence>

<sentence>
58 protesters who were mainly students were arrested.
</sentence>



</model_summary>