<model_summary topic_id = "Raw-Topic-12" helper_id ="5">
<summary_id>
Raw-Topic-12_5
</summary_id>
<number_of_word>
94
</number_of_word>
<sentence>
JARPA II has involved the killing of about 850 minke whales and smaller numbers of fin and humpback whales every year.
</sentence>
<sentence>
Australian government challenged the program was not for purposes of scientific research.
 </sentence>
<sentence>
Yet JARPA II argued that whaling is necessary to the characteristics of whale populations and also, whale hunts are a Japanese tradition.
 </sentence>
<sentence>
On Monday, the International Court of Justice (ICJ) ruled that Japan has to stop its annual whale hunt activities in the Antarctic.
</sentence>
<sentence>
Japan has said it was disappointed but would abide by the verdict of the UN's highest court. 
 </sentence>
</model_summary>

