<model_summary topic_id = "Raw-Topic-9" helper_id ="9">
<summary_id>
Raw-Topic-9_9	
</summary_id>
<number_of_word>
100 
</number_of_word>
<sentence>				
Over the past week, the wildfires stretch along a nearly 1,000-mile line and around 60 fires were still burning across New South Wales.  
</sentence>
<sentence>
The fires have burned through more than 120,000 hectares (300,000 acres) and had a perimeter of some 1,600 km (990 miles).  
</sentence>
<sentence>
More than 200 homes have been destroyed. 
</sentence>
<sentence>
The Rural Fire Service (RFS) said the "live ordnance exercises” at a Defense Department training area was responsible for causing one of the strongest fires. 
</sentence>
<sentence>
Police have also arrested several children suspected of starting some fires. 
</sentence>
<sentence>
Insurance losses from the latest fires have reached around 138 million Australian dollars. 
</sentence>
</model_summary>

