<model_summary topic_id="Raw-Topic-82" helper_id="12">
<summary_id>
Raw-Topic-82_12
</summary_id>
<number_of_word>
96
</number_of_word>

<sentence>
A four-metre great white shark that washed ashore on Australia's Coronation Beach on Saturday was found to have a large Australian sea lion stuck in its throat. 
</sentence>

<sentence>
It is possible that the shark was trying to dislodge the blockage or it accidentally became stranded when getting rid of the obstruction.
</sentence>

<sentence>
Although the shark had no visible signs of injury or disease, such a large object like sea lion may have damaged its internal organs or impeded water flow into its gills, contributing to its death.
</sentence>

<sentence>
Its tissue and vertebral samples were then taken for research purposes.
</sentence>





</model_summary>