<model_summary topic_id = "Raw-Topic-3" helper_id ="5">
<summary_id>
Raw-Topic-3_5
</summary_id>
<number_of_word>
100
</number_of_word>
<sentence>
Malaysian Airlines Flight 370, carrying 239 people from at least 13 countries, lost communication and vanished in Vietnam's airspace on early Saturday. 
</sentence>
<sentence>
 Aircraft and ships from eight countries contributed to the search while the U.S. Navy sent a warship and a surveillance plane. 
</sentence>
<sentence>
Yet, there was still no sign of the aircraft.
</sentence>
<sentence>
 The authorities said the possibility of terrorist attack could not be ruled out as two passengers used stolen European passports to board the jet. 
 </sentence>
 <sentence>
Pilot disorientation may also be involved.
 </sentence>
  <sentence>
It is believed that this incident would lead to apprehension among travelers who choose to take MAS flights.
</sentence>
</model_summary>

