<model_summary topic_id="Raw-Topic-23" helper_id="7">
<summary_id>
Raw-Topic-23_7
</summary_id>
<number_of_word>
99
</number_of_word>
<sentence>
Deceased British radio and TV presenter Jimmy Savile was found to have sexually abused patients, performed sexual acts on corpses and rape in hospitals over forty years.
</sentence>
<sentence>
Savile is believed to have abused at least 500 people, ageing between two to 75 years old.
</sentence>
<sentence>
The scandal was first broadcasted by an ITV documentary and details were further revealed by investigations commissioned by 28 hospitals under the National Health Service.
</sentence>
<sentence>
The Crown Prosecution Service once decided not to prosecute Savile due to lack of evidence.
</sentence>
<sentence>
In a TV documentary in 2000, Savile denied the rumours about him being a paedophile.
</sentence>
</model_summary>