<model_summary topic_id = "Raw-Topic-65" helper_id ="9">
<summary_id>
Raw-Topic-65_9 					
</summary_id>
<number_of_word>
100
</number_of_word>
<sentence>				
Two Amish girls, Delia Miller and Fannie Miller, went missing. 
</sentence>
<sentence>
A witness said after a vehicle put something in the backseat, when the car drove away, the children were gone.
</sentence>
<sentence>
As they didn’t return, police were called. 
</sentence>
<sentence>
An Amber Alert was issued.
</sentence>
<sentence>
On Thursday, the two girls were found and in good condition. 
</sentence>
<sentence>
They were dropped off in Richville, luckily they knocked on the door of a house and asked to be taken home, and then they were. 
</sentence>
<sentence>
St. Lawrence County's District Attorney Mary Rain said Stephen Howells II and Nicole Vaisey were charged with two counts of first-degree kidnapping.
</sentence>
</model_summary>
