<model_summary topic_id="Raw-Topic-75" helper_id="12">
<summary_id>
Raw-Topic-75_12
</summary_id>
<number_of_word>
100
</number_of_word>

<sentence>
A man in an Afghan Army uniform opened fire Tuesday as insider attack at the Marshal Fahim National Defense University in Kabul Citya, killing a U.S. general called Maj. Gen. Harold J. Greene and wounding 15 people including a German brigadier general, five Americans troops and at least a Afghan officer.
</sentence>

<sentence>
It is "an act by the enemies who don't want to see Afghanistan have strong institutions" said Afghan President Hamid Karzai in a statement.
</sentence>

<sentence>
The German brigadier general  then received medical treatment and was "not in a life-threatening condition". 
</sentence>

<sentence>
The British Defense Ministry said the incident was under investigation.
</sentence>

</model_summary>