<model_summary topic_id="Raw-Topic-76" helper_id="12">
<summary_id>
Raw-Topic-76_12
</summary_id>
<number_of_word>
100
</number_of_word>

<sentence>
A new monkey species Cercopithecus lomamiensis, known locally as the lesula, was discovered within 17,000 square kilometers of mature evergreen forests in DRCs eastern central basin.
</sentence>

<sentence>
 The monkeys have blond manes and upper chests with a bright red patch on their lower backs. 
</sentence>

<sentence>
The males weigh up to 15 pounds, about twice the size of the females, have aquamarine buttocks and testicles.
</sentence>

<sentence>
The discovery highlights important regions of biodiversity for conservation.
</sentence>

<sentence>
Owing to the threat of uncontrolled bush meat hunting and habitat, Teresa and John Hart's Lukuru Foundation is partnering with local people to set up a national park there.
</sentence>



</model_summary>