<model_summary topic_id = "Raw-Topic-20" helper_id ="5">
<summary_id>
Raw-Topic-20_5
</summary_id>
<number_of_word>
100
</number_of_word>
<sentence>
Fifteen babies suffered from blood poisoning through a suspected contaminated drip manufactured by ITH Pharma Limited.
</sentence>
<sentence>
A baby at St Thomas' Hospital died and others were ill with septicaemia.
</sentence>
<sentence>
The liquid feed was contaminated with bacteria called Bacillus cereus and sent to 22 hospitals.
</sentence>
<sentence>
 As many of the babies were premature, the infected nutrition made them more vulnerable.
  </sentence>
  <sentence>Public Health England and the Medicines and Healthcare Products Regulatory Agency were investigating 
  </sentence>
  <sentence>.All babies in the neonatal care units were being screened for the bacterium and enhanced infection control measures were used. 
  </sentence>
  <sentence>A public health alert was issued by health chiefs.
  </sentence>
</model_summary>

