<model_summary topic_id="Raw-Topic-40" helper_id="2">
<summary_id>
Raw-Topic-40_2
</summary_id>
<number_of_word>
100
</number_of_word>
<sentence>
Taliban gunmen attacked the Karachi airport on Tuesday, forcing a temporary suspension of flights and triggering a brief shootout with security forces, just days after the brazen Taliban assault that stormed the airport and left 36 people dead and destroyed buildings.
</sentence>

<sentence>
Security forces quickly repulsed the attack and army troops were sent to help after the shooting. 
</sentence>

<sentence>
The Taliban's goal was to scare off international airlines from an airport serving Pakistan's economic and financial nerve centre. 
</sentence>

<sentence>
Planned tours by Ireland and Sri Lankan cricket teams to Pakistan this year might be cancelled after the terrorist attacks at the Karachi airport.
</sentence>

</model_summary>