<model_summary topic_id="Raw-Topic-12" helper_id="2">
<summary_id>
Raw-Topic-12_2
</summary_id>
<number_of_word>
100
</number_of_word>
<sentence>
Despite having signed a 1986 moratorium on whaling, Japan has captured and killed more than 10,000 whales in the name of scientific research.
</sentence>

<sentence>
 The whale meat is sold commercially as a popular delicacy in Japan. 
</sentence>

<sentence>
The International Court of Justice demanded Japan cease whaling and stopped issuing licenses to scientific whaling. 
</sentence>

<sentence>
Now, Norway and Iceland continue to kill whales for their commercial value, which may lead to a decrease in the number of whales.
</sentence>

<sentence>
Environmental activists chase whaling boats to make the hunts more difficult while other countries urge Japan to co-operate on genuine and non-lethal methods of whaling research.
</sentence>

</model_summary>