<model_summary topic_id = "Raw-Topic-23" helper_id ="9">
<summary_id>
Raw-Topic-23_9 					
</summary_id>
<number_of_word>
98 
</number_of_word>
<sentence>				
Disgraced DJ and presenter Jimmy Savile was found to abuse hundreds of children and women at the height of his fame.  
</sentence>
<sentence>
Jimmy Savile died on 29 October 2011, a year before allegations that he had sexually abused children were broadcast in an ITV documentary made public. 
</sentence>
<sentence>
A series of reports was recently released from U.K. Nation Health Service, independent reviews from 28 hospitals had shown Savile sexually assaulted victims aged 5 to 75 in hospitals across Britain over more than four decades.  
</sentence>
<sentence>
Moreover, he also claimed to assault patients in bed and commit sexual acts on dead bodies. 
</sentence>
</model_summary>
