<model_summary topic_id="Raw-Topic-65" helper_id="14">
<summary_id>
Raw-Topic-65_14
</summary_id>
<number_of_word>
100
</number_of_word>
<sentence>
   Two missing Amish girls, Delila Miller, 6 and Fannie Miller, 12, who were reported abducted on Wednesday evening have been found safe.
</sentence>
<sentence>
   They were taken from the family's roadside stand at around 7:30 p.m. in Oswegatchie.
</sentence>
<sentence>
   Witnesses told police that a white Sedan was at the stand just before they disappeared.
</sentence>
<sentence>
   More than one person may have been involved in the case.
</sentence>
<sentence>
   The girls were dropped off by their captors and knocked on the door, asking for help getting home. 
</sentence>
<sentence>
   The search for the girls was complicated due to no photo of them because photography goes against Amish religious beliefs.
</sentence>
</model_summary>