<model_summary topic_id="Raw-Topic-70" helper_id="7">
<summary_id>
Raw-Topic-70_7
</summary_id>
<number_of_word>
100
</number_of_word>
<sentence>
All eight pangolin species are now listed as threatened with extinction, largely because they are being traded to China and Vietnam.
</sentence>
<sentence>
More than one million of the toothless scaled animals are estimated to have been poached from the wild over the past decade, which makes pangolins the most illegally traded mammal in the world. 
</sentence>
<sentence>
Pangolin scales are also used in Chinese medicine to treat conditions such as psoriasis and poor circulation.
</sentence>
<sentence>
 The Chinese pangolin and the Sunda pangolin are the most threatened species each is listed as critically endangered.
</sentence>
<sentence>
 The Indian pangolin and Philippine pangolin are considered to be endangered.
</sentence>
</model_summary>