<model_summary topic_id="Raw-Topic-06" helper_id="12">
<summary_id>
Raw-Topic-6_12
</summary_id>
<number_of_word>
100
</number_of_word>

<sentence>
Shuhei Yoshida, president of Sony Computer Entertainment, revealed a prototype device called Project Morpheus at the Game Developers Conference in San Francisco on Tuesday. 
</sentence>

<sentence>
Pushing the boundaries of play, the device features a head-mounted display with 1080p resolution and a 90 degree field of view, plus 360 degree positional head tracking powered by the PlayStation Camera. 
</sentence>

<sentence>
It also incorporates three-dimensional sound for a more immersive experience for players. 
</sentence>

<sentence>
Project Morpheus could not only push the video-game industry forward, but it could also open new markets in interactive media. 
</sentence>

<sentence>
Sony would continue developing Morpheus via cooperating with other virtual reality creators. 
</sentence>



</model_summary>