<model_summary topic_id = "71" helper_id ="9">
<summary_id>
Raw-Topic-71_9 					
</summary_id>
<number_of_word>
98
</number_of_word>
<sentence>				
Rick Perry, a possible candidate in the 2016 Republican presidential race, was indicted earlier this month for trying to use the veto to force the resignation of a prosecutor in Travis County.
</sentence>
<sentence>
He is charged with abuse of official capacity and coercion of a public servant. Lawyers for him urged a judge Monday to dismiss the charges against him, which Perry pleaded not guilty to the charges. 
</sentence>
<sentence>
While there are saying unless his lawyers can get the indictment quashed before the trial begins, or the trial may kill him as a candidate for the Republican nomination in 2016.
</sentence>
</model_summary>
