<model_summary topic_id="Raw-Topic-80" helper_id="7">
<summary_id>
Raw-Topic-80_7
</summary_id>
<number_of_word>
100
</number_of_word>
<sentence>
The number of monarch butterflies hibernating in Mexico dropped to its lowest since 1993.
</sentence>
<sentence>
The report from the World Widelife Fund pointed out that one of the factors which causes the drop is the reduction of milkweed from herbicide use.
</sentence>
<sentence>
Milkweed is the primary food source and the black-and-orange butterflies lay their eggs on it. 
</sentence>
<sentence>
Deforestation also destroys their habitat to hibernate.
</sentence>
<sentence>
Monarchs are important to the ecosystem as they pollinate plants, including some that people rely on for food, such as corn.
</sentence>
<sentence>
Large scale planting of milkweed alongside with individual gardener’s contribution are possible ways to relieve the decrease.
</sentence>
</model_summary>