<model_summary topic_id = "77" helper_id ="9">
<summary_id>
Raw-Topic-77_9				
</summary_id>
<number_of_word>
100
</number_of_word>
<sentence>				
A purring monkey, a vegetarian piranha and a flame-patterned lizard are among the most fascinating species to be discovered in the Amazon rainforest over the last four years.
</sentence>
<sentence>
At least 441 species of plant and animal were found in the Amazon basin between 2010 and 2013. 
</sentence>
<sentence>
Many of the species are believed to be endemic to the rain forest and found nowhere else. 
</sentence>
<sentence>
However, these endangered species could face a further threat due to human activity. 
</sentence>
<sentence>
The discovery of these new species reaffirms the importance of conserving the unique biodiversity and also the goods and services provided by the rainforests.
</sentence>
</model_summary>
