<model_summary topic_id="Raw-Topic-9" helper_id="2">
<summary_id>
Raw-Topic-9_2
</summary_id>
<number_of_word>
100
</number_of_word>
<sentence>
More than 70 wildfires, with 29 uncontained, are raging across New South Wales  state on Thursday October 17.
</sentence>

<sentence>
Police have arrested several children suspected of starting some fires. 
</sentence>

<sentence>
 Other fires were sparked by power lines arcing in strong winds.
</sentence>

<sentence>
A pilot helping fight a fire was killed when his aircraft crashed in a remote area.
</sentence>

<sentence>
New South Wales fires had burned through nearly 50,000 hectares and damaged its rail network, disrupting coal-haulage.
</sentence>

<sentence>
A total fire ban is in place for the Greater Sydney region until further notice while Water-bombing aircraft and fire trucks now target new areas of burning bush.
</sentence>



</model_summary>