<comments>
<topic id = "Raw-Topic-20" category = "4" />
<doc id="Raw-Topic-20_03" />
<comment>
<content>        
Hospital infections imported from Greece Dear Editors, Hundreds of thousands of patients hospitalised in various Departments of Greek public hospitals, every year, acquire severe nosocomial infections. Greece ranks first in the EU in hospital-acquired infections. [3][1][12] Up to 50% of microorganisms implicated appear resistant to all available antibiotics. [5][6][15] Such elevated antibiotic resistance from dangerous superbugs was declared a 'national threat' to NHS systems abroad, which receive tourists or patients treated in Greek public hospitals and return, carrying and spreading, deadly infections. [7][8][9][10][11][13][14] These multidrug resistant superbugs are already a national threat in Greece. Medical tourism providers, patients, European healthcare officials, visitors, summer tourists, should be aware of these possible health hazards, acquired from Greek hospitals.
</content>
</comment>
<comment>
<content>        
I worked for this pharmaceutical company and in the unit where these feeds are made and although I strongly hated the atmosphere there, Karen was a pleasant person, at least to myself. It is a shock that this happened to them since they've always took pride about their excellent customer service! I'm so sad for the babies who got affected, so terrible!
</content>
</comment>
<comment>
<content>        
msrosalinewong ITH Pharma must stop all production of intravenous feeds and all of their intravenous products must be recalled and not just limited to the affected batch of feeds. The NHS cannot be blamed for this unfortunate incident as it has to rely on products made by other companies. However, the NHS product regulators (MHRA) have a duty to carry out tighter checks on products to ensure manufacturers maintain their highest possible standards when producing products to the NHS. Patients including the devastated parents in this incident are entitled to expect no harm will be caused during the hospital admission. To restore public confidence, an immediate investigation into the circumstances of this incident to examine all steps used in the production of this liquid food, what checks were carried out and to have caused these tragic events how this product could have got within the NHS
</content>
</comment>
<comment>
<content>        
This tragic situation is starting to look like turning into a witch-hunt against the manufacturers. Unless and until some kind of negligence can be shown in the hands of the makers, this is a highly dangerous path to tread. Unless I am mistaken, at this point there is not the slightest hint if any such evidence, so reporting in inflammatory terms like this is misplaced and dangerous.
</content>
</comment>
<comment>
<content>        
As already said, this is a shocking and unforgivable mistake (accident actually). But one thing about Mrs Hamling and Mr Bloom struck me. Unlike every hospital, government department, company or other organisation, she had the guts to front the media to explain and apologise. We endlessly read of 'robust investigations', 'changes to procedures' and 'lessons will be learned' drafted by PR companies, full of the normal cliches. This company could end up going bankrupt maybe, but at least this couple had the guts to front the media grilling. They made a dreadful mistake but showed courage almost nobody else shows these days. I respect that.
</content>
</comment>
<comment>
<content>        
I wonder what the outrage would be if this happened to Prince George. This is not simply an accident that can be glossed over, it is murder through negligence. Jobs have got to go, people have got to be made accountable. Im sure if it was a high profile baby, heads would roll.
</content>
</comment>
<comment>
<content>        
Horrid situation. As a pharmacist who used to make this stuff up, I thought I'd clear up how this stuff is made... ...they're a pain in the arse and time consuming. You need a clean room, air handling unit, isolators (think glass box with airtight ports for gloves and glass walls, like a SciFi film), and one hell of a lot of training. As a result, we (the NHS) often farm out making standard bags of parenteral nutrition to companies like ITH. You order it one day, they deliver it the next. Regardless of who makes it, it's like making a sterile smoothie but without the blender - water, salt, potassium, vitamins, trace elements and the calories come from fat, so the end product looks like milk. From the sounds of it, ITH was delivered a dodgy batch of one of the raw materials they use. They made the bags like normal but couldn't tell bacteria was present - if you test every bag of you make, it's gone out of date before you get all the results back. S.
</content>
</comment>
<comment>
<content>        
i'm about to take legal advice over the appaling way this hospital treat my wife who collapsed following being sent home by them and was on the floor for 7 hours was rushed to hospital and dies 12 days later absolutely disgusted with their level of care will let you know how legal case goes
</content>
</comment>
<comment>
<content>        
The feed may have been contaminated,but don't rule out the "giving sets",or contamination at the cannula site. Thorough investigation needed,these are vulnerable babies and we should explore every avenue. Condolences to the distraught parents.
</content>
</comment>
<comment>
<content>        
No one would let this happen deliberately, it should prove to be a terrible accident, surely whoever turns out to be responsible will be heartbroken, we all make mistakes, some have the worst consequences imaginable. So sad.
</content>
</comment>
<comment>
<content>        
Very sad, but one wonders if the company responsible have ever heard of the term 'Quality Control'. They should be religiously testing batches before allowing onto the market, which obviously is not being done.
</content>
</comment>
<comment>
<content>        
My wife works on this unit and within minutes of the news coming out there were journalists trying to force entry to a secure unit where parents and their sick babies were supposed to be being looked after in peace and quite. What is wrong with this country where the tragic death of a beloved child is just an excuse for journalists to demand entry to a hospital where the sick are being taken care of.
</content>
</comment>
<comment>
<content>        
This is not due to cuts or the NHS or privatization - it's due to the appalling UK education and training system that lets essentially stupid people walk around with dumbed-down qualifications. Thank you labor - everyone qualifies and babies die.
</content>
</comment>
<comment>
<content>        
I thought the contamination occured at the manufacturers not NHS..how were staff supposed to know drips werw contaminated!!??? These drips are delivered "sterile' and are not opened up to check for contamination before administration.People should read and understand stories before rushing to comments!!!
</content>
</comment>
<comment>
<content>        
This is a very uncommon sort of contaminant in a drip feed but not to be unexpected if something goes wrong in production of feeds administered nasogastrically. Something very wrong has happened during production here. However, it has NOTHING to do with the NHS per se or privatisation or cost cutting.
</content>
</comment>
<comment>
<content>        
These dirty Hospitals are now killing our babies, this would not have happened somewhere like The Portman Hsp, we should scrap the money pit NHS, it just doesn't work any more in an over crowded Britain.
</content>
</comment>
<comment>
<content>        
One of the biggest NHS fails of 2014 to date. Those poor families. A prem baby has a hard enough battle to stay alive as it is without the added complications brought about by this unforgivable blunder. I hope the rest of the babies survive.
</content>
</comment>
<comment>
<content>        
This is a terrible tragedy but a sense of perspective is needed. All these babies are VERY premature or sick to start with. And with the best practices in the world mistakes happen. Somehow this batch of intravenous fluid was contaminated with a very,very common bacteria. An enquiry may well find out just how this happened, and if any one person was culpable. This could have happened anywhere - in another country , in a private hospital. I wish people would stop using an individual tragedy simply to get on their hobby horses!
</content>
</comment>
<comment>
<content>        
Erm...this has nothing to do with the NHS...it's a private company so how about slating the private sector for it's inability to regulate and check things properly? Oh and to the Irish guy having a dog at how developed we are here...aren't you from the country who let that mother die of septicaemia because they wouldn't expedite her miscarriage as abortion is illegal...even though her life was in danger? That's just one example of where Irish health care falls down!
</content>
</comment>
<comment>
<content>        
Form the media reports I have seen it is clear the blame is entirely with the manufacturer of these intravenous drips. The staff and facilities using their products are not at fault as they are using products that were within the expiry date and packaged as being the correct drug for the correct procedure.
</content>
</comment>
<comment>
<content>        
The parents need to sue the NHS and they need to sue the pharm co. A good law firm could act on behalf of all the families and the NHS there need to be consequences for exposing people to this type of thing
</content>
</comment>
<comment>
<content>        
Please stop blaming the NHS they brought a product and used it thinking it was safe it wasn't and the results are tragic but on this occasion the blame needs to sit where it belongs............. With the company that made the product. If you eat in a restaurant and develop food poisoning do you blame the restaurant or yourself? Same thing
</content>
</comment>
<comment>
<content>        
Accidentally contaminated? Not the most comforting words to hear when you've just lost your baby and other babies are seriously ill due to this very unfortunate 'accident'. My thoughts are with those families affected.
</content>
</comment>
<comment>
<content>        
Whilst it is clear that the media is on another mission to slam the NHS, I really would like to know how with the advancements of medical science and technology, this kind of thing can actually happen...
</content>
</comment>
<comment>
<content>        
This is a terrible tragedy and heartbreaking for the parents but I cannot let some of these comments go by without saying that my daughter was born at St Thomas' at just 23 weeks and two years later is a complete joy thanks to months of incredible care. There is no money scrimping there but the most exceptional care by committed consultants who are there at all hours, seven days a week and nurses who not only look after these tiny babies and fight for their lives, but keep the parents sane and able to cope with the terrible rollercoaster that having a premature baby brings. I accept this is no comfort for the parents - I have lost a very premature baby before so I understand what they are going through a bit, but to make this case some generalised rant against the NHS and especially this amazing unit is misguided...
</content>
</comment>
<comment>
<content>        
Just awful. I lost a baby, who was premature, but to think, that the cause of this little ones death was the very thing that was supposed to be saving their life is so tragic. I pray that no others lose their lives as a result, it's a disgrace that this can even happen in this country  and  does nothing to restore faith in the safety of our hospitals, they are beginning to become dangerous places.
</content>
</comment>
<comment>
<content>        
These feeds are made under very strictly controlled conditions by highly trained personnel, with monitoring to see what and how many bacteria are present in the environment, and the possible source of contamination. Unfortunately, the risk of contamination can not be eliminated completely, no matter how many safeguards are in place, and the consequences are tragic. Manufacturers do not want to kill their patients, not least because it is not good for business. Condolences to the bereaved and I hope that there will be no more deaths.
</content>
</comment>
<comment>
<content>        
When my son was born 13 years ago in Portugal he also developed septicaemia while in a neonatal ward in a children's hospital in Lisbon, and we were told that it was because someone hadn't sterilised their hands properly before touching him inside his incubator. We were lucky and after 10 days on antibiotics he fought it, but my heart goes out to all these parents as I know well the anguish when you have a child in neonatal with one thing, for them only to contract something else when in the hospital. 13.5 years on I can still remember it as if was yesterday. RIP little angel
</content>
</comment>
<comment>
<content>        
This is not an nhs problem! This is a mamufacturer problem tpn is made sterile put up sterile, i know! If this was an nhs nursing problem it would be one nurse not administering as per asepsis and one patient! Its a manufacturing problem. Praise to the medical and nursing staff working with these babies as they can be ill so so quick and will have worked hard to keep them alive, confolences to the family
</content>
</comment>
<comment>
<content>        
Sometimes people hit the red arrow by mistake especially when using phone so put it down to error not trolls or negative thoughts. Wishing all the poorly babies well and condolences to the family of the baby who didn't pull through so sad
</content>
</comment>
<comment>
<content>        
what dreadful news for the family of the the little baby i know all our thoughts and love my help them a tiny bit,i sure we will all give our children and extra hug tonight even it they are as tall as us,lots of love to all the tiny babies out there fighting tonight
</content>
</comment>
<comment>
<content>        
When one of my daughters was 6 weeks premature she got a blood infection from a drip. It's frightening! My thoughts go out to the parents involved. It was a lot of waiting for blood transfusions, platelet transfusions and plasma transfusions to be done before we knew she would be ok. Stay strong little ones!
</content>
</comment>
<comment>
<content>        
Hasn't this kind of incident happened before at this hospital? I'm sure I remember reading about a baby that lost her life several years ago at this hospital due to a problem that should not have happened with the drip. Terribly sad for all involved my heart goes out to the families.
</content>
</comment>
<comment>
<content>        
I find this shocking, my son was in a neonatal ward for two months and I know how strict the neonatal wards are on cleanliness and the care and high dedication the nurses and doctors have. When babies have a longline you have so many risks and this is heart breaking. I feel for the parents so much much and wish the other babies a strong recovery.
</content>
</comment>
<comment>
<content>        
Well I am gob smacked at this awful thing...as for me the NHS for me was agiest now we have babies dying for wont of care.....OUR NHS is NOT FIT FOR PURPOSE.......and before any labour voters begin to crow this goes back to Blair----time to get Rid of the admin lot who just walk around all day looking important..also those at computer who just sit with their feet on desk ,,,yes I have seen...plus get rid of nurses with so little of English who just tell u she fine...who do not tell u they have put your mother on the LCP...Yes all happened to me in England
</content>
</comment>
<comment>
<content>        
How heartbreaking. RIP little one and commiserations to the family. Hope the babies that are poorly pull through. The staff must feel dreadful knowing that in trying to help the infants they've made them ill.
</content>
</comment>
<comment>
<content>        
My sincerest condolences to the families concerned but is anyone really surprised at what ever happens in our once great NHS-----before we started looking after the health of most of the rest of the world.Nevertheless lessons will be learnt---of course they will.
</content>
</comment>
<comment>
<content>        
So sad for the little ones. Congratulations to the hospital and the health workers who identified the bacteria so quickly, as that surely saved many more lives. A similar thing happened in the US a few years back. A pharmacy that was not licenced to do compounding, had compounded hundreds of vials of an injectable steroid that was contaminated with bacteria. Many people died before the health departments could figure out the problem. Then many more died until the health departments notified medical clinics and hospitals. The problem lasted for almost a year, before all the tainted vials were pulled from shelves.
</content>
</comment>
<comment>
<content>        
This is terrible. Some of the most vulnerable patients in the hospital let down by the manufacturers. Babies being cared for in the neo-natal unit have so many obstacles to overcome without having to deal with a bacteria that is introduced to their bodies by the medication/feed that is supposed to be supporting them. I hope a thorough investigation finds the source and deals appropriately with the people responsible. I hope for a complete recovery for the affected babies and condolences to the baby who passed away.
</content>
</comment>
<comment>
<content>        
The NHS is being run by manufacturing profit type management where getting things cheaper from if`y suppliers is fast becoming the norm rather than cut jobs that have no place in the running of a hospital. This where the Tory`s fail they too are all business men that put money before safety. Very sory for the parents of the baby should have been in the safest place in its life.
</content>
</comment>
</comments>
