<comments>
<topic id = "Raw-Topic-20" category = "4" />
<doc id="Raw-Topic-20_02" />
<comment>
<content>        
Everything should be done to ensure that all products, medicinal or otherwise, should be safe, but it is impossible to guarantee that things will never go wrong. It is as stupid to blame this on free enterprise as it is to blame it on the NHS.
</content>
</comment>
<comment>
<content>        
How does a "drug" supplied by a private company to hospitals. NHS  and  private equate to killed by NHS drips?
The NHS deserves some credit for quickly discovering the source of the infection and sharing the information openly and honestly. It is a tragedy for all patients and families involved but you must be particularly biased to be able to blame the NHS for what has happened. 
Telegraph standards obviously not what they used to be
</content>
</comment>
<comment>
<content>        
Somebody in quality control needs to be seriously punished for this. Is this another expense/budget related cock up brought on by idiots with no medical knowledge cutting corners. Something that might be a swan song for dipstick Dave to get his useless teeth into instead of gay marriages and wind farms
</content>
</comment>
<comment>
<content>        
Welcome to your private sector healthcare future!

And well done to Ms Donnelly for spinning this story in such a crafty way that it appears the NHS is somehow responsible. Your corporate paymasters will be pleased.
</content>
</comment>
<comment>
<content>        
ITH Pharma is a specialist manufacturer of parenteral nutrition, which is given to babies in neonatal intensive care units. The products in question, which are no longer in circulation, are made to order for individual patients on a daily basis, in response to bespoke orders from hospitals.

Why doesn't the Telegraph make that clear instead of trying to pin the blame on the NHS?

This is a tragic event. It is a matter for profound disgust that the anti-NHS lobby should seek to make capital out of the death of a baby.
</content>
</comment>
<comment>
<content>        
Another headline from the DT trying to pin blame on the NHS when the fault lies outside the organisation. I complained to the Press Complaints Commission under clause one of their charter about the following headline last week: "NHS breaks promises after staff torture patients at Winterbourne View": the PCC responded within 24 hours (and the DT removed the link I'd complained about). I suggest people do the same about this article.
</content>
</comment>
<comment>
<content>        
And a secret case is being heard in camera, I think the term is? Is there a connection? Probably not, but if terrorists were targeting tiny babies with poison the government would surely keep it quiet in the interests of 'community cohesion' which translates as 'if the public knew what these people were doing there would be a serious backlash, maybe street hangings.'
</content>
</comment>
<comment>
<content>        
Surely this can't be happening in the "world class" NHS - the "envy of the world" - that the unions and Labour have been praising to high heaven for the past fifty or so years? How can this be?
</content>
</comment>
<comment>
<content>        
Did you read the article?

The contamination didn't happen in the NHS it happened in a private company. The NHS just happened to be using the products of that company.

"Medical regulators are investigating an incident which occured last Thursday at a London manufacturing plant owned by ITH Pharma Ltd, affecting the liquid feed produced that day.
The contamination is believed to have been accidental rather than any act of sabotage."
</content>
</comment>
<comment>
<content>        
A close case occurred last December in France, killing 5 babies. :(
A 28 year old French laboratory has been blamed and suspended but investigation and prosecution are still under way.
An IGAS health report was due by end of May but hasn't been released, publicly at least.
</content>
</comment>
<comment>
<content>        
ITH Pharma are responsible for this yet we don't find that out until the fourth paragraph, while the NHS is mentioned in the opening sentence. This is disgraceful, but I want to to turn my attention to ITH Pharma - which the Telegraph could have done rather than use it as an opportunity to falsely blame the NHS. Founded in 2008 by Adam Bloom  and  Karen Hamling (nee Bloom). Who is responsible for this? They sell a syringe designed to reduce waste. Let's face it - we're not going to see any prosecutions, and even if they happen they won't be reported. Read all about ITH Pharma on Duedil.com.
</content>
</comment>
<comment>
<content>        
So this is caused by infected liquid, manufactured a London manufacturing plant owned by ITH Pharma Ltd? So it's not the hospitals that are at fault?

Why isn't the Telegraph foregrounding that? Why does the headline of your print edition imply that this is the NHS' fault?
</content>
</comment>
<comment>
<content>        
When the dismantling of the NHS began, the signs of decay set in, every week there's a new tragedy which in any civilised society is inexcusable but when it comes to profit the philosophy of neoliberalism takes over
</content>
</comment>
<comment>
<content>        
One imagines that it is routine that every batch is sampled and tested for contamination before release to the extremely vulnerable patient group the product is intended to help. Is this not the case?
</content>
</comment>
<comment>
<content>        
It should not be impossible to identify the person or persons responsible for these dreadful events. When identified, they simply must be named and the full weight of the law be brought into force. By that, I mean no reduction of sentence because of family commitments or other irrelevances, as has happened recently.

These recurring incidents of the most shocking errors just cannot be left with a line drawn underneath or We have leant valuable lessons and all that guff, which the managers do so well, but the NHS and its cohorts must damn well do their job. It will take a long time to change attitudes, but it cannot be permitted to continue like this.

Doctors, nurses and health professionals must all realise they are meant to care and to cure, not to kill or allow killing. This goes equally (and, in this case, primarily) for those who supply vital medical supplies to the NHS and others. What happened to quality systems, quality control ? In this case, relying (is that wise ?) on the article published, it would seem the suppliers are at fault, I could not possibly say why, but that is a good inference.

There is a line, the line has very definitely been crossed, Britain is not a 3rd world country, it is reckoned a very advanced medical country, even though it kills so many unborn children and forces doctors to become abortionists in order to qualify as gynae/obstetricians (see recent press reports).

How I feel for those poor parents, who have lost their tiny one just like that. My heart goes out to them. This loss was entirely avoidable it seems.
</content>
</comment>
<comment>
<content>        
If it is true the blood came from outsourced private contractors then there needs to be an inquiry. Where was the quality monitoring/regulation? Who is accountable? Heads need to roll.
</content>
</comment>
<comment>
<content>        
If you read the article the fluids were presumably manufactured by a private company called ITH Pharma Ltd. The contamination occurred in the production process at the factory. They were then bought by the hospital and used in the normal way. The hospital and its staff did not do anything they shouldn't have done. The fault lies with the private company which is now being investigated to find the cause. It is harder for the NHS to control what happens inside a private company it has a contract with than a subsidiary organisation it controls.
</content>
</comment>
<comment>
<content>        
It doesn't surprise me at all that the Whittington is on the list. They put backward culture i.e. the man following the women to the toilet, even if the toilet is for women in labour only, before the health of babies and women born in this country.It doesn't surprise me at all that diseases are getting through with that absurd practice. Shame on them for caring more about political correctness than the health of babies!
</content>
</comment>
<comment>
<content>
The NHS is a national disgrace.

Health provision should be privatised. The State cannot even run its own administration with even a modicum of efficiency, let alone one of the largest employers in the world.

The NHS is a 1940s construction based on 1930s socialist notions. It has been found wanting, and dangerously so, time after time.

It is not the envy of the world. In fact, it is a laughing stock.

We have to recognise that it has failed and that we ought to be looking at more rational, market based alternatives.
</content>
</comment>
<comment>       
<content>        
Where was the quality control/ inspection prior to the nutritional fluids being shipped off to the babies of these unfortunate families? My condolences to the parents of the deceased child. So sad.
</content>
</comment>
<comment>
<content>
Fantastic...another chance to bash the NHS in the Telegraph. Why can't it be privatised so everything would be perfect and run so much more efficiently by some mystery workforce who aren't our current evil nurses and greedy doctors and all illness would be eradicated within a week and we would all live forever with unicorns in marshmallow houses and.....is that my bus?
</content>
</comment>
<comment>       
<content>        
From Karen Hamling, MD of ITH Pharma, "As an independent company where the directors still remain as practising pharmacists, with patient care our focus, we have the freedom to acquire cost effective products passing savings back to the NHS without compromising quality."
</content>
</comment>
<comment>
<content>
They weren't "infected by a HOSPITAL" drip - they were infected by an outsourced product from a private manufacturer because the existing NHS facilities were closed to save money. But a I suppose a headline which didn't bash the NHS wouldn't suit the DT now would it?
</content>
</comment>
<comment>
<content>
what evidence do you have, which nobody else has, at this stage that it was accidental? such a possibility has not been excluded but nor have all of the other possible causes of contamination at this stage.

what evidence do you have that there were killings at Mid Staffs and these were intentional, etc. if you do possess such evidence you must be unique in your conclusions and should share it. However, you should take care in the allegations you make, and this and some of your other comments have been flagged.

As to the difference, what, in your view, are the similarities between events at Mid Staffs and in those in the other above mentioned hospitals beyond the fact that they are all under the NHS?
</content>
</comment>
<comment>
<content>
The NHS did not manufacture the medication that was done by a private company the Torygraph just posts anything it can to show that private is good public bad. You clearly have been lead astray by the nonsense spoken about mid staffs as well where there was possibly one preventable death not the massive amount the torygraph repeats ad nauseum.
</content>
</comment>
<comment>
<content>
who claimed that the NHS did manufacture any medication? what on earth are you talking about? where I have suggested anything about the alleged 'mass killings' at Mid Staffs? there is absolutely no evidence that this happened and I suggest you read and understand other people's comments more accurately before responding to them with your own assumptions about you think others have said. some attention to a few of the more simple rules of English grammar would also make your own comments more comprehensible.
</content>
</comment>
<comment>
<content>
the Telegraph suggest blame before there is any proof and many commentators use it as an excuse to immediately jump onto the bandwagon without being in possession of the full facts. The newspaper has successfully achieved its shock-horror reaction required to boost its sales!
</content>
</comment>
<comment>
<content>
"The NHS deserves some credit for quickly discovering the source of the infection and sharing the information openly and honestly. It is a tragedy for all patients and families involved...."
the NHS at its very best, doing its job and doing it very well. thank you for pointing out what should be obvious and should not need to be spelled out.
As for your second sentence, in this quote, I would add the staff looking after these babies , as I mentioned below, and how they must feel and especially those who administered the fluids and how difficult in such circumstances it must be for them to comfort and offer their support to the grieving parents.
</content>
</comment>
<comment>
<content>
That's the job of the manufacturer.....now why don't you go out and get a job instead of hanging about here all day posting provocative rubbish in the hope of winding someone up....thereby adding some meaning and excitement to your desperate life.
</content>
</comment>
<comment>
<content>
as apparently a number of others in these comments and as regularly happens on any page connected with reports on healthcare where all sorts of extraneous and vacuous accusations get dragged into the issues under discussion.
</content>
</comment>
<comment>
<content>
Did you read the article?

The contamination didn't happen in the NHS it happened in a private company. The NHS just happened to be using the products of that company.

"Medical regulators are investigating an incident which occured last Thursday at a London manufacturing plant owned by ITH Pharma Ltd, affecting the liquid feed produced that day.
The contamination is believed to have been accidental rather than any act of sabotage."
</content>
</comment>
<comment>
<content>
It should be tested by the manufacturer or do you want every hospital in the country to get a sparkly new building with lots of lab equipment and even more staff to test all supplies that should have previously been tested.
Testing for bacteria takes days. Samples have to be cultured and you have to eliminate any cross-contamination possibilities too.
</content>
</comment>
<comment>
<content>
"...do you want every hospital in the country to get a sparkly new building with lots of lab equipment and even more staff..."

Yes - it would be money far better spent than handing it over to Third World dictators, asylum seekers and benefit junkies.
</content>
</comment>
<comment>
<content>
So how much NI are you willing to pay?

There are more than 500 trusts, each will need its own in-house testing running 24/7/365(6).

It is very expensive just to repeat testing done already by the manufacturer.

Do you think supermarkets test everything on their shelves?
How did the horsemeat scandal ever happen if that was the case?
</content>
</comment>
<comment>
<content>
Paitonboy suggests the process he uses for all the food that enters his house i.e. he employs an official taster to check it's fit for human consumption before he eats it.

Every pill, every bag of drip fluid, everything that touches a patient must be checked for everything.
</content>
</comment>
<comment>
<content>
You are wrong. Quality guidelines exist within the contract which these suppliers bid for in an open process governed by law. It is duty of care. Trusts are often tied in long contracts to suppliers.
</content>
</comment>
<comment>
<content>
Your beloved Tories did away with all the in-house stuff, then split the NHS into many trusts each overseeing a handful of hospitals. Each trust has its own suppliers and will need its own testing. Just imagine how many different drugs, drips, surgical instruments, disposable steriles etc that they go through on a daily basis. To test them all in-house would be a ridiculous undertaking needing thousands of staff and lots of space.

In manufacturing yes we tested the raw materials and the finished products but these were very limited ranges. One job I had was for a pen manufacturer. We would go take a sample from each batch of pigment and plastic and graphite etc and test those and we would test the finished product. But that's a days work for 6 people and we're only talking about chemical testing on a very small range whereas the NHS would need chemical and biological testing on a colossal range.
</content>
</comment>
<comment>
<content>
Because they have reported this news under a headline blaming the NHS, when the most cursory reading of the facts indicates the NHS was a victim. To me that indicates a very obvious political bias. And anyone who will twist a story like this to further a political line can not, I think, be trusted to report the facts when they are contrary to that political line.
</content>
</comment>
<comment>
<content>
No one was killed at mid staffs, there was possibly one preventable death, that has been proven so stop asking stupid questions.
</content>
</comment>
<comment>
<content>
what has Mid Staffs to do with it? events there are totally unrelated to infections in newborn babies caused by the supply and administration of contaminated parenteral solutions which is the issue under discussion in this article.
</content>
</comment>
<comment>
<content>
Mid Staffs has everything to do with it because of NHS apologists like you who refuse to see that it is still not fit for purpose despite the mammoth spending on it.
</content>
</comment>
<comment>
<content>
What are you on about Stafford is a top twenty hospital, no one died needlessly that has been proven, only dimwits who believe sensationalist rags and politicians with personal gain at their heart who want to privatise the nhs think that mid staffs was what the media have made it out to be.
</content>
</comment>
<comment>
<content>
"Mammoth spending on it"??
The UK spends less per capita than comparable nations and the lowest % of GDP amongst the G7. But as with your other posts today, why let the facts get in the way.
</content>
</comment>
<comment>
<content>
How on earth do you know what I see?
How about looking again at all of the facts which have been presented in the above article and anything else you may have read from reliable sources, sit down, take some deep breaths and perhaps a cup of tea or coffee then analyse the information and try and synthesise it into some rational arguments which actually reflect the reality of the current situation giving evidence for your statements as well as for the flawed conclusions which you have expressed so far and which you clearly believe are correct, and stop trolling on what is a very serious and tragic subject.
</content>
</comment>
<comment>
<content>
Times doesn't seem much better. I was looking through a copy the other day and wondering why some of the really silly articles published there couldn't be reserved for a woman's' magazine. these if my memory serves me right, used to be serious national newspapers with some quality writing and more accurate reporting. If one spotted a misprint, it used to be with great glee, and now they seem to be the norm on a daily basis. Other than these silly articles the Times seems to be a catalogue of disasters, with a main focus on negative news events, or at least reporting everything that way.
</content>
</comment>
<comment>
<content>
I actually still rate the Telegraph. For one thing, it actually believes in free speech for the commentators. The Guardian is the polar opposite, with Stalinist levels of censorship that make commenting pointless. A typical Leftist approach to debate. The Telegraph also has some good reporting in it too. However, little things like this are silly and do it down. Make it clear it was a private sector cock-up and the NHS is as much a victim as the babies.
</content>
</comment>
<comment>
<content>
although one sometimes gets the impression that medical articles and the headlines have been written by college students rather than those with a knowledge of the subject.
</content>
</comment>
<comment>
<content>
I wouldn't go that far. It's better than the guardian by miles but it's not free speech. The most interesting articles usually have comments closed. Any of a large number of keywords will see your post get pre-moderated, and the moderators do moderate a lot of posts seemingly unnecessarily.
</content>
</comment>
<comment>
<content>
I note there is a very different and far more serious and reserved style of commenting in the Guardian, maybe that explains it and possibly also due to a different readership?

I agree with your last sentence and my heart goes out to those looking after the babies and the bereaved parents they have to face. There must be little consolation for the parents.
</content>
</comment>
<comment>
<content>
You have more opportunity to comment on the Times, but it is censored more closely than the Telegraph, however the Telegraph censors by not allowing any comments on certain articles. Invariably the one you have something to say about
</content>
</comment>
<comment>
<content>
interesting. I haven't seen the online Times as there is no free access to it which is perhaps why the Telegraph is popular but with a very mixed standard of commenting.
</content>
</comment>
<comment>
<content>
The implication here is that the NHS is at fault. It is not. The private sector is at fault. The story should reflect this accurately. It does not. This is because there is pressure from the right-wing political establishment, which controls this media group, to denigrate the NHS whenever possible. That is political.
</content>
</comment>
<comment>
<content>
The rant about mid staffs should be why has the fabricated nonsense about the death rate been allowed to continue for so long and the proven lie of people drinking from flower vases which were not even in the hospital at the alleged time, why is this going on because they have a huge PFI debt at the lower standard UHNS and need the money from stafford.
</content>
</comment>
<comment>
<content>
I don't know enough about Mid staffs to comment really. I will need to find and read the Francis reports, and correlate with the other public domain information and try to get a picture of what went on and why.
The guy I was referring to in my post is a privatise the NHS guy, and he is using Mid Staffs as an example to show why the entire NHS is not fit for purpose. It would be akin to using this baby's death to say all private suppliers should be nationalised. i.e. asinine and without sense.
</content>
</comment>
<comment>
<content>
is it since the present government has come into power that the NHS is making, or permitted to make a profit? This is the first I have heard of this. Last time I looked at their balance sheets towards the end of the 1990s the philosophy then was still according to their founding principles that they were not permitted to make a profit but could be left with a surplus at the end of any tax year which had to be ploughed back into the organisation for the benefits of its patients. However, at that time the accounts, instead of showing a surplus, indicated a fairly substantial deficit!
</content>
</comment>
<comment>
<content>
What contaminants would you test for?
Pharmaceuticals are prepared in a clean-room environment. There should be virtually no chance of this happening. The bags are sterile, and they are filled and sealed in a clean room.
Testing for bacteria takes days and it's not particularly specific in that the likely result is a yes bacteria are present or a no they are not. Identifying that bacteria will then usually take even longer still.
</content>
</comment>
<comment>
<content>
This product is passed directly into the bloodstream of extremely vulnerable premature babies. I would expect testing to be rigorous - but rather than speculate from a less than informed standpoint I think we need to understand more about the shelf-life of the product (which is a factor in testing options) and what they actually do as regards batch testing at the place where it is made.
</content>
</comment>
<comment>
<content>
The shelf-life of these fluids is measured in hours to days.
By the time you have cultured samples it's probably out of date.
This batch was made last Thursday and already it's out of date.
It will be tested by the manufacturer but biological contamination may take days to show up while the bacteria multiply enough.
</content>
</comment>
<comment>
<content>
I haven't seen anything about it other than the company identified a possible source of the contamination. I am sure the authorities know more but I doubt if anything has been released to the press yet.
</content>
</comment>
<comment>
<content>
The NHS is doing that perfectly well itself. If anything, only a handful of incidents of malpractice, negligence and general shoddy care get into the newspapers; most do not because it is virtually impossible to successfully litigate in such circumstances. Everyone I know has a horror story to tell about an experience with the NHS, myself included - more than one in fact.
</content>
</comment>
<comment>
<content>
The newspapers (especially this one) misrepresent and sometimes outright lie about the NHS. The Telegraph got their wrists slapped (well, more of a love pat, the PCC being the useless shower that they are) over their dishonest coverage of Mid Staffs, for example.
</content>
</comment>
<comment>
<content>
No patient was killed that is a pure lie. there was possibly one yes that is one preventable death and that couldn't be proven by the balance of probabilities, and certainly couldn't be proven beyond reasonable doubt so stop the lie of murderers.
</content>
</comment>
<comment>
<content>
"When identified, they simply must be named and the full weight of the law be brought into force"

Agree - and this principle of accountability should be imported and implemented through prosecutions within the public sector. It's long overdue.
</content>
</comment>
<comment>
<content>
Certainly not, I made what is obviously a very general statement. I dont know all the facts, but the supplier seems to have some explaining to do.

In a climate where killing is not unusual, such as old people being hastened on their way to free up beds, plus doctors approving killing girls and being left unpunished, can you not see that, overall, death is not such a big deal for many ?
</content>
</comment>
<comment>
<content>
"Doctors, nurses and health professionals must all realise they are meant to care and to cure, not to kill or allow killing."
highly judgemental and very suggestive! and your second paragraph has no basis.
</content>
</comment>
<comment>
<content>
Assuming, as I do, Dr Kate Granger is telling the truth : http://www.telegraph.co.uk/hea...

A fair-minded, reasonably well-informed person would concede my second paragraph is anything but baseless.
</content>
</comment>
<comment>
<content>
Are you saying that if it was the NHS, and not private contractors, at fault then there would not be any need for an enquiry? Surely there should be an enquiry regardless of where the fault lies?
</content>
</comment>
<comment>
<content>
there has to be an enquiry to establish the source of contamination and how it occurred and to prevent it happening in the future. there are also legal issues involved as well as for the parents of the baby who died.
</content>
</comment>
<comment>
<content>
No I didnt say that - you are putting words in my mouth. My main concern in this case is that its plausible the decision to outsource was based on lowering costs at the expense of quality. This goes to the heart of the debate of privatising parts of the NHS.

Under the Tory reforms they set up a regulator called "Monitor" who are supposed to monitor quality. Have they been found wanting here?

http://www.nhs.uk/NHSEngland/t...

NHS services will be opened up to competition from providers that meet NHS standards on price, quality and safety, with a new regulator (Monitor) and an expectation that the vast majority of hospitals and other NHS trusts will become foundation trusts by 2014.
</content>
</comment>
<comment>
<content>
Your implication that lowering costs in pursuit of efficiency necessarily results in lower quality is just pure speculation and the typical knee-jerk reaction of the public sector and its supporters.

The vast increase in NHS spending during the Labour years of profligacy did not result in a commensurately higher quality of service, did it? Or have we missed something?
</content>
</comment>
<comment>
<content>
So how come the killings at Mid Staffs happened? Was that a natural consequence of the "better hospitals and better equipment" too? Or has all the money been wasted on layers of superfluous management, expensive consultants and excessive doctors' salaries?
</content>
</comment>
<comment>
<content>
Bad management. Use of Liverpool Care Pathway ( something I have always considered as abuse). Hard to say without reading the Francis reports and I haven't.
Whatever that is a problem localised to one hospital and yet you tar the entire NHS with it.
Even the odd private hospital is terrible.
</content>
</comment>
<comment>
<content>
how does blood suddenly come into the equation? according to my understanding, the article is about the administration of nutritional fluids which has tragically caused blood poisoning, and not about blood transfusions!
</content>
</comment>
<comment>
<content>
Surely that risks contamination?

There must be thousands of IV drips being administered everyday. Do you really want all of those checked too?

What about tablets too?
</content>
</comment>
<comment>
<content>
Precisely, and who would pay for every drip and tablet to be checked?! Surely, it would have been safer and more cost effective for the whole process to have been managed and administered within the NHS in the first place!
</content>
</comment>
<comment>
<content>
"...safer and more cost effective...within the NHS..."

Are you saying that you guarantee such an accident would never happen within an NHS administered laboratory? If so, how can you guarantee that?
</content>
</comment>
<comment>
<content>
to check every bag would be totally unsafe and undesirable as it would be another source of contamination apart from being totally unrealistic. quality control procedures are followed by taking samples from batches and analysing them but not from every single bag as is the case with any other consumable products.
</content>
</comment>
<comment>
<content>
Of course it would be undesirable - not just for quality control but also from a cost point of view as I point out! Which is why I say the whole thing should be managed and administered within the NHS where the original batch could be tested and safely distributed.
</content>
</comment>
<comment>
<content>
undesirable includes cost!!!!!!!!! which also means, or more importantly means the cost to the NHS. it is not even realistic and simply does not and would not happen.
</content>
</comment>
<comment>
<content>
Random batch sampling has long been common QA/QC practice in the construction and engineering industries. Why it cannot be done in the health sector is a mystery. Perhaps the "world class" NHS management isn't up to it.
</content>
</comment>
<comment>
<content>
There were no batches involved. Each unit was made up for the specific baby by request from each neonatal unit. Anyway, you are simply attempting to move the responsibility from the private firm to the NHS. So the public body takes on the financial risks and responsibilities, while the private firm enjoys the profits.
</content>
</comment>
<comment>
<content>
No people like you wont pay for it.

We've made the choice now to supply the NHS from private companies and so all the in-house testing is gone. Are you eager to put your hand in your pocket and find a few billion more so that every trust can have in-house testing of all medical supplies. After all, it's not just one drip we are talking about. The amount of supplies that the NHS gets through on a daily basis that it would need to check is colossal. Just imagine how many different drugs get used in the country on a daily basis, you will want all batches checked randomly. I suppose you will also want to check disposable sterile instruments to ensure sterility too etc.
</content>
</comment>
<comment>
<content>
The NHS scores highly on international comparisons with other systems considering what we spend on it and our demographic profile.

You are ideologically opposed to public healthcare but that doesn't make public healthcare poor, just poor in your eyes, so go ahead, waste your money on BUPA or similar and you will only have to deal with the NHS when you have something too complicated for BUPA to deal with. They may even throw you a 2k bung to take off to the NHS as they have other people they do not wish to treat recently. Did you know about that?

http://www.mirror.co.uk/lifest...
http://www.dailymail.co.uk/new...
http://www.ft.com/cms/s/0/73b1...
</content>
</comment>
<comment>
<content>
in an ideal world perhaps everything would be managed by the NHS as it used to be but sadly that is no longer the way it is nor probably will ever be again. the reforms this time have gone too far in the opposite direction for any reversal.
</content>
</comment>
<comment>
<content>
Where on earth do you take that information from in the article? A baby has died because of contamination occurring at a private manufacturing plant.
</content>
</comment>
<comment>
<content>
I don't think you really have any idea what measures were taken at the hospitals. you can only sample batches and not every single bag of iv fluid before administration, any more than you can test every single bottle of drink sold daily in all of the many supermarkets around the world or food for that matter. even the most stringent controls will never prevent any type of accident 100%.
</content>
</comment>
<comment>
<content>
milkie, I don't for one minute doubt what you say. However out of a batch, one could of been sampled as as a batch they would of been made together. I've seen first hand how lax some of the hospitals mentioned are. Lets be honest, if it was a private hospital the company would of been sued and staff would of lost their job. Because it's public owned if they do sue only tax payers are effected and the staff wriggle out of their responsibilities. That leads to a rather lackadaisical attitude to procedure.
</content>
</comment>
<comment>
<content>
There were no batches. The feeds were made up for each specific baby when the order was received from each hospital. They were made under quality control standards agreed by the contracts the company holds with the NHS. In any case, any testing for contamination would take longer than the shelf life of the feeds. The private company made a mistake and is responsible, this simply has nothing to do with the NHS screwing anything up.
</content>
</comment>
<comment>
<content>
Which staff would you be intending to sue and cause to lose their jobs? it sounds very much as if you are using this report as a means for trying to blame the NHS and the front line staff who administered the fluids for this tragic accident without any knowledge of the facts and without showing any understanding of their role and responsibilites and the procedures involved in checking and administering these fluids.
</content>
</comment>
<comment>
<content>
I believe Muslims working in the NHS do not have to follow the normal rules of hand washing hygiene due to their delicate religious sensibilities. This nonsense would never be allowed within a private hospital.
</content>
</comment>
<comment>
<content>
totally irrelevant and irrational argument. it has nothing to do with religion or care or hygiene in a public or private sector but to do with a batch of fluids which were contaminated possibly during the manufacturing process before they even entered the NHS hospitals.

perhaps you expect all qualified staff to have high power microscopic type eyes so they can hold the bags up to the light and see all the microbes swimming around in the fluid!
If the fluid it is found to be cloudy or discoloured or there is any break in the seal it will not be used but any micro-organisms it may contain, which is not to be expected in sterile fluid, are invisible to the naked human eye.
</content>
</comment>
<comment>
<content>
I don't know of any private hospital that tests incoming supplies either. It is just too expensive and would require quite a bit of lab space, lots of new instruments, many staff, and large costs. 
The manufacturer is in the position to test, not the user.
</content>
</comment>
<comment>
<content>
Well that's arguable because the NHS is contracting out to private companies. It's completely wrong to do this.

I have lived in Norway and their hospitals are also state run. Their standards are very high and even though they have a lower population they have good methods employed to keep their hospitals free of infection which make British ones laughable.

For instance after each patient has finished their treatment the bed frame and mattresses are removed from the ward and are steam cleaned in a special chamber at high temperature. The mattresses are covered in a special waterproof lining for this purpose and the bed frames are made of stainless steel.

The cleaning in their hospitals is managed by their NHS management team in each hospital. Each patient area is methodically cleaned before the next patient arrives.

Government officials should visit Norway - they could learn a lot!
</content>
</comment>
<comment>
<content>
The cleaning in hospitals was one of the first things we outsourced in the NHS. It is not done in-house any more, it's done by contractors.

Autoclaving bedframes doesn't give any real advantage over wiping down with disinfectant. 95% of the bedframe will never see a finger. Modern disinfectant sprays kill 99.9% of viruses and bacteria which is probably pretty similar to autoclaving and a lot quicker bed turn-around.
</content>
</comment>
<comment>
<content>
No. That is just an assertion at the moment, and the source is still under investigation.

Regardless, the NHS - with all its procedures and red tape, should surely check the safety of potentially dangerous fluids it puts into people, especially newborn babies.
</content>
</comment>
<comment>
<content>
So you're basically suggesting the NHS should outsource the production of such fluids but the private company shouldn't take responsibility for providing safe products - the private company takes the reward but the NHS takes all the risk.
</content>
</comment>
<comment>
<content>
See my comment below.

Sampling and analysis is standard practice in most industries.

At the very least representative samples ought to be sent for analysis. If a problem is found, the supplier can be held liable.

Otherwise, liability must fall on the user, the NHS.
</content>
</comment>
<comment>
<content>
..... and how many of 'most companies' would have the range of testing that the fragmented over 500+ trusts NHS would need?

Supermarkets don't even come close and the horsemeat scandal tells you all you need to know about their testing practices.
</content>
</comment>
<comment>
<content>
what makes you think that sampling and analysis is any different in this case. unless there is something very legally out of order with the supplier there are always strict quality controls in place as there are for any other manufacturers and especially where nutritional fluids for neonates and other medical supplies are involved. 
nevertheless, despite the strictest controls there is always a high risk of bacterial contamination and accidents such as this everywhere.
</content>
</comment>
<comment>
<content>
Without capitalism, your socialist doctors would be scrambling around back in the dark ages using knives but without electrical lights, medical equipment and drugs.
</content>
</comment>
<comment>
<content>
Actually, it is a very good system. The problem is that the NHS works by a different set of rules.

I can guarantee that, if say British Airways served dodgy food, it would be BA who was sued, not its supplier.

Why should the NHS be any different?

By your argument it can do whatever it likes, and never take the can for anything.

That would have been acceptable in the USSR, but not in any sane country.
</content>
</comment>
<comment>
<content>
That's just testing a few batches of several meals per day.

Got any idea how many different drugs, drips, surgical implements, disposable sterile equipment etc the NHS gets through on a daily basis, distributed across many health trusts each separate from the other with possibly different suppliers.
What you expect is impossible really. You either test everything or you test nothing and rely on manufacturer testing. As you want everything tested, try guess at the costs involved in that.
</content>
</comment>
<comment>
<content>
hilarious, following the logic here, they should have tested every bottle before putting in on the shelves or at check out before the customer was expected to pay for it and take it home to drink - obviously the fault of the shelf fillers or the cashiers! :-)
</content>
</comment>
<comment>
<content>
Of course it's the supermarket's fault.

If you buy from the supermarket, then you would be unable to sue Perrier.

You would sue Tesco, or whoever, and if they are found liable, then they would have a case against Perrier - provided of course that Tesco had not incorrectly stored it, perhaps at the wrong temperature..

That, you see, is the grown up world of commerce.
</content>
</comment>
<comment>
<content>
Yes that is contractual law. Its like getting food poisoning in a restaurant. The consumer regards it as the responsibility of the restaurant to ensure that the food is safe to eat. The relationship between the supplier and the restaurant is not the concern of the consumer.
</content>
</comment>
<comment>
<content>
There's a world of difference between restaurants cooking food on their premises which has to be safe to eat, and a sterile loaded drip that just has to be hung and attached to a line. It's not like the food was delivered to the restaurant sterile and ready for use, it was raw materials beforehand. How many bottles of wine does the average restaurant send away for testing each year? Is it zero maybe?
</content>
</comment>
<comment>
<content>
As an engineer, I purchase fuel oils with all sorts of certificates of quality, ISO 9000 the lot.

But before using it, I always send a sample to a lab for analysis.

It's silly not to, as men's lives depend on it.
</content>
</comment>
<comment>
<content>
A sample is only representative not definitive. 45000 litres of fuel oil in a tanker will essentially all be the same stuff, but individual, discrete medical kits may not be all identical, just similar.
</content>
</comment>
<comment>
<content>
It is called batch testing. Common throughout industry. Send x% for analysis and do not use before the results.

The stuff used in the kits is made in batches, so reasonably if the samples are ok, then the whole batch will be.

(And I'm talking about thousands of tonnes for ships - and we commonly find problems.)
</content>
</comment>
<comment>
<content>
I was a research scientist for many years and would regularly carry out batch testing. However, a sample can be contaminated to a small degree so pass quality control/assurance, but the bacteria can continue to multiply and make the apparently safe product unsafe at time of use.
</content>
</comment>
<comment>
<content>
all such fluids have a shelf life with a clearly visible use by date and batch number printed on them and they go through several careful checks by a qualified clinician directly before administration which includes checking and recording the date, the batch number, and the quantity and the concentration against a medical prescription which has been signed by the prescriber and the person administering the treatment, as well as looking for any signs of cloudiness or particles suspended it and its colour and temperature. these fluids and all other medications are also stored at recommended temperatures and with other necessary precautions. they are also administered following strict aseptic procedures. Some hospitals, and in some specialist units, also require these checks to be carried out by two qualified practitioners.
</content>
</comment>
<comment>
<content>
Having experience of both, I can confirm that you couldn't be more wrong if you tried.

Private health care is far superior.
</content>
</comment>
<comment>
<content>
Oh you get a nice room, and nice food, and moonlighting NHS doctors who you seem to think treat you better because you are paying, but tell me what would they do if you turned up there with a burst appendix and peritonitis?
</content>
</comment>
<comment>
<content>
The NHS and private hospitals use the same doctors, so having simple procedures may be nicer in private hospital with better food and en-suite rooms, but the real difference is when undergoing serious treatment - the NHS has far superior technical and support staff with excellent facilities to deal with all eventualities. That is why it is more expansive to run - it can't just cherry pick cash generating procedures.
</content>
</comment>
<comment>
<content>
Indeed. The private healthcare sector is a parasite on taxpayers and the NHS. It relies on NHS trained nurses and NHS ambulances and emergency departments.
</content>
</comment>
<comment>
<content>
Oh yes. the NHS is replete with policies, procedures and organisations.

It is, in fact, a socialist bureaucracy.

And that is part of the problem.

It is the outcomes that matter, and private hospitals are far safer.
</content>
</comment>
<comment>
<content>
Well yes they cherry pick what they can do easily and anything else gets sent to the NHS.
NHS outcomes compare well in global comparisons. 
Most NHS problems we read about are highly localised problems unless they are caused by chronic underfunding.
We also read about every disaster that befalls the NHS but never about the thousands of lives it saves every year.
</content>
</comment>
<comment>
<content>
There's lots wrong, but a huge amount right too. I agree we should all work towards being perfect, but we need a touch of realism too - no organisation, even the most successful private ones, don't make mistakes now and again. My main gripe is that whilst the NHS, and other public service organisations are forever being beaten down, there is often very little criticism of outrageously bad private companies (and I can't accept the argument that private companies must be competitive or they will fail when so many take obscene amounts of redirected public money and relentlessly squander it knowing more will follow).
</content>
</comment>
<comment>
<content>
"there is often very little criticism of outrageously bad private companies..."

Nonsense - private firms are always being hammered in the press. It's the public sector that is allowed to get away -literally in the NHS's case - with murder.
</content>
</comment>
<comment>
<content>
"My main gripe is that whilst the NHS, and other public service organisations are forever being beaten down"

On the contrary, the NHS has been set up as beyond criticism. It is described as a national religion, and critics are howled down like heretics.

I note that this might be changing, as folk are now more prone to criticising it, but that is because of its appalling record.

If it is not murderous, it is a very dangerous organisation and requires more than criticism. It ought to be broken up and privatised as soon as possible.
</content>
</comment>
<comment>
<content>
You're using an article in The Telegraph (a paper which criticises the NHS daily) as evidence that the NHS is beyond criticism? Ha ha ha! What sort of "engineer" are you? A bullsh*t engineer?

Clownshoe.
</content>
</comment>
<comment>
<content>
But the 'outsourced' product was contracted by the NHS on their 'ok'. What do they do for staff?

Don't blame the NHS, no, never, it's FREE at point of service after all...

Pathetic.
</content>
</comment>
<comment>
<content>
The IV feeds are specially for neonates. IV feeds for adults and larger children are made in a different and statistically "safer" way. Neonatal feeds can't be made that way due to their complexity.
</content>
</comment>
</comments>
