<comments>
<topic id = "Raw-Topic-20" category = "4" />
<doc id="Raw-Topic-20_01" />
<comment>
<content>        
"This is not the NHS at fault, it as come from the manufacturer of the drips, when you open things like health services to privatization this is what can happen. The NHS being put up to open markets needs to be stopped ASAP. 

Our NHS needs to be funded properly, simple, Taxpayer money in for private profits out is not the way. The new health bill stops the government being held to blame.

My sympathy is with the family of the baby. The blame lies with the coalition government."

Absolute tosh Lions have teeth and you know it.It is 100% the responsibility of the NHS to make sure all medication is safe before being used on ALL patients . I abhor the compensation culture we have n this country but if I were the parent of that poor child I would sue the NHS for every penny.The NHS most certainly gets more than enough funds so your assertion they should get more is ludicrous. 
</content>
</comment>
<comment>
<content>        
 I must strongly object to your sensationalist and poisonous headlines included in the above link. If you had any integrity at all you would have said that the drips had come from a private supplier and not that it was the NHS. I have family who are nurses and medical staff at my local hospital, and despite the butchery inflicted in the NHS by this unelected cabal of Neo Nazi Oligarchs, determined to dismantle the NHS and sell it to their financial supporters for profit. They like every other 

member of the hard pressed frontline staff take pride in doing the very best they can for each and every patient the have to assist, and if anything had appeared in any medication they were due to administer they would not use it but report it right away.

You have gone out of your way to insinuate the NHS was incompetent, showing a callous neglect of the standards of medication they give to the most vulnerable of patients. When instead you should be questioning the supplier and their standards of hygiene. I am absolutely certain that such gross distortions of the truth are your bread and butter, and you will continue to inflame the passions of the narrow minded bigots you pander to.
</content>
</comment>
<comment>
<content>        
 Someone may shout Racist but sorry only what happened when my ex was giving birth to my son a foreign so called midwife english very poor kept disappearing and wonders in with a needle and tried to give it to my ex i asked her what it was she hesitated and said water i said no way get me a doctor who agreed that it should have been done in front of me and explained this so called midwife though all her actions nearly cost my sons life reported it and they just tried to cover it up I have no confidence in the NHS anymore only time i'm in hospital was when i was unconscious came round and walked out thats my view now and what happened
</content>
</comment>
<comment>
<content>        
 @Tom Beecher

I work in the industry as well, and your assessment is correct. It is surpising that the product would be QA/QP released before the results of sterility testing were available. That said sterility testing is a statistical thing and it would depend on whether the whole batch was contaminated.

@Lions Have Teeth
You can't blame the government for this. Its not a cost cutting thing. This kind of specialist production would typically have been done within the pharmaceutical industry - its not something that would be routinely have been within hospitals and which has been lost as a result of cost cutting.
</content>
</comment>
<comment>
<content>        
 The headline 'Newborn Dies As NHS Drips 'Poison 15 Babies'' has made people assume the NHS manufactures the drips, which is not true. 

Although it proves my usual point reading through some of the comments here, people do not read the articles and only react on the headline. Well done Sky for implicating the NHS!!
</content>
</comment>
<comment>
<content>        
 @mike927 - I can't see how this is the NHS' fault? They brought in a product manufactured by ITH Pharma Limited on the assumption that it is safe to use.

To use a crude example, if you bought a well known make vacuum cleaner that on use exploded because of faulty wiring, would you be to blame or would it be the manufacturers fault?
</content>
</comment>
<comment>
<content>        
 I am an investigative lead for a large pharma company, and I deal with this organism regulary. This would not be NHS responsibility especially considering the company have detailed an event at their plant very recently. I'm surprised that the 'event' was so recent as IF this was the cause then the batch in question has been released very quickly. Sterility testing is generally a minimum of 7 days and then time to pass QA would have to be added on. All procedures are highly regulated and documented. It's possible that the batch of equipment or product was subjected to proper sterilisation setpoints or that there are faulty bags/associated connections. the organism is generally water borne and very fast in terms of its reproduction. I would say that early indications point to incomplete sterilisation procedures and/or faulty kit.
</content>
</comment>
<comment>
<content>        
 Interesting to see that people are using this for opposite ends of the spectrum -

"privatisation cant come quick enough"

"This is not the NHS at fault, it as come from the manufacturer of the drips, when you open things like health services to privatization this is what can happen. The NHS being put up to open markets needs to be stopped ASAP. "

To be fair though, I'm not sure what difference it would have made...

The NHS doesn't and couldn't produce it's entire stock of equipment or supplies, that will always need private industries to manufacture, research and produce regardless of whether it is privatised or not.
</content>
</comment>
<comment>
<content>        
 A simplified sensationalised nasty headline: Newborn Dies As NHS Drips 'Poison 15 Babies'. A headline which no doubt will excite airheads.

Reality: An intravenous drip made by a private business used for feeding very poorly babies is suspected of containing bacteria leading to the death of one baby and affected 14 other babies in a range of hospitals.

It looks like the NHS as much as the babies is a victim of a process within a private business which sadly for everyone concerned has gone wrong.
</content>
</comment>
<comment>
<content>        
This is not the NHS at fault, it as come from the manufacturer of the drips, when you open things like health services to privatization this is what can happen. The NHS being put up to open markets needs to be stopped ASAP. 

Our NHS needs to be funded properly, simple, Taxpayer money in for private profits out is not the way. The new health bill stops the government being held to blame.

My sympathy is with the family of the baby. The blame lies with the coalition government.
</content>
</comment>
<comment>
<content>        
shocking but obviously down to some discusting individuals, i have nothing bad to say about Guys and st Thomas's they saved my son from MRSA contracted at Lewisham hospital and saved his finger always be greatful for that
</content>
</comment>
<comment>
<content>        
Can't use bleaches anymore for fear of the cleaners getting burns (mostly foreigners), yet they can be careless in even MORE dangerous ways. It's like the 19th century and ONLY the medical staff cannot see they are failing. A week in A  and  E and the shambles you get would be gone on my watch. Go in any business or even a restaurant and say to a customer "your dinner with perhaps be served in 4 hours". They never prioritise, they never apologise and you're the next slab of meat, unless you are under 13. As for the bleach I have never burned myself and it keeps my loo and floors safe!
</content>
</comment>
<comment>
<content>        
Oh man, God bless these kids. I had an undiagnosed congenital kidney defect that caused me to constantly circulate toxins through my blood. It is an awful thing. It took decades, kidney failure and a miracle teaching physician to find my problem and save my life. Thank you Taz, St. Joes, L.A., C.A., you did good, Sir...Too late to stop the damages, but I STILL don't get up thirty times a night anymore!!! Those poor babies have some pain goin on, and they're too tiny to hurt like that.
</content>
</comment>
<comment>
<content>        
My husband is disabled with a serious illness, he has been in and out of hospital like a flaming yo-yo and always gets a secondary infection. The last time it was scabies. We went to see his specialist for his three month review and I asked him if he could prescribe, on repeat prescription, the medication that paramedics give him when we dial 999, they put it into his oxygen tube to open his airways so he can breathe, but they always have to take him into casualty once they have got his breathing under control, so I wanted this medication on prescription so I did not have to dial 999 every time he could not breathe. He has not now been admitted to hospital for 12 months and I have not had to dial 999 at all. We saw the specialist two weeks ago and he could not believe how long he had gone without an hospital admittance. He told me that the only two things my husband can now get in hospital he would not get at home, is an IV drip and a secondary infection. Every time my husband has a breathing 'do', I put the medication the specialist prescribed, into his nebuliser and within a few minutes he has come round and is okay again. He has also emergency stand-by antibiotics. We have saved the NHS thousands by not calling for an ambulance and being admitted into hospital and saved my husband the trauma of being treated in A  and  E and then becoming more ill when he has to stay in.
</content>
</comment>
<comment>
<content>        
This case is about a baby that died due to contaminated food that came in from the manufacturer. I've not seen many people actually address this. Think about this, and the fact that a child is dead and a family in grief..very sad
</content>
</comment>
<comment>
<content>        
The headline at the top of this story is an excellent example of 'spin'. I noticed that the tory controlled Daily Telegraph had a similar headline: "15 Babies Poisoned by NHS Drips". This very misleading line is pushed purely to denigrate the NHS, which the tories and their media mouthpieces do at every opportunity, because they regard the NHS as a socialist institution which they have been trying to destroy for years. When you read the small print of the story, you get to see where the blame really lies, and a more truthfull headline would have been: "15 Babies Poisoned by Drips Supplied by Private Sector Drug Company ITH Pharma Ltd". But of course, that wouldn't fit the tories' political dogma, so the propagandists have to give it their political spin.
</content>
</comment>
<comment>
<content>        
This seems to be a breakdown of quality control at the manufacturing end therefore I would ask has their been any drop in the standards of inspection from whatever organisation is supposed do the Inspection and if Government cuts have affected the quality and quantity of the inspection.
</content>
</comment>
<comment>
<content>        
Sixty percent of NHS staff are not medically trained, leadng to lack of basic knowledge on hygiene. One in ten patients in NHS hospitals picks up a potentially deadly infection during their stay. A staggering 800,000 patients a year develop symptoms during their stay or shortly afterwards. Much of the spread can be put down to staff failing to wash their hands enough, while grubby wards, bathrooms and waiting areas increase the risk. Many of the victims are infected by MRSA, the drug resistant so-called superbug which causes the deaths of up to 5,000 people a year. Elderly and vulnerable patients, such as cancer sufferers, are most at risk.
</content>
</comment>
<comment>
<content>
Attached living quarters at some hospitals, where some emplyees come straight to work from in the clothes they wear in hospital, can not be sanitary. But thats how its done. Surely nurses and staff should change into their working outfits in the hospital. And if the curtains of these homes they live on are anything to go by, the places inside must not be that clever. They are 3rd world actually, yet I have never heard of this problem being aired in broadcasts or in the papers. Hypocritical Britain.
</content>
</comment>
<comment>       
<content>        
The solutions will have been produced by a commercial company - not by NHS staff. So comments about NHS cuts causing the problem are nonsense. It's tragic and should never happen. But contamination does occur at times. That's no comfort though to the families affected.
</content>
</comment>
<comment>
<content>
Whoa. Hold on a second!! Septicaemia is a blood borne virus. How the hell can this, or any part of it's secondary infection(s), even be a part of a drip given to a premature baby, let alone any other patient? For pete's sake, whatever next. Can you imagine if that were your baby? And what's going to happen. It'll take years and years for these grieving parents to get any justice for what's happened, and that's if they can face taking on what's becoming a joke in trusting the cleanliness or fidelity of any NHS institution or supplier.
</content>
</comment>
<comment>       
<content>        
If there weren't so many beds occupied by elderly immigrants who have never and will never pay a penny into the system, the NHS wouldn't be under the pressure that it is. Either pay privately for your medical care, or pay tax and NI for at least five years before you use the service. It isn't rocket science!
</content>
</comment>
<comment>
<content>
Wonder if Jermy Hunt will take responsibility, or blame it on the overstreched, under qualified,  and  under resourced NHS staff he is setting up for a fail to back his NHS privatision plans. Standard. If only the grief of those poor parents could move the callous nob in his nightly nightmares. Sickening
</content>
</comment>
<comment>       
<content>        
NHS isn't anything like it used to be. Soon as they put ,managers in charge and farmed out the cleaning to companies it went straight down the pan. When I worked for the NHS years ago, the wards were spotless and the staff trained. Dirty bathrooms dirty wards and dirty staff!
</content>
</comment>
<comment>
<content>
sadly, I cant say I'm shocked. I've been in wards where nurses have dropped IVs on the floor and then attempted to carry on regardless. It was the night shift..tired, bored, minimal supervision over unfit staff
It's scary how dangerous a few staff members of hospitals actually are, like they're working at burger king and really don't care if they mess up.
</content>
</comment>
<comment>       
<content>        
Statistically it seems that there are more deaths in hospitals through mistake and carelessness than there are fatalities on the highways so the message is obvious; if you are unwell then go for a long walk along the centre carriageway of the motorway; while this might not cure what ails you it sure will increase your chances of survival.
</content>
</comment>
<comment>
<content>
The nurses must be traumatised. They must sent on holiday at the taxpayer's expense during peak time to allow them to recover. This would be the decent thing to do; the approval of the indigenous population isn't needed as they don't possess a functional moral compass.
</content>
</comment>
<comment>       
<content>        
lets stop the timewasters who spend time in hospital as they like it in there , or the person who goes to hospital just to boost the benefit claim up . oh my legs hurt so i need a free car or a extra handout ,, get tough on the people who waste the money and start putting care first instead of target figures
</content>
</comment>
</comments>
