<doc id="Raw-Topic-20_09"> 
<news_source>
The Voice
</news_source>

<date>
June 5, 2014
</date>

<author_source>         
</author_source>

<headline>
Newborn Baby Dies Of Blood Poisoning From Contaminated Drip
</headline>

<text>
<p>
There are 14 other babies fighting for their lives in six separate hospitals
</p>
<p>
A NEWBORN baby has died and 14 others are fighting for their lives after they were infected by a contaminated batch of liquid food distributed to intensive care units across London and the south-east of England.
</p>
<p>
A public health alert was issued by health chiefs yesterday evening (June 4) after it emerged that all infections were caused by a drip used in neonatal intensive care units in six separate hospitals. The units had all received supplies from the same batch of liquid feed from a specialist company based in north-west London, ITH Pharma Limited.
</p>
<p>
Public Health England (PHE) and the Medicines and Healthcare Products Regulatory Agency (MHRA) have launched an investigation into an incident which occured last Thursday (May 29) at a London manufacturing plant owned by ITH Pharma Ltd affecting the liquid feed produced that day. The contamination is believed to have been accidental rather than any act of sabotage.
</p>
<p>
All neo-natal units in the UK have been alerted to the threat, and the contaminated product has been withdrawn.
</p>
<p>
In a statement, ITH Pharma's managing director, Karen Hamling, said: "The products in question, which are no longer in circulation, are made to order for individual patients on a daily basis, in response to bespoke orders from hospitals.
</p>
"We are co-operating fully with the MHRA in the investigation, and are doing everything we can to help them establish the facts in this case as quickly as possible."
<p>
The London-based company - founded by Adam Bloom and Karen Hamling, both trained pharmacists - is a specialist manufacturer of food given to babies through intravenous drips in intensive care units.
</p>
<p>
Yesterday, paediatric doctors said the contamination was every parents worst nightmare and that urgent action must be taken to improve the safety of processes to produce such nutrition.
</p>
<p>
Regulators said because the blood poisoning, caused by a common bacterium known as Bacillus cereus, develops quickly they were not anticipating further cases, although this could not be ruled out.
</p>
<p>
Bacillus cereus is a bacteria found widely in the environment in dust, soil and vegetation. Most surfaces would be likely to test positive for its presence.
</p>
<p>
Adam Finn, professor of paediatrics, University of Bristol, said: When a medicine makes patients sick, it is everyones worst nightmare.
</p>
<p>
"This contamination incident seems to have been detected quickly but, tragically, not quickly enough to save a life lost. Having stopped the outbreak, the next priority will be to understand how it came to happen and ensure it cannot recur.
</p>
</text>
</doc>
