<doc id="Raw-Topic-20_03"> 
<news_source>
 MailOnline
</news_source>

<date>
June 6,2014
</date>

<author_source>         
</author_source>

<headline>
Newborn who died from contaminated hospital drip was just nine days old it emerges as total number of babies seriously ill from the rogue batch has risen to 18
</headline>

<text>
<p>
A nine-day-old baby died after he was poisoned by the hospital feed drip that was supposed to help save his life
</p>
<p>
Yousef Al-Kharboush contracted a deadly bacterial infection from contaminated intravenous fluid on the neonatal intensive care unit at St Thomas Hospital in London.
</p>
<p>
The number of vulnerable babies made ill by the rogue batch of drips has risen to 18, with babies at nine hospitals throughout the country affected. The surviving babies are understood to be responding to treatment with antibiotics.
</p>
<p>
It emerged yesterday that the contaminated products supplied by London-based pharmaceutical firm ITH Pharma had been sent to a total of 22 hospitals.
</p>
<p>
Public health officials are conducting a major investigation into the devastating outbreak. ITH Pharma said there was no reason for patients or their families to be concerned because the limited number of batches that could have been affected had been recalled.
</p>
<p>
Southwark coroner Andrew Harris is treating Yousefs death on Sunday as unnatural. He will today hold a special pre-inquest hearing with the babys parents, Guys and St Thomas NHS Trust and ITH Pharma to decide whether a post-mortem examination is needed and what further steps he should take.
</p>
<p>
One new case was confirmed yesterday at Peterborough City Hospital in Cambridgeshire and two possible cases found at Southend University Hospital and Basildon University Hospital, both in Essex.
</p>
<p>
The source of contamination appears to have been traced to a sourced single raw material ingredient'from an outside supplier, according to ITH Pharma.
</p>
<p>
The Medicines and Healthcare products Regulatory Agency (MHRA) has launched an investigation and sent its inspectors into ITH Pharmas plant in Park Royal, north-west London. A spokesman for the safety watchdog said a possible sanction would be a temporary suspension of the manufacturers licence if the problem had not been remedied. A decision is expected in the next few days.
</p>
<p>
ITH Pharma managing director Karen Hamling, 48, who runs the company with her husband Adam Bloom, 41, said yesterday: As a mother, as a pharmacist, as someone who has worked for 30 years in healthcare, inside and outside the NHS, I am deeply saddened that one baby has died and others have fallen ill from septicaemia.
</p>
<p>
'As the managing director of ITH Pharma, I want to reassure you today that we are doing everything possible to help the regulators, the MHRA, to establish exactly what has happened in this case.
</p>
<p>
'We have instituted a recall of the limited number of batches which could potentially have been affected, and all stock has been removed from circulation.
</p>
<p>
'Given this action, there is no reason for patients, their families or healthcare professionals to be concerned.'
</p>
<p>
But a lawyer specialising in medical products yesterday called for all liquid feed products made by ITH Pharma to be taken out of circulation until the reasons for the outbreak had been established.
</p>
<p>
Michelle Victor, a partner in the product liability team at Leigh Day, said: While the investigation takes place these products should be withdrawn as the risks are too great. Chris Thorne, an expert on clinical negligence at Clarke Willmott solicitors, said the families involved may have grounds for a civil action.
</p>
<p>
He said: 'The simplistic approach would be to pursue the organisation which supplied the food if it is formally identified as the source of the bacterium which caused the illness.'
</p>
<p>
Health Secretary Jeremy Hunt, said yesterday there was 'a lot further to go in ensuring patient safety. The tragic blood poisoning of 18 children shows we can never take safety for granted. It also shows the importance of prompt and early identification of problems,' he added.
</p>
<p>
In total, 160 units of the suspected contaminated batch of feed were sent to 22 hospitals.
</p>
<p>
It was sent to ten hospitals across London C Chelsea and Westminster, Hillingdon, the Harley Street Clinic, Homerton, Kings College, the Portland, Royal Brompton, St Thomas, St Georges and the Whittington C and four in East Anglia: Addenbrookes in Cambridge, Basildon, Peterborough and Southend. Two affected hospitals in the West Midlands are Birmingham Heartlands and Russells Hall in Dudley, and the suspect batch was also sent to Lister Hospital in Stevenage, Luton and Dunstable Hospital, Chertseys Royal Sussex County and St Peters hospitals, Stoke Mandeville Hospital in Buckinghamshire and Alder Hey Children's Hospital in Liverpool.
</p>
<p>
Two children were given fluid from the contaminated batch at St Georges Hospital, London, and 16 at Alder Hey, without ill effects.
</p>
<p>
None were newborns. Bacillus cereus is a bacterium found in dust, soil and vegetation.
</p>
<p>
It produces very hardy spores which in the right conditions can grow and create a toxin which causes illness, and it is likely to be on most surfaces.
</p>
<p>
Stephen Forsythe, professor of microbiology at Nottingham Trent University, said: The babies would have virtually no immune system to protect them.
</p>
<p>
'This seems like a totally exceptional and unusual incident. However, unfortunately it has already had a tragic ending.'
</p>
</text>
</doc>
