<doc id="Raw-Topic-20_08"> 
<news_source>
Telegraph
</news_source>

<date>
June 5, 2014
</date>

<author_source>         
</author_source>

<headline>
More babies may be infected by potentially deadly drip, health bosses warn
</headline>

<text>
<p>
Senior health officials warned there may be more babies infected by the contaminated drip, which has been linked to the death of one infant and illness of 14 others.
</p>
<p>
Paul Cosford, director for health protection at Public Health England, said the liquid feed was by far the most likely cause of the infection and had been sent to 22 hospitals.
</p>
<p>
The health regulator has alerted every hospital across the country to ensure any further cases are quickly reported, Mr Cosford revealed.
</p>
<p>
"We have notified every hospital across the country so that if there are any cases we are not aware of, we will find out about them quickly," he said.
</p>
<p>
His colleague Deborah Turbitt, who oversees health protection in London, said: "We think we know all of the babies who have been affected at the moment.
</p>
<p>
"It is just possible that one or two babies have been infected and have been treated who have not been notified to us."
</p>
One baby has died while 14 others were left fighting for their lives with blood poisoning after being given the liquid feed in NHS neonatal care units at six different hospitals.
<p>
A public health alert was issued by health chiefs on Wednesday evening after it emerged all the newborns had been given a nutrition drip manufactured by London-based ITH Pharma Ltd.
</p>
<p>
Medical regulators are investigating an incident which occurred last Thursday at the companys London manufacturing plant.
</p>
<p>
The contamination is believed to have been accidental rather than any act of sabotage.
</p>
<p>
Speaking to BBC Radio 4s Today programme, Mr Cosford said: This looks as if it is the most likely cause of these infections. There's two reasons for that.
</p>
<p>
"One is that the manufacturer, with the regulator, has looked back at the process and identified a possible point in the manufacturing process where infection may have entered towards the end of last week.
</p>
<p>
"The second point is that all the cases of this infection that we have so far, the dates of onset of that infection would fit with them having been the recipient of this particular feed that may have been contaminated."
</p>
<p>
All of the feeds which could be contaminated have since been recalled and regulators stressed that it was unlikely any were still in use as the batch has passed its use-by date.
</p>
<p>
"We know there are 22 hospitals across the country which received this product," he said. "We also know that that product is no longer being used, it's a very short-life product. The regulator has put out an urgent recall to make sure that there isn't any of it being used."
</p>
<p>
Paediatric doctors on Wednesday said the contamination was every parents worst nightmare and that urgent action must be taken to improve the safety of processes to produce such nutrition.
</p>
<p>
The blood poisoning, caused by a common bacterium known as Bacillus cereus, develops quickly so any as yet undetected cases are expected emerge very soon.
</p>
<p>
The 15 babies were being treated in six neonatal intensive care units and many had been born prematurely.
</p>
<p>
The newborn died on Sunday at Guys and St Thomas Hospital, which is treating two other cases. Adam Finn, professor of paediatrics, University of Bristol, said: When a medicine makes patients sick, it is everyones worst nightmare.
</p>
<p>
"This contamination incident seems to have been detected quickly but, tragically, not quickly enough to save a life lost. Having stopped the outbreak, the next priority will be to understand how it came to happen and ensure it cannot recur.
</p>
<p>
The newborns, most of whom were premature, were being fed through a tube into their bloodstream because they were too poorly to be mouth fed.
</p>
<p>
Public Health England (PHE) and the Medicines and Healthcare Products Regulatory Agency (MHRA) are investigating.
</p>
<p>
The first case appeared at Chelsea and Westminster hospital on Saturday and then other London hospitals began to see cases over the weekend. It was thought to have been caused by infected bedding or similar products used locally until cases began appearing elsewhere on Monday and Tuesday.
</p>
<p>
The final cases at Luton were diagnosed early on Wednesday and investigations soon identified the feed as the likely cause, a spokesman for Public Health England said.
</p>
<p>
An incident at the manufacturing plant is thought to have been the source of accidental contamination and inspectors will visit the plant run by ITH Pharma Ltd.
</p>
<p>
The company, based in London, was founded by Adam Bloom and Karen Hamling, both trained pharmacists.
</p>
<p>
Late on Wednesday Ms Hamling issued a statement through lawyers saying ITH Pharma was "very saddened to hear about the death of a baby in hospital, and that 14 others are ill with septicaemia".
</p>
<p>
"ITH Pharma is a specialist manufacturer of parenteral nutrition, which is given to babies in neo-natal intensive care units. The products in question, which are no longer in circulation, are made to order for individual patients on a daily basis, in response to bespoke orders from hospitals.
</p>
<p>
"We are co-operating fully with the MHRA in the investigation, and are doing everything we can to help them establish the facts in this case as quickly as possible."
</p>
<p>
Speaking on Good Morning Britain, Ms Turbitt, London Deputy Director of Health Protection for Public Health England, said: "We are fairly confident in talking with the company that manufactured the product that there was a single incident that happened on a single day to a limited number of products that went out to babies.
</p>
<p>
"This company has made products for years and years and years and there has not been a single incident like this.
</p>
<p>
"They have got very good processes to ensure that the product that goes out is sterile and is safe. It is a very unusual incident and we haven't seen any other babies become ill.
</p>
<p>
Bacillus cereus is a bacteria found widely in the environment in dust, soil and vegetation. Most surfaces would be likely to test positive for its presence.
</p>
<p>
Adam Burgess, the MHRAs manager of the Defective Medicines Reporting Centre, said: We have sent inspectors to the manufacturers facility to carry out a detailed and rigorous inspection and we have ensured that the potentially affected medicine is recalled.
</p>
<p>
A spokesman for Guys and St Thomass Trust said: All babies on the unit are being screened for the bacterium as a precaution and enhanced infection control measures have been put in place to prevent any further cases. These enhanced measures will remain in place until the trust is satisfied that no other babies are at risk.
</p>
<p>
Hospitals with cases
Chelsea and Westminster NHS Trust (4 cases)
Guys and St Thomas NHS Foundation T rust (3 cases)
The Whittington Hospital (1 case)
Brighton and Sussex University Hospitals NHS Trust (3 cases)
CUH Addenbrookes (Cambridge University Hospitals) (2 cases)
Luton and Dunstable University Hospital (2 cases)
</p>
</text>
</doc>
