<comments>
<topic id = "Raw-Topic-1" category = "3" />
<doc id="Raw-Topic-1_08" />
<comment>       
<content>        
This guy created a hit game app and used an ad revenue based model to release it.

Supposedly it is generating $50K / day in ad revenue with 50M downloads. That's $18M / yr if he can keep up the hype. But that's the problem. The hype probably won't stick. It's a very, very simple game (my high score is 9).

My guess is that he is pulling it and will re-release it at $1.99. To monetize up front, before the hype wears off. Just a guess. Good for him.
</content>
</comment>
<comment>
<content>
I agree. I thing that switching from free to $1.99 creates an.... I'm not paying for that when I could have had it free attitude.

Where pulling creates a.. bring back Flappy Birds / Free Publicity / sure I'll pay $2 for the game App everybody is talking about.
</content>
</comment>
<comment>       
<content>        
Nintendo already confirmed (to the WSJ, no less) that they had nothing to do with it and weren't btoehred by it: http://blogs.wsj.com/digits/2014/02/10/no-complaints-about-flappy-bird-nintendo-says/

The fact that the pipes in Flappy bird look those in Super Mario doesn't make it worth suing over. The game mechanic is different and a copyright suit would not have been worth Nintendo's while because the resemblance was superficial int eh extreme. As usual, you are talking out of your fundament. You really should try doing some fact-checking.
</content>
</comment>
<comment>
<content>
Shouldn't part of having good character be the ability to stay true to ones core values while making tons of money selling something that brings people joy without harming them?

All this showed me is that the guy is weak. There are developers that would kill for this kind of notoriety and sales. All he had to do was ignore the hype and cash his checks.
</content>
</comment>
<comment>       
<content>        
Weinstock,

Harming people? Have you lost your mind? It's a fracking video game on a phone! We're not talking about people wearing adult diapers and spending $5K so that they can play an online game. It's a bird on screen flying up and down. Get over yourself.
</content>
</comment>
<comment>
<content>
"It was just too addictive," Mr. Dong said. He says he didn't intend for people to play the game for hours at a time, as many gamers appear to have done.

"That was the main negative. So I decided to take it down," he said.
</content>
</comment>
<comment>       
<content>        
You've posted that he stole copyrighted material and that Apple forced him to take down the app because of that. You're also the only person who has claimed this.
</content>
</comment>
<comment>
<content>
"He was concerned that he was harming people."

I'm sorry Mayor Bloomberg, I withdraw my complaint. Here, take my Super Big Gulp.
</content>
</comment>
<comment>       
<content>        
No, not true character and virtue. 

How would you like it if you were part of the Vietnamese Communist elite in Hanoi and you were seeing some local kid make $50K/day ($18million/year) for "three days work"? 

That makes it very difficult to sell your "we are all equal" Communist message to the rest of the country and jeopardizes your fame and wealth derived from the Viet COmmunist party. 

SO when the kid says he wants to get back to his regular life, I think he means it. He wants to get back to a life where his family, friends and he are no longer harassed by the Viet Communist Party.
</content>
</comment>
<comment>
<content>
One of the first "smart bombs" had a pigeon inside it. It pecked at a little table that actuated control surfaces that kept the target in the center of the pipper. 

How apropos.
</content>
</comment>
<comment>       
<content>        
50K a day in ad revenue meant that he made over a years salary in a day. 

Not everyone wants to be mega-rich, and he's made more than enough to live comfortably. 
So yeah, its a smart marketing move. He's establishing a brand and if you think about it... by limiting the time you have to purchase the game, it will increase the number of downloads and he will probably make more money from his future work. Sort of exclusivity.
</content>
</comment>
<comment>
<content>
Yep. I'm sure Rovio wish they had taken down Angry Birs when the "pressure" got to be to much for them. I'm sure all the people hired on the wings of those littl birds and those dastardly little piggies wish the creators had never let that thing get so big. SMH.

Is this the WSJ.com or MoneyIsEvilMonthly.com?
</content>
</comment>
<comment>       
<content>        
In subsequent tweets he explained that he doesn't want to get tuck maintaining this game forever, but keep designing better ones. You know his next one is going to get plenty of interest.
</content>
</comment>
<comment>
<content>
You keep spouting this BS, but he was not forced to take it down by anyone. He announced its removal a day ahead of time, and Nintendo have confirmed they had no objection to it: http://blogs.wsj.com/digits/2014/02/10/no-complaints-about-flappy-bird-nintendo-says/
</content>
</comment>
<comment>       
<content>        
Eddy Robinson wrote:
"You know his next one is going to get plenty of interest."
-----
No it won't. It is very difficult to repeat this kind of success. It is much more likely that he'll be forgotten as a one-hit-wonder (way better than a no-hit-wonder), and the checks will stop coming.
</content>
</comment>
<comment>
<content>
"In subsequent tweets he explained that he doesn't want to get tuck maintaining this game forever"

Who's forcing him to maintain it at all? Cash the checks until they stop coming. There is no law that says he has to maintain the game. He can let bugs build up and have it wither on the vine and never touch it again. Cash his checks and move on. This is a bunch of BS.
</content>
</comment>
<comment>       
<content>        
I think this must be some kind of experiment being done by the media on its readers. Has anyone here seen the game? 

The 1.5 second clip in the video on the front page basically is the entire game. 

It is the worst game I have ever seen. This must be some kind of joke. It's not even April 1 yet.
</content>
</comment>
<comment>
<content>
So naive -.-
The people posting not the developer. The game is addicting as most games tend to be. Not denying it was not fun as well but it was a mix of the same games that have been out before this was released. Just look in your google play store or apple app store. It is based off the old helicopter game where you descend and ascend though random obstacles . Except this one had a nice spin of tapping your phone and random intervals of ascending making the game easily 10x more difficult.

The real reason it was most probably taken off? Look at the theme..the sound. He used a Mario theme skin along with the sound even when you got a point. Most people who quickly got a brief view mistaken it for Mario. He probably is going through legal issues with Nintendo even though he will not say it is . Hate to burst your bubble guys.
</content>
</comment>
<comment>       
<content>        
I don't understand people's obsession with simple, phone-based games. Yes, those games can be colorful, entertaining, and, perhaps most alluring, free, but those games lack any depth and sophistication. Ultimately, the repetitive game play prevents it from having any lasting value. 

I admit, I think very lowly of people who can spend extensive amounts of time on things like Angry Birds, Fruit Ninja, or what have you. If you have hours of time to waste on something, you might as well devote it to something emotionally and intellectually fulfilling.
</content>
</comment>
<comment>
<content>
Well this guy is a saint! He cares whether people are spending too much time playing the game and I guess is willing to sacrifice his personal income to that end. Good parents.
</content>
</comment>
<comment>       
<content>        
Good parents? Looks like Thomas Gordon hates capitalism. Since when is it his responsibility whether or not people spend "too much time" on his game? Last I checked, that was my responsibility as a parent or my own responsibility as an adult to manage my time wisely. 

If this is your thinking, why not pressure the fast food folks to only serve water, fruit and wholesome meals? Take your nanny state BS and shove it.
</content>
</comment>
<comment>
<content>
Kurt, there are few people who advocate capitalism more than I do. I am all into personal responsiblity but I do worry that video games/apps/internet games prey on addictive personalities (in a free market environment, so be it). I would not pass a law saying this guy has to withdraw his app but I could admire him personally for noticing that it was addictive and taking some action.
</content>
</comment>
<comment>       
<content>        
some people like being able to live without employing cognitive dissonance.

those who can, power to you, for those of us who can't (and know eventually it'll come crashing down for us), we'd rather opt to do these sorts of things.
</content>
</comment>
<comment>
<content>
@luan I just read news that a malicious Flappy Birds application is available on different Android platforms and frequently downloaded by users unaware of the fact that the app is malware embeded. Read this here http://goo.gl/GbzWMF
</content>
</comment>
<comment>       
<content>        
The gentleman's name is Nguy?n H ng in Vietnamese order (with Family name first, Given Personal name last). So "Dong Nguyen" has already been switched into English order of Given Personal name first and Family name last. So he's not "Mr. Dong," he's "Mr. Nguyen." "Nguyen" is a very common Vietnamese family name. Probably the single most common. "Dong" is not. (There is a family name ?ng but that's not this gentleman's.)
</content>
</comment>
<comment>
<content>
Kudos to him. I don't have to worry about creating anything on this kind of scale and wondering about its impact on my fellow man, but I am glad he has a conscience to wonder about whether what he created was good or not. 

Think of how much better off the world would be if every creator stopped to ponder the true impact of their creation? It isn't just about making money or getting famous. All of us will stand before our Creator on Judgment Day and have to look at the impact we had. Mr. Nguyen clearly didn't want this on his resume.
</content>
</comment>
<comment>       
<content>        
Kudos to him? This is baloney. You would have to be really naive to believe a developer would pull a game because they think its "too addictive" or that "its not just about money". Something else is going on, as this article points to. 

http://www.bluecloudsolutions.com/blog/flappy-birds-smoke-mirrors-scamming-app-store/
</content>
</comment>
<comment>
<content>
thanks for bringing this to our attention.
i wanted to believe that it was legitimate, but the sudden press and numbers did make me a little wary.

since he was young, i opted to believe him. after that link, not so much.
</content>
</comment>
<comment>
<content>
There is no physical addiction to this game and a mental addiction can be formed with anything a person with a weak mind finds an attachment to.

Weak minded people deserve the Hell they live in and I hope they suffer every single day until they die a painful gruesome death.
</content>
</comment>
<comment>
<content>
I am Vietnamese American and have been to Vietnam couple times. The official over in Vietnam are corrupt as he11. I have to give them $10 just to pass the airport gate. The communist officials drive BMW, Lexus, Mercedes while the people are dirt poor and homeless. 

Vietname and North Korea are in the same communist boat. I bet you that the developer pull the game cause the communist officials see how much money he make and want a piece of a pie. And wont leave him alone until he do. Remember $100 is the average monthly salary in Vietnam. 

This is such a shame. Flappy bird can be a franchise like Angry Bird and could bring in hundreds million dollars. This is a reason why Vietnam is never going anywhere unless the corrupt communist officials are remove.
</content>
</comment>
</comments>
