<comments>
<topic id = "Raw-Topic-1" category = "3" />
<doc id="Raw-Topic-1_04" />
<comment>       
<content>        
flapping hell , i had the game, it was terrible... no regrets for deleting the game... It doesn't make any sense for someone to buy a terrible game for couple 1000..
</content>
</comment>
<comment>
<content>
There are so many copies in the world it is hardly going to be worth a fortune anytime in the next millennia. So unless people are complete morons, this has to be a wind up.........surely?
</content>
</comment>
<comment>       
<content>        
...it's actually quite funny to see how naive people are being. Just go into e-bay and view the mugs who are now selling their phones and advertising the fact that flappy bird is installed. Some of the prices being asked are ridiculous and all with 0 bids. Interestingly, the bulk of people are Apple users as well it would seem. Says a lot!
</content>
</comment>
<comment>
<content>
"Flapp bird is STILL ON the play store, i just downloaded it today."

I'd be careful with that one...another popular UK news site is suggesting there are "scam clones" around now on the aforementioned store...
</content>
</comment>
<comment>       
<content>        
I don't see what all the fuss was about with this game. It looks really naff and looks like it came from the 80's. In fact there were some better looking games than this back then. 
Also if the creator of this game didn't want the money he made from this game there are many worthy charities out there.
</content>
</comment>
<comment>
<content>
wow this story is still up, spoiler alert, this is a scam, there is no way when millions of devices still have this game on would it fetch such prices of a 'rare' luxury item, I have it on my phone, I have it on my daughters tablet, I did a test bid and got zero offers on my 1000 reserve, do your research Sky, it was with 24 hours of the game taken down, it will be back up in about a week once the marketing machine has finished doing its job and using the media to promote this game, of which is only on my phone for said daughter, It is extremely limited appeal and even limited edition rare games dont fetch the suggested prices let alone a flash game app that can be knocked together in 10 minutes by any bedroom coder with a basic understanding of building a game. Stop falling for the hype, its one thing for my daughter to want to play a game because of hype but I think people have gone a bit silly, especially believing ebay scams, follow the money, it all leads back to the dev and its the dev buying his own items to help promote interest in the game.
</content>
</comment>
<comment>       
<content>        
I cant believe flappy birds has gone. I dont know what to do. My whole life is ruined. I am willing to pay up to 5,000,00 for a copy of this game. I only played it once. omg I cant believe its gone. RIP flappy birds... pls come back
</content>
</comment>
<comment>
<content>
Flapp bird is STILL ON the play store, i just downloaded it today. Dont understand why sky new is reporting it has been removed. Did they even check? Anyway i persoanlly think its all a publicity stunt from the creator for more advertising, its a stupid but cleaver thing to do really, a bit like a one direction member standing on a balcony lol
</content>
</comment>
<comment>       
<content>        
Or maybe it's just a good free publicity stunt.

These apps spread by word of mouth and last a few months until something else becomes popular. The developer stated that he was making a lot from advertising and still removed it from the App Store. Within in days it has now become national news and what's stopping him from re launching it In a few days time and have lots more advertisers clambering to advertise on it?

As for the people selling there phones on ebay etc, the people who do buy them will feel like an idiot if it does get re launched!
</content>
</comment>
<comment>
<content>
Hopefully someone was actually stupid enough to pay that money. You can download it for free on torrents sites. Look for the .apk file for Android or the .ipa file for Os.
</content>
</comment>
<comment>       
<content>        
I have flappybird on my phone - Does that mean I can sell it? Form an ordely queue ladies and gentlemen.

I don't understand this, the app was free, practically everyone I knew had it downloaded, it didn't disappear off phones when it was taken down, why are people bidding? Someone explain...
</content>
</comment>
<comment>
<content>
My son and Daughter both have that game on there mobiles and both have refused to sell them despite there friends offering ridiculous amounts of money.

Presents really do mean something these days, certainly not for profit.
</content>
</comment>
</comments>
