<comments>
<topic id = "Raw-Topic-1" category = "3" />
<doc id="Raw-Topic-1_02" />
<comment>       
<content>        
maybe, but nintendo would not have been quite about it. I do believe him when he says its not for legal reasons. I think he was prob a recluse who was getting too much attention.
</content>
</comment>
<comment>
<content>
As big as this game has gotten recently it's very unlikely that we wouldn't have heard about it. It's just gotten to be too popular to think that nobody would have released a statement about it.
</content>
</comment>
<comment>       
<content>        
A lawsuit, in this case Nintendo can argue the sewer design, level design and character design. But you never file when there's no money on the plate. In this case Nguyen just happen to end the game for whatever known reason, if he continued, then I'm sure with the sensation the product was receiving the money would have started flowing in. Being that Nintendo is currently financially suffering, I'm sure their lawyers would have brought it up, IMO.
</content>
</comment>
<comment>
<content>
I don't believe him. Even if Nintendo hadn't said anything, I think someone may have advised him that unless he wants to go broke in court and lose all the money he's made already, it's probably a better idea to take what he's gotten and run with it. The artwork is very similar... I'm almost thinking that he took it straight from Mario Bros., which would explain his hasty decision after getting so much attention.
</content>
</comment>
<comment>       
<content>        
The game came out Nov of last year. Also it is a free app, yes with advertising, but believe me. I have a few apps on the store and my k-1 form last for 2013....3 dollars and if it had 600k downloads It would prob stand around 1200 dollars. Not really a fortune.
</content>
</comment>
<comment>
<content>
A point; there was 50 million downloads, so by your math of 600K @ $1,200, provided it increased linearly, it is objectively at least 50K (50 million is greater than 50 times 600,000); the actual amount, linearly, is 100K. So 50K sounds realistic based on your estimate.

Also to the others, the video clearly states that it was not legal, and Nintendo responded specifically and said there was absolutely no request made to take the game down (nor legal pursuits).

It is likely because he felt it took too much time away from people's life and he felt bad about that. Looking around, actually this seems to be his actual explanation; that he intended this to be something that people play for a few minutes in down time, but it appears people are playing it for hours. This sounds like a legitimate concern of a programmer to be quite frank, but maybe it's confirmation bias on my part because it's how I think (one of my first design questions is "How do I keep people AWAY from the computer, but give an effective product?"). His sentiments seem in-line to what most programmers I know would think; it's personally why I actually hate having that skill-set because people overuse / abuse technology.

By comparison, if one wanted to ask, "Okay, why don't other top games do this?"; some do, and the ones that don't (e.g. Angry Birds) tend to be actual house games (owned by several people). Individual programmers TEND (not all) to be sensitive to these ethical issues; take for example the difference between Steve Wozniak and Steve Jobs; Wozniak is the guy who actually did the leg work, Jobs was the hype man. Wozniak certainly lives comfortable, but he under no delusion lives large. That's typical. Another example of our typical mindset (it's not reflective of all, but it is a typical mindset) is the Perl virtues:

Laziness
The quality that makes you go to great effort to reduce overall energy expenditure. It makes you write labor-saving programs that other people will find useful, and document what you wrote so you don't have to answer so many questions about it. Hence, the first great virtue of a programmer. Also hence, this book. See also impatience and hubris. (p.609)

Impatience
The anger you feel when the computer is being lazy. This makes you write programs that don't just react to your needs, but actually anticipate them. Or at least pretend to. Hence, the second great virtue of a programmer. See also laziness and hubris. (p.608)

Hubris
Excessive pride, the sort of thing Zeus zaps you for. Also the quality that makes you write (and maintain) programs that other people won't want to say bad things about. Hence, the third great virtue of a programmer. See also laziness and impatience. (p.607)

This should help highlight that programmers have a tendency to think completely inverse to what is socially expected in a capital-oriented country (Vietnam's government is "communist", but it's market is capitalist; similar to how America's government is a "representative republic" [it's not actually a pure democracy; we elect people that represent our wishes or what we would vote for, an actual democracy would have us vote on all individual issues; the problem is similar to the problem of communism, that what sounds great on paper does not reflect how it's actually utilized, as most of our representative government do not actually vote on issues we want them to, and they tend to serve their own interests], but our market is capitalist); there is a tendency to act out of accordance of what you would expect a typical business or person would do. But again, that doesn't reflect all programmers and I'm sure there is some confirmation bias in my observation.

Beyond that, it appears another point the developer made is that it's taken too much time away from his life and it's actually hurt his mental well being. One likely circumstance of this is well, attention from people; if you ever landed on a large sum of cash, you'd find that everyone you knew in your life that abandoned you prior to this somehow know not only where you live, but your phone number; and most of them want something or to hang out. I heard this many times when I was younger, but I can tell you it's surprisingly accurate from experience. That's an intense emotional weight, especially on people who tend to be introverted; also, this is a generalization and maybe stereotypical, but we tend to have neuro-biological disorders (depression, obsessive-compulsive disorder, anal-retentiveness, autism, social anxiety disorder, et cetera), so we may be hypersensitive to these things as well, which compounds the weight even more. And I'll state I use the word "disorder" as a normative attribute and with no negative connation; meaning that it's only a disorder as far as one defines what is "normal" in a medical environment. As far as it being "bad", that's subjective and yet more, it's harder to find someone who doesn't have a chemical imbalance than a person who is in perfect health (so how is it really "normal" to be "healthy", when the majority of people are "sick" one may question).
</content>
</comment>
<comment>       
<content>        
Sigh. It says it right in the video, plus a lot of other things like the fact that Nintendo denied any suggestion that they ever contacted him in regards to the legal concerns. The guy in the video actually emphasizes the point in the video by slowly saying million; I wish I was exaggerating, he utilizes a full second between 0:52 to 0:53 to say that single word. I don't know how much more clear it can be where I got that number from.

He is interviewed on another site; the reason why he took it down is because of the following:

a) it has drained him emotionally and physically (long nights);
b) he doesn't want to deal with the stress of it; and
c) he intended the game to be something people use for a few minutes, but apparently he said it was addictive for people and they used it for hours and this bothered him.

A secondary point I didn't touch on in my original post, but I'll note now:

Even if Vietnam is a free market, it is also a very different culture. There is a strong sense of responsibility in traditional families (I can't speculate if he is traditional though; but I'm only offering alternative rationale to support why he may feel the way he does), and if he felt that he harmed his family's name (or caused too much attention for them), he may have felt pressure to remove the game as a result of that as well. So not only as a programmer may he be at odds with how people typically think, he is likely very asymmetrical to how an American would expect someone to act (as far as cultural expectations go).

I find it strikingly alarming that so many people expect the worst or suggest ill of him, and can't just take his words at face value. I never played the game, didn't know about it until now, but I find this strange: I've never played the game and I'm defending him, yet the people who actually benefited from his artwork are attacking him? That genuinely bothers me at the core as programming is my "professional" trade-skill; if I ever found out my user base acted like this, it would destroy me personally. A lot of you should feel ashamed of yourselves about the way you're acting.

I apologize for my brutality, but there is no polite way to put it (as much as I would like there to be).
</content>
</comment>
<comment>
<content>
The art in Super Mario Bros should still be under copyright, including the pipes. The pipes were used on other title's cover-art for The Super Mario series and therefore would still be protected I believe.
</content>
</comment>
<comment>       
<content>        
So he could have made purple pipes. Or other things. It's about getting there first, regardless, and then acting like Daffy Duck or any given toddler and screaming "MINE! MINE! MINE!"

But the creators of the art and sounds have a point as well - if you actually worked for a living, in that field, you probably wouldn't be keen on theft... or would you be? Still, plenty of accusations and counter-accusations everywhere. It's all good.
</content>
</comment>
<comment>
<content>
not all countries have america's seemingly never-ending copyright terms. we are talking about a game thats almost 30 years old. many countries use 28 years (the original US term, before the expansions in the 1960's).
</content>
</comment>
<comment>       
<content>        
most likely the rumored $50,000 in ad revenues is all bogus and in reality google accused the developer of running up ad revenue so refused to pay plus threatened to close the full account if the game wasnt pulled due to the "programmed ad generation bot"....
</content>
</comment>
<comment>
<content>
He's in Vietnam... legal paper from Nintendo will simply be ignore. A more likely issue could be harassment from the local government for believing that he's making a large sum of money.
</content>
</comment>
<comment>       
<content>        
http://www.noip.gov.Vn/web/noip/home/en

Vietnam is not so different than other nations in wanting to charge fees for companies to keep their intellectual capital. If Vietnam did not offer legal repercussions for infringement, then their exports and manufacturing for foreign companies would be jeopardized.

Your scenario is perfectly plausible, as well.
</content>
</comment>
<comment>
<content>
If you believe everything you read coming from the Vietnamese communist government, you are naive. They will offer anything and everything but will turn on you in a second if it shows any signs of disadvantage. Believe me, I am a Vietnamese who now is an American citizen. My sister who traveled to VietNam 2 months ago had to bribe the guy at the airport $20 to bring in an iPhone 5s just because it's still in a box, although it's 1 of the 2 allowed (yes, they only allow you to bring in 2 cell phones for personal use... of course, for non-Vietnamese, it's different).
They told my father that they were taking him away for 10 DAYS to re-educate him after we lost the war. They put him in labor camp for 13 YEARS. Why do you think millions and millions of Vietnamese risked their life escaping?
So go ahead and believe what you will. I agree with Phong. The minute you show that you're making large sum of money. The government will come in to "claim" some (most likely more than half) of it as theirs. Now, if you have enough to buy enough people in the government there, that becomes a different issue. Just because they smile and shake your hand, don't think there is a code of honor there.
If I live in VietNam without "proper connections" and make that much money, I would be scared for my life too. You have rights, but your rights must suite them; if not, their "rights" will supersede yours.
</content>
</comment>
<comment>       
<content>        
He's selling in a market that is required to comply with trademark and copyright laws, so no, it wouldn't simply be ignored. If someone wanted to go after Apple, they could, and I'm sure that Apple wouldn't really have any problem figuring out where he holds his money since they are paying him.
</content>
</comment>
<comment>
<content>
So is China market... ton of counterfeit products there, legal paper is simply ignore. The local government will only act if there is large sum of money involve and or when it become a major political issue.
I've live there + seen it.
</content>
</comment>
<comment>       
<content>        
But seriously, why should "gamers" care about these stereotypes? Most people I've met that play video games with any regularity are normal people, the neckbeards and fedoras are few and far between.
</content>
</comment>
<comment>
<content>
your comment about gammers is wrong about 15% of all gamers are 40 year olds living in there parents basement i am a gamer and im only 15 and play games a gamer can be clasified to a person that plays a avrage of 30 mins of games on any device no mater what game.
</content>
</comment>
<comment>       
<content>        
No, I'm saying your argument that poor grammar skills exhibited by 40 year olds does not disprove a video games:illiteracy connection, because 40 year olds grew up with video games. Facepalm
</content>
</comment>
<comment>
<content>
What the hell?! The olympics would've been cancelled if it wasn't for the fact russia spent extraordinary amounts of money to zone the entire area off with military forces.

How is that and one lone game dev receiving death threats even slightly comparable?
</content>
</comment>
<comment>       
<content>        
Yeah, the "first, original" games. Since then, it's all been iteration and progressive enhancement over the same concepts.

Because Call of Duty is pretty much a complete copy of GoldenEye 007 for the N64, amirite? Just trying to play off that game's mass1v3 success. What a joke!
</content>
</comment>
<comment>
<content>
It's all about the dollar bills.....after he realized just how popular it had become he pulled it and now wants to sell it, and there's nothing wrong with that, we all want money and the things that come with it, so I wish him luck.
</content>
</comment>
<comment>       
<content>        
You're not the CEO of Nintendo are you? I mean, if you made something and someone else stole it and profiteered from that would you be happy?

Don't say "yes" because you likely won't be telling the truth.
</content>
</comment>
<comment>
<content>
Maybe I am the CEO of Nintendo! I mean that guy is doing such a great job right now. Also the only they flappy bird stole was some art. Not saying that is ok. But he did not steal any concepts, no one is going to mistake flappy bird for Mario Brothers, or even a Nintendo game.
</content>
</comment>
<comment>       
<content>        
It's because the gamer community has some vile and hateful individuals who don't know how to react like normal people. Lobbing threats of death and violence over a kiddy game is not normal.

The creator should have just ignored these weird people and kept on going. Last I heard he was making $50,000 a day from the ad revenue.
</content>
</comment>
<comment>
<content>
yes you can copyright a green pipe with a certain looking lip in a gradient close to what he had where the pipes have same thickness and depth and shading.

IF his Pipes had a a different color, Different width, Lip and Texture this would be ok, but its not..

Gradient is slightly different, but not enough
</content>
</comment>
<comment>       
<content>        
I didn't know that Nintendo owned the patent to the 8-bit graphics style?

Sounds like they're trying to pull an Apple.

Keep it up Nintendo and I'll stop buying your stuff like I did with Apple.
</content>
</comment>
<comment>
<content>
I'm not the only one, notice how Apple is losing market share in every segment that it USED TO dominate?

Even China Mobile couldn't save Apple.

The only thing that's saving Apple now is copying Android features, like the pull down shade and all the components inside it.

Before you know it, Apple will be following the trend of large screen phones created by Android.
</content>
</comment>
<comment>       
<content>        
Umm, I'm about as far as you can get from being an apple fanboi but their quarters have been plenty profitable for years. Since 2011 their *lowest* quarterly profit has been over six billion dollars. The last quarter they did not report some profit was in 2003, so not sure where you get "gaps between profitable quarters.:"
</content>
</comment>
<comment>
<content>
If you lived in Vietnam, where people aren't exactly rich, then people start finding out that you have money, do you think you (and your family) could continue living the life that you were living before, in the place you were living before and remain safe? Not everybody is addicted to wealth or the idea of it. Some people like simple lives where they can pay their bills and not worry about anything other than doing what they enjoy. Maybe it's just that simple.
</content>
</comment>
<comment>       
<content>        
He was making a whole lot more than that. Either way, Nintendo has a reputation for going for the throat behind the scenes if someone infringes on their IP rights and trademarks. It makes sense that they would have sent him at the least a C and D as a couple of assets look almost directly ripped out of a Mario game.
I think the reason this "game" became so popular is obvious. People are clamoring for the quality that Nintendo is known for on their mobile devices. Anything that even remotely reminds them of a Nintendo title seems to gain enormous popularity even if the base game is a shallow experience. Lots of people want more quality and depth out of their mobile games. Instead they get nothing but bare bones clones of other successful games with nothing more than new paint jobs. It's one of the primary reasons I'm not a mobile gamer outside of a couple of select titles...
</content>
</comment>
<comment>
<content>
Actually, non-gamers and casual gamers love a simple game with simple mechanics that anyone can pick up and get addicted to. That's why games like Angry Birds, Bejeweled, and certain tower defense games soar to the top of charts. Games like COD don't impress casual gamers because casual gamers simply don't have the time or interest to sit around learning mechanics, how to perform maneuvers, and building XP only to be quickly done in by kids, (young and old alike), with gobs of free time to hone their skills and unapologetic hackers.
</content>
</comment>
<comment>       
<content>        
That would be a really interesting case. Floppy Bird uses the pipes in a different way. I wonder if Nintendo can claim proprietary rights to pipes that look like pipes. I'm sure they control the ability to drop down into them to go to other worlds, but I wonder if they can claim control over just pipes? Or maybe green pipes?
</content>
</comment>
<comment>
<content>
There is clumsy bird for htc users.. We also had flappy, but clumsy is the same, he looks more like a bird and he fly's through tree logs. I did prefer flappy because believe it or not, flappy is easier than clumsy bird!
</content>
</comment>
<comment>       
<content>        
The guy was on reddit over the weekend. He basically said that the enormous volume of criticism (the game was simplistic, stupid, or whatever else he was reading) was just too hard to take. Like a lot of programmers, praise has a marginal affect on him, but criticism is gut wrenching.
</content>
</comment>
<comment>
<content>
After living in Vietnam for nearly 2 years, I would guess that his sudden success and financial gains are too much risk and stress. When someone is making 50,000 dollars per day, everyone wants a piece. It's like the people who win the lottery but say their lives were ruined by selfish people and thieves wanting to mooch off of the wealth. Vietnam is not exactly a safe place for normal people. let alone the suddenly super rich. I wish the guy luck.
</content>
</comment>
<comment>       
<content>        
"Hundreds of phones with "Flappy Bird" installed have suddenly appeared for sale on eBay at prices up to $15,000."

selling a phone app for 15,000 relies on there being at least one other person as dumb as you
</content>
</comment>
<comment>
<content>
This guy is definitely full of it. No one just stops an extremely successful "business" without a reason. A reason such as selling it to another person so the resource and upkeep isn't required. To just stop downloads AND not sell it doesn't add up. More than likely he probably received a letter from nintendo and rather than humiliating himself, he just did what they asked which was take it down.
</content>
</comment>
<comment>       
<content>        
Nguyen never expected for the game to become so successful, especially seeing downloads and plays of the game explode in the past couple weeks. I presume he was just too overwhelmed with it and I also heard he got a lot of hate mail and threats from people who were angry that they couldn't get far in the game (I never played it myself). Success can often come with a price.
</content>
</comment>
<comment>
<content>
I'm sure the real reason that he's pulling the game is because he knows he infringed on others copyrights and never expected the game to become popular enough for anyone to care.
</content>
</comment>
<comment>       
<content>        
Well aren't you a ray of sunshine? So what if he said the same thing other people have said, it's not like that's particularly outrageous... Don't read the comments if you don't want to see a bunch of people having similar opinions.
</content>
</comment>
<comment>
<content>
Yep. It's a very iconic piece of Mario games. And it's pretty much a dead on match to Nintendo's pipes. If he had used blue he probably could have gotten away with it. Plus the bird looks a lot like some Nintendo creation too I heard, and the coin ding sound is the same as Mario. Apple tried to patent rounded edges on phones, so it's not a stretch at all to think that this could be copyrighted.
</content>
</comment>
<comment>       
<content>        
While we're at it, I'm sure we could speculate much deeper into the REAL conspiracy. I reckon he was using the app to somehow condition youngsters into being more susceptible to accepting the meth he was eventually going to push on them, once his user-base was large enough!
</content>
</comment>
<comment>
<content>
You're missing the real issue. It's not Nintendo, its PETA. All these birds slamming into pipes and falling to the ground are highly unethical treatment of birds. Are we supposed to be okay with using birds dying for our entertainment? PETA asks what if they were flying babies?
</content>
</comment>
<comment>       
<content>        
Stand by. Within the next 24 hours there will be a game called "Silly Birds" that you have to try to fly through a series of wooden posts. Then y'all can go back to hours of lost productivity, added stress and damaged personal relationships.

Sort of like what happens here by constantly posting comments on CNN articles.
</content>
</comment>
<comment>
<content>
The rasin he took it down was because people kept sending him death threats, and other were prompting to "hack" everything he has and ruin his life. There are many games that are rip-offs and it that wouldn't be the reason.
</content>
</comment>
<comment>       
<content>        
My 12 year old daughter and all her friends love it. She Skypes with people from all over the world and also told them about it. They became as obsessed as she was over it! It's a cute but frustrating game that keeps you coming back to try and best your last score.
</content>
</comment>
<comment>
<content>
This is just like the creator of Fez deciding to quit working on the sequel due to internet criticism. The internet is not a kind place to content creators. If people don't tell you how much your product sucks, they will turn around and pirate it. Hope he gets his head in the right place.
</content>
</comment>
<comment>       
<content>        
Kudos to him for doing what he feels is right.
But about the reports of the phones selling for thousands, weve been had! You can see an eBay listing in search results is up to $16,100.00 with 37 bids BUT!!! No other listing has bids on it over retail value of the actual phone. AND when you log into your eBay account and click that listing link you are taken to general phone listings not the actual phone. Theyre ghost links. I suspect eBay is exploiting the Flappy Bird craze to generate more traffic with fake listings. The only legitimate listing I found was an art piece by Blight for $6,100 with 55 bids. People are posting bids for phones with flappy bird but these bids are only being watched or bid up to retail value. Either something drastically changed since the verge posted this article OR someone at the verge didnt do their homework and actually click through to the listing page to verify these were legit. IMO if (I mean a big IF cuz Im not absolutely sure) this is the case that eBay is exploiting the news for traffic, it should be illegal.
</content>
</comment>
<comment>
<content>
That is actually true people want a game like Flappy Bird because others are playing it.It's a tip for all the hopeful app creators just make a whole lot of bots download your game and write fake reviews people will buy your app just to go with the herd.
</content>
</comment>
<comment>       
<content>        
Well, based on the Vietnamese newspaper, the VN govt went after him for taxes and it became way too much. As a Vietnamese, I feel bad that the govt is not supportive of creativity and the new generation. We sorta feel proud of Dong's accomplishment. I wish he continues to fight to keep the game on, but I still wish him well with his decision
</content>
</comment>
<comment>
<content>
The rumors that he pulled the game due to Nintendo lawsuits are unlikely. Nintendo has had this issue with a developer that made a game featuring a Yoshi-like character in it, and actually worked with the developer to make sure it would be changed. Besides, Nguyen said he hated the game, and if Nintendo really did want to take action, they would have simply told him to change the pipes/sounds.
</content>
</comment>
<comment>       
<content>        
I tried the game. It is unbelievably awful and he ripped the graphics almost completely from Super Mario Bros. The game has nothing to do with SMB, but he has used the imagery from the game to help sell the App. Nintendo has every right to force him to stop. Those pipes could have been anything, but he chose to make them look like an image from a game everyone will immediately recognize. Not to mention, the game is just unnecessarily hard and I simply can not believe so many people like it. It's like a mini-game from a Wario Ware Gameboy game...
</content>
</comment>
<comment>
<content>
He just likes to make games for fun. If you look on his twitter, he says that he was used to a simple life, and it is not so simple anymore. And he likes being an "indie" game developer, does not want this attention.
</content>
</comment>
<comment>       
<content>        
It's entirely possible that he just didn't want the attention. It's also possible that bots are the reason for the success and he got scared that someone will find out. Bots are big business. My friend is an aspiring model/actor. For 250.00 there's a company that'll get you 1mm Facebook followers
and 1mm followers on twitter. All fake accounts. If you have an app, they'll also download it. The company is based in Nigeria. My friend signed up for the service and his bookings have doubled.
</content>
</comment>
<comment>
<content>
He probably thinks of all the money he could make charging for it and will "reluctantly" bring it back for a fee along with an obligatory upgrade needed for the people with the free copies so they can continue playing the pay version.
</content>
</comment>
<comment>       
<content>        
He may have been frustrated. I'm a writer and I have to admit, if I was a game developer and my corny proof of concept blew up like this and the work I spent more time on went unnoticed, I'd be a little frustrated too. What if Flappy bird is not what he wants his studio to be known for? Walberg really really really doesn't want you to call him Marky Mark.
</content>
</comment>
<comment>
<content>
Imagine if you had your own personal recipe for chocolate chip cookies. You decide to give out the cookies for free because you just enjoy baking for fun. Your cookies get popular for whatever reason and so a large cookie company offers to buy the recipe so they can spread their brand name. You subsequently become incredibly wealthy overnight. But then people start getting pissed at you because chocolate chip cookies aren't technically original. They accuse you of copying Chips Ahoy, saying your chocolate chips are JUST like theirs. Soon, people become unnecessarily angry over you giving out so many free cookies and actually start sending you death threats.

You were just some average person doing something for fun. You had no idea it would blow up the way it did. You weren't prepared for it. And once it did, you weren't ready for all those idiots to come out and harass you for being successful BECAUSE you've never experienced dealing with such a situation before. Eventually, it becomes overwhelming for you and you decide to stop baking chocolate chip cookies because it's no longer fun for you.

If you don't understand that, you're hopeless. It has nothing to do with being weak. People these days have just lost their sense of common decency. They're acting like this guy took his game and shoved it down everyone's throats. He made a quick, simple little game that NOBODY, not even HIMSELF expected to take off the way it did.

As far as I'm concerned, the vast majority of the people carrying on like maniacs over this are just pathetic little haters who secretly want all the money he managed to make.
</content>
</comment>
<comment>       
<content>        
That's actually a really good explanation as well. Me, I wouldn't like the attention either, though I probably would have rode it out a few more weeks to try to get enough ad revenue to do any kind of business I ever could want.
</content>
</comment>
<comment>
<content>
Some people can handle the pressure better than others. There's nothing wrong with that, you know? Some people just don't understand that for whatever reason. This guy just happened to be totally unprepared for the sort of pressure he was about to get. So in that respect I feel for him...

That said..DDAYYYUM I want me some of that green.
</content>
</comment>
<comment>       
<content>        
How is he weak and scared of success? He's stronger than you'll ever be. Life isn't about money or material things. It's about finding the things you love and cherishing them.
</content>
</comment>
<comment>
<content>
Man whatever.
I just made a comment and you all up in here like you actually know this guy personally. Some of you need to get a grip on your emotions. And finally, somebody that QUITS will never be as strong as me. Save that analogy for yourself about him being strong because he couldn't handle success and quit.
</content>
</comment>
<comment>       
<content>        
Says the person who thinks money is the point of existence. And I'm coming from a philosophical standpoint; not emotional. He's also continuing to make games...how is that quitting?
</content>
</comment>
<comment>
<content>
Yes Mr. Philosophical Know it all that spaz out everytime someone has a different viewpoint than you. You win. Hope that is enough to stop you from posting to me since you know it all.
I just asked a simple question and got simple 12 year old temper tantrum mentality replies.
</content>
</comment>
<comment>
<content>
I'd say it's how you chose to word it that garnered such a negative response. You come across as a person who has no idea how to empathize. Which...is an unfortunately common issue these days
</content>
</comment>
<comment>
<content>
Moderator...............Just a question.
Could you explain to me why you keep deleting post that have nothing wrong in them? Do you have the guts to do that from behind your desk or will this just be deleted like the coward you are. If you are going to delete, delete the whole string and just let people that YOU WANT or LIKE post on articles.
</content>
</comment>
<comment>
<content>
That's happened to me before on CNN articles. I think it's more likely it's a glitch because it would happen randomly on comments that weren't inflammatory in the least lol
</content>
</comment>
<comment>
<content>
No it is not how I chose to word it. 
My statement and the way I worded it was simple. Problem comes from people with 12 year old mentalities that like to get all upset, SMART, and above it all on the net making post like their answers are the end-all to everything.

The only reason I come across that to people like you is because people these days think if they whine long enough and say "mean person", people will start apologizing for crap that need no apologies. It was a simple statement and annoying people took it and ran with it. You can tell they are simple and annoying by the way they give themselves a "thumb up" check as soon as their reply is posted. They need validation and pats on the back from people they don't know to make themselves feel good.
</content>
</comment>
<comment>
<content>
Alright I wish I saw this comment first because it proves my point and frankly, I chose to be polite to you in my previous comments but this one of yours proves you lack any sense of respect for others.

What exactly are you implying when you state "people like you"? You mean people with a sense of common decency? People who know how to word honest questions without coming off like a complete tool? If so, I'm pretty proud of that. I would hate to be mistaken for someone with an attitude as rotten as yours.

And your assumptions that their patting themselves on the back is both foolish and unfounded. In fact, I think your very mentioning this need for validation is a means of you projecting your own sense of inadequacy onto others. Why do I suspect that? BECAUSE you choose to use something as trivial and petty as upvoting a comment to support your claims. Never mind that you have no proof regarding that.

As far as I'm concerned, based upon how you react to other people's comments and ESPECIALLY in regards to your initial comment, you're probably the sort of person who desperately wanted a hug when you were a child.

Just about everything you said in that comment of yours is more of a reflection of your own behavior than it is of anybody else's in this section. The need to resort to inflammatory remarks and be all around offensive is characteristic of an immature personality, the very sort of personality you're complaining about.
</content>
</comment>
<comment>
<content>
Now to type my answer in for the 2nd time, I come across that way to you because so many people these days think if they whine and say "mean person" over and over, people will drop to their knees apologizing for crap that need no apologies. I made a simple statement and people with simple 12 year old temper tantrum throwing minds took it and ran with it.
</content>
</comment>
<comment>
<content>
You strike me as a very bitter person...lol I wouldn't say mean. You just sound extremely bitter. And there was nothing simple about your statement. Granted, the wording itself was simple, but the implications behind it was anything but.
</content>
</comment>
<comment>
<content>
What this guy did is the equivalent of a chef at a five star restaurant serving you Skippy peanut butter and smuckers grape jelly on wonder bread. He would hope you would see the lack of effort and realize the whole thing was a joke. Even a poor programmer could do much better than this and he assumed people would realize that. Instead people put ten times the time and effort that the creator did making the game into sharing their opinions about it and him.
</content>
</comment>
<comment>
<content>
As a console gamer I cannot get into these cell phone games. I'm pretty sure these games are for children to play on the phone while the adults are busy. Instead we get "adults" who play these weak little kids' games like Angry Birds and Candy Crush.
</content>
</comment>
<comment>
<content>
I'm sure they're not fun for you, they do require effort, learning and thinking, which is why you are a console gamer with cookie cutter shooters, driving and sports games. Now imagine an even lower tier kind of gamer, someone who can't manage more than touching and swiping, and that's someone who plays Angry Birds and Flappy Bird and Fruit Ninja.
</content>
</comment>
<comment>
<content>
You do realize that games are supposed to be a fun past time, right? You seem to take them WAY too seriously. Sorry I'm not into putting in as much time as you apparently do with games. If you want to spend 40 hours a week playing video games, by all means, go for it. But to pretend you're superior to someone else who doesn't is narcissistic and, frankly, a little sad...
</content>
</comment>
<comment>
<content>
Games I play are a lot of fun, it's just that some people (console players, children, etc) find them too complicated. I guess instead of feeling superior to them I should pity them?
And it's spelled pastime, not past time.
</content>
</comment>
<comment>
<content>
Because you've never played Europa Universalis or Civilization or ArmA or a proper flight sim. When games are console exclusives, it's because of commercial considerations. When games are PC exclusive, it's because the consoles can't handle them or console players can't handle them.
</content>
</comment>
<comment>
<content>
Pfft. I play every console, and a large amount of computer games and I still play these games. I play them to pass time waiting on a train when I'm out of imgur posts to look at. Its a time waster. THE ADDICTION that some adults I have is retarded. The ones that can't go 5 minutes without checking candy crush. That I can't stand.
</content>
</comment>
<comment>
<content>
I recently started playing an app that is pretty fun. Lucky Loot Casino. It's a fun free slot game app with 6 different slots, just like the ones in real casinos. Best part is you earn real rewards to redeem for gift cards. If you enter code AFFIPM after downloading you'll get a bunch of extra free coins, that's what I did. Enjoy. 
Oh and Flappy Bird drove me insane.
</content>
</comment>
<comment>
<content>
He makes over $50,000 A DAY off the ads in this game. Yeah, it's such a horrible thing to have happen. What a crybaby. Some people said mean things to him over the internet. . . TIME TO TAKE EXTREME MEASURES!!
</content>
</comment>
<comment>
<content>
He probably thought the money would trickle in at an unnoticeable pace, and the flood caught him off guard. We'll find out when they make the movie of his life -- Office Space 2.
</content>
</comment>
<comment>
<content>
It went beyond mean things from what I heard. He was getting death threats. Now, anyone who's been on the internet should know there are some wankers who can't make it through a single post without threatening to kill somebody, but I guess if it's targeted at you it becomes a different matter.
</content>
</comment>
<comment>
<content>
http://flappybirdbestscore.com...
I agree this guy is a genius. Simple and addictive. Human Beings can not stay away. It's in our genes! LOL. Check out this site to share your thoughts and comments!
http://flappybirdbestscore.com...
</content>
</comment>
<comment>
<content>
First, he is in Vietnam. Noone cares about nintendo in Vietnam. Don't assume other country is America (it's not). Second, earning 50k/day is a good thing IF your face/name isn't on every single newspaper out there. It is a worldwide WANTED sign. He becomes a target for crimes (it's Vietnam, $50 can get you killed sometimes, $50,000 will definitely get you and your family killed). Third, the company can sue him, but it will lose more than it gains (there isn't a solid case and Vietnamese judges don't know much about super mario).
</content>
</comment>
<comment>
<content>
I gained 5lbs in the course of 3 days because I would play Flappy Bird instead of working out. That's my fault, not his. People sue over anything these days, he's intelligent for taking it down before it got to that.
</content>
</comment>
<comment>
<content>
So this has nothing to do with the allegations about using bots to increase popularity or the fact that nintendo is looking into lawsuits against himK no of course not because he's concerned about people getting addicted to it oh such a humanitarian
</content>
</comment>
<comment>
<content>
lol at anyone saying "but he said it wasn't for legal reason, so it must be true." If he TRULY couldn't "take it" anymore, he would have just taken it down. Why the "in 22 hours"? I'm guessing that was about 2 hours after getting the notice "You have 24 hours to take this down."
</content>
</comment>
<comment>
<content>
I never played the game and doubt I would like it. That being said I think there is more to this than we know. I have a feeling someone did or said something that forced his hand. Maybe he just worries what would come of it if he ever took money knowing he stole some code. He may even try and remake it with all original code and release version 2 and possibly make millions. Hard to say but I have a strong feeling there is more to this.
</content>
</comment>
<comment>
<content>
Aww that sucks! But good for him not being controlled by money! I will miss Flappy Bird but Nutty Monkey has really got me wanting to break my phone in half right now! My high score is only 3 and I've been playing for 2 days!!
</content>
</comment>
<comment>
<content>
I'm sure the guy just wanted to quit while he was ahead.

If there an alternative reason, he won't reveal it probably because it's too personal or something pretty bad. We may not find out for a long time.
For all we know, the video game mafia is coming after him, and asked him to take the game down, or they'll take it down for him.
</content>
</comment>
<comment>
<content>
"Fame ruins lives, look at Miley Cyrus" --- LOL Your personal disapproval of what MC does..how does this make her life being ruined? Last time she looked pretty happy to me and far from someone whose life is "ruined". I guess it's your wishful thinking having taken over there...
</content>
</comment>
<comment>
<content>
No matter what happened, his life was legitly ruined. Whether it be a lawsuit, death threats, copyright issues, or just the sheer fame, he was not lying when he said this simple game ruined his life. 
It's funny how something seems to be low on the charts, then sky rockets. He didn't expect anything of the sort. He may have borrowed from Mario simply expecting the game to never take off and never be an issue.
But I wish him well through whatever he is facing. Fame ruins lives, look at Miley Cyrus for example. When she wasn't that famous, she never imagined being like she is now. But fame, money, it ruined her life. Had she pulled away, it would've worked out better.
This, in all honesty, is a smart man in any way.
</content>
</comment>
<comment>
<content>
sales declined and he wanted a flood of new customers so he announces it will be taken out of the app store about a full day before it happens . buy it before its gone ! then laughs since he can probably retire and doesn't care about making a sequel or anything
</content>
</comment>
<comment>
<content>
It was probably Felix Arvid Ulf Kjellberg a.k.a PewDiePie that made Flappy Bird so popular. He has around 22 million subscribers on YouTube and probably started Flappy Bird fever and that's probably got so addicting and popular like Candy Crush or Angry Birds.
</content>
</comment>
<comment>
<content>
I bet he got an offer, sold the rights, and is saying he can't take the success. If he is making 50 grand a day and can't handle the pressure, donate the money. So he made all this money, and now people who love the game, now cannot upgrade or download it. Kinda fishy. Doesn't make sense.
</content>
</comment>
<comment>
<content>
too bad it can't remove the phone on some app store update, that ANNOYING chime sound is BEYOND annoying!!! - my son plays it while we watch tv, even on super low, you can hear it!
</content>
</comment>
<comment>
<content>
So...right now I have an ipad, iPod and iPhone with flappy bird, can I legitimately sell them for like $1,000 each and make some money off them? I know some offers are up to 100k but I want to be realistic.
</content>
</comment>
<comment>
<content>
The guy sure struck gold, beating the odds of an app becoming popular enough to make him tons of money. Crazy how simple the game is, too.... One of those "if only I thought of that" things.

I could see how all that attention could become overwhelming, but it's surprising he wouldn't even sell.
</content>
</comment>
<comment>
<content>
Never heard of it until today.

It was funny to read FOX"S article, which was kept brief and to the claim of "creator couldn't handle stress".

Forbes pointed out that much art and sounds were lifted directly from Super Mario Brothers, Poui Poui - that's probably not a good thing to do.

I'm sure the kid will retire on the ad revenue, and I bet any subsequent games will also gratuitously borrow from other sources and then be pulled at just the right moment.
</content>
</comment>
<comment>
<content>
I find it remarkably lame that so many people gave him a hard time over this. While he should have a thicker skin if he's going to put something on the internet, all these accusations about him being unoriginal and this and that are pointless. He didn't force anybody to download a FREE game. So if people are going to be mad at anyone, take it up with the large crowd that chose to play it in the first place. They're the ones who encourage developers to put out these silly, largely uninspired apps.
</content>
</comment>
<comment>
<content>
So, this guy is Vietnamese. Maybe he doesn't understand the "American" sarcasm of the reviews? Mr. Nguyen, rest assured, you are not driving people insane and nobody is murdering their little brother because he got a higher score.

This is sad, I wish him well and hopefully, we'll find out more details on why he pulled the game. I deleted the game once after trying it but luckily, I reinstalled it again just a few days ago.
</content>
</comment>
<comment>
<content>
Ya, and I hate it when I see a brand new $30 item on Amazon being sold as used for $2000 by some piece of S**t hoping someone will accidentally buy it. Of course they don't understand that Amazon would refuse to pay them if someone accidentally bought the $2000 item and wanted a refund.
</content>
</comment>
<comment>
<content>
All the news agencies are blabbing this story, unconcerned that it gives no real information about actually why this game-maker is pulling the game.
The first guess people have is that it's a stunt to generate hype for either this game being re-released, or some other game soon to be released.

My guess is he's selling it, and it will be back under the label of a recognized company, and interest will fade quickly.
</content>
</comment>
<comment>
<content>
Maybe he was an indie app developer and didn't like the success he was getting, so he trashed the idea and decided to move onto something else...OR maybe he's doing this as a publicity stunt...OR he he could be getting sued. We'll never know.
</content>
</comment>
<comment>
<content>
The game is boring and just horrible. He's probably taking it down to make some changes (graphics) and tweaks here and there, and then put it back on the market for $1.99. So the people who have this version will have to upgrade in order to get the better version.
</content>
</comment>
<comment>
<content>
something is going on we are not privy to. I like the game, why is it still free?? I would have paid 99 cents for this, many of us would.. but SOMETHING is going on and we just don't have access to that info. problem with Apple? possible.. I am sure the guy who made this game wants to be just as rich as the Angry Birds developer. But he didn't expect the game to get this big.. and he may have supervisors and bosses who may take credit for everything.. and cut him out totally.. we have to just wait and see what happens...
</content>
</comment>
<comment>
<content>
I'm pretty sure it was the hate mail. That crap has to be unnerving. A few talentless spares lacked the skill to play the game and got their panties in a twist over it, so they lashed out at the guy who beat them. They never would have survived in the days of no continue.
</content>
</comment>
<comment>
<content>
He knows EXACTLY what he's doing. Flapping Birdies hooked the populace, and became Dong's cash cow. He'll just sit back and collect all of the Ad revenues from afar, knowing he scored big time.
</content>
</comment>
<comment>
<content>
Just FYI, he is still making money on the game. It didn't disappear from users phones. People are still playing it, and generating ad revenue. You just cant download it anymore.
</content>
</comment>
<comment>
<content>
He said he didn't want to, but that really makes no sense. If it is really popular, it would remove the stress it is causing him and he could make good money from it, why not?
</content>
</comment>
</comments>
