<comments>
<topic id = "Raw-Topic-1" category = "3" />
<doc id="Raw-Topic-1_03" />
<comment>       
<content>        
Um. Shortly after reading your article, I downloaded a wee game called Flappy Bird by .Gears Studios on my Android device and had a little play. So, not sure it HAS gone!
</content>
</comment>
<comment>
<content>
According to some sources, the reason behind him taking down the game was that he was getting threats (even death threats) from people who were complaining that the game was too difficult and made them thrown their phones/tablets in the air. He was not expecting this and it got too much for him, prompting him to pull the game off app stores.
</content>
</comment>
<comment>       
<content>        
I really liked this game it was very addicting really sad beacause of some personal issue the developer had to delete this amazing game.I made really good scores in this game and was looking forward to more updates but what can we do.

But after a few searches I found two versions of flappy bird:

Original Flappy bird v1.3:
www.apklatest.com/2014/02/flap...

Modded Flappy Bird v1.3 (Using This I made the Highscore to Tease my friend):
www.apklatest.com/2014/02/flap...
</content>
</comment>
</comments>
