<topic id = "Raw-Topic-1" category = "3">
	<title> flappy bird </title>
	<doc id="Raw-Topic-1_01" hasComment = "Y" />
	<doc id="Raw-Topic-1_02" hasComment = "Y" />
	<doc id="Raw-Topic-1_03" hasComment = "Y" />
	<doc id="Raw-Topic-1_04" hasComment = "Y" />
	<doc id="Raw-Topic-1_05" hasComment = "Y" />
	<doc id="Raw-Topic-1_06" hasComment = "Y" />
	<doc id="Raw-Topic-1_07" hasComment = "Y" />
	<doc id="Raw-Topic-1_08" hasComment = "Y" />
	<doc id="Raw-Topic-1_09" hasComment = "Y" />
	<doc id="Raw-Topic-1_10" hasComment = "Y" />
</topic>
