<doc id="Raw-Topic-1_06"> 
<news_source>
The New York Times
</news_source>

<date>
February 10, 2014
</date>

<author_source>         
</author_source>

<headline>
Attack of the Flappy Bird Clones
</headline>

<text>
<p>             
Legend has it that Pablo Picasso once said, Good artists borrow, great artists steal.
</p>
<p>
In the case of Flappy Bird, the highly popular game that vanished from the Apple App Store over the weekend, it seems a lot of people are stealing.
</p>
<p>       
On the website Elance, which is a listings site for freelancer technologists, several dozen job listings asked for programmers to build Flappy Bird-like clone apps for the Apples iOS and the Android mobile platforms.
</p>
<p>
Under a listing for an iOS Game Developer, the job requirements state a developer will be responsible for the full development of relatively simple games, with similar complexity to Flappy Birds. 
</p>
<p>      
An app listing for an Android developer asked for someone who can create a very simple game similar to Flappy Bird, but using a very popular Copyrighted character owned by us. It was not clear which character would be used instead of a flapping bird. The ad said it would pay the developer from $500 to $1,000 to make the game.
</p>
<p>
Some other listings are pretty blunt about stealing rather than borrowing. One ad titled, flappy bird clone with Ads, said it needed a developer to make a simple clone with PhoneGap for Flappy Bird Game and integrate Ads. The pay for the clone was less than $500.
</p>
<p>      
There are several clones that are already available in the iOS and Android app stores, including Fly Birdie, Flappy Bee, Flappy Plane and Ironpants, which are all remarkably similar in design and gameplay, but use other characters instead of the Flappy Bird bird.
</p>
<p>
Flappy Bird rose to the top of the most-downloaded-app charts for Apple and Android mobile devices during the past few weeks. As my colleague Nick Wingfield wrote on Sunday, the apps creator, Dong Nguyen, is an independent developer in Vietnam. He became an overnight sensation in the mobile app world because of the success of his games.
</p>
<p>          
From a financial standpoint, it makes sense that so many people are frantically trying to copy Flappy Bird. Mr. Nguyen told The Verge last week that he was making, on average, $50,000 a day from the advertisements shown inside the game.
</p>
<p>
Apparently overcome with all the attention, Mr. Nguyen pulled the app from the app store, stating on Twitter, I cannot take this anymore. Before pulling the app from the store, Mr. Nguyen tweeted: I also dont sell Flappy Bird, please dont ask.
</p>
<p>                  
It might not matter how good these clones become. The key could be how well they promote them.
</p>
<p>
Over the weekend, a number of tech sites claimed that Mr. Nguyen had gamed the iOS App Store in order to bump up its ratings, which helped it gain attention in recent months. They accused him of doing it by using bots to write thousands of positive fake reviews of Flappy Bird.
</p>
<p>  
That goes against earlier statements made by Mr. Nguyen, who said in a recent interview with Chocolate Labs Apps, a game developer site, that Flappy Bird had become popular organically. I didnt use any promotion methods, he said. All accounts on Twitter, Facebook and Instagram about Flappy Bird are not mine. The popularity could be my luck.
</p>
<p>
There are already free versions of Flappy Birds available online, usually surrounded by advertisements. Rather than tap the screen repeatedly to move the bird along, users frantically press the space bird to flap its wings.
</p>
</text>
</doc>
