<doc id="Raw-Topic-1_07"> 
<news_source>
VOA
</news_source>

<date>
February 10, 2014
</date>

<author_source>         
</author_source>

<headline>
Flappy Bird: A Game Changer for Vietnams Developers
</headline>

<text>
<p> 
HANOI X Until Sunday, the worlds most popular smartphone game was Flappy Bird, a simple but frustratingly difficult video game that was created by a developer in Vietnam. But just as its popularity soared, its creator abruptly removed the game from the marketplace.
</p>
<p>
Surprisingly difficult and infuriatingly addictive, Flappy Bird has become a global sensation. Last week it became a top seller on both Apple iPhones and smartphones using the Google Android operating system.
</p>
<p>
The game uses simple graphics, that reminded many of Nintendos Super Mario Brothers, a classic video game from the 1980s, players guide a flapping bird between broken pipes by tapping the screen.
</p>
<p>
Smartphone games are big business, with many companies hiring teams of programmers to make the next hit. But indie developer Nguyen Ha Dong said it only took him a few days to create Flappy Bird.
</p>
<p>  
The success of the game was completely unexpected, and inexplicable, much like Korean popstar Psys smash hit "Gangam Style," the editor of Tech-in-Asia, Anh Minh Do said. I talk about how everyone copies Angry Birds principles, and I think people will try to copy the principles of Flappy Bird. You know maybe Flappy Birds fame is not copyable. Maybe its one of those flukesK I think its very hard to replicate those moments, said Minh.
</p>
<p>
But being shot to fame was apparently too much for the games 29-year-old creator, Hanoi native Nguyen Ha Dong. In a series of messages he published on Twitter in recent days, Dong revealed he was taking the game down because the attention was overwhelming.
</p>
<p>   
I can call Flappy Bird is a success of mine. But it also ruins my simple life. So now I hate it, he wrote.
</p>
<p>
But although its "Game Over" for Flappy Bird, experts are hopeful Dongs legacy in Vietnam could be longer lasting.
</p>
<p>            
Vietnam is the largest online games market by value in South-East Asia, with revenue of over $250 million in 2013.
</p>
<p>
The local market is dominated by VNG, which holds 60 percent of the Vietnamese gaming market.  But Dong is one of thousands of upcoming independent developers, who mostly focus on creating mobile games.
</p>
<p>      
Despite that competition, Tech In Asias Minh said the quality of the games they produce tends to be low.
</p>
<p>
Not that many of them are world class and not that many of them are going after the global market. If youre going for the global market then you have to be way better, he said.
</p>
<p>      
In Vietnam, games are very expensive to develop and are hindered by complicated licensing procedures. The result is most Vietnamese gamers play foreign games, particularly from China, which are adapted for the local market.
</p>
<p>
Do Quy Doan, who recently retired as deputy minister of communication, said the games industry in Vietnam is still new and there are still obstacles as well as mechanisms to encourage it.
</p>
<p>     
Doan said the success of Flappy Bird is very encouraging for the future of the games industry.
</p>
<p>
In the meantime, whether he likes it or not, the spotlight is likely to remain on Flappy Birds creator Nguyen Ha Dong, even though his game is no longer available to download.
</p>
</text>
</doc>
