<?xml version="1.0" encoding="UTF-8"?>	
<comments>
<topic id="Raw-Topic-11" category="1" />
<doc id="Raw-Topic-11_04"></doc>

<comment><content>
A 5.1 will shake things up pretty good. Shouldn't cause a lot of building damage,  though still frightening. I was in SD during the North Ridge quake. We felt about 4.9 there.  
</content></comment>
<comment><content>
Could use a 7.8 earthquake in California.  Get rid of it and all the liber-als and other deadwood...and get rid of a huge drain on the nation's purse and physique.
</content></comment>
<comment><content>
As much as I dislike California, I sincerely hope there isn't a bigger quake any time soon. I still have some family members who live in the Los Angeles area. :(
</content></comment>
<comment><content>
Hope everyone was ok. For those of you that thinks that California is so bad and want it to fall off in the Pacific Ocean. Remember what comes around goes around. I live in the mid west, people are just as bad here as they are in California. The politicians are just as screwed up here as they are in California. The only difference here is that there are more people in California so there is more of it. Sorry to bust your bubble but the whole United States in A MESS!
</content></comment>
<comment><content>
I live in the Midwest and I agree it has it's issues however it's not as pretentious as it is in Cali. Also we don't have a 13.3% State income tax.

Unfortunately people like Princess Nancy and the Hollywood hypocrites are often viewed as the end product of Cali. I meet many people from there during business travel and about 90% of them are NOT liberal hippie leftists.
</content></comment>
<comment><content>
That being said if I were to go to California and talk to locals hanging out I would likely get a different appeal. I have family out there, one sister has Phd and is indoctrinated into the green movement and elitist university complex. My dad has lived there off and on for 40 years as a musician, earning money under the table, he's pro-high taxes on everyone else.
</content></comment>
<comment><content>
Why would a thinking person live in an area that they KNOW will soon be obliterated?  Hard to feel sorry for them.  It's like holding a stick of lit dynamite and then being surprised when your hand is blown off.  
</content></comment>
<comment><content>
Smaller earthquakes are relieving stress in one area, and increasing stress in another location Most likely the San Andreas Fault.
Got this gut feeling something is about to give pretty soon.
</content></comment>
<comment><content>
Well, the people have been warned that they live in an earthquake zone and yet building keeps going on in that region.  Do people living in that area have to pay Earthquake Insurance??  People in flood areas have to obtain flood insurance..
</content></comment>
<comment><content>
Earthquake insurance availability is required by the government.  That by definition means that it is not a good product.  It is offered with a 10 percent deductible.  That means that for my 250K home, there has to be more than 25K in damage before I get a dime.  I have to pay 5K a year for that coverage.   Worth it?  Heck no.
</content></comment>
<comment><content>
How much warning do these folks need before they move out?  I guess it is just like the ones in the fire zones that keep building back and then cry and cry when their houses burn down, again and again and again.
</content></comment>
<comment><content>
Some folks cannot leave the state due to employment, family ties, etc.  It is not as easy as it sounds, just to leave a state.  I like California very much, but I do admit that the taxes are too high.
</content></comment>
<comment><content>
So if you know there is a good chance you and your kids are going to either lose everything or DIE, just stay there.  I guess you get what you deserve.
</content></comment>
<comment><content>
I suggest that folks who live in earthquake areas, keep shoes (much more substantial than bedroom slippers) by their bed in case they have to get up in the night unexpectedly, if there is broken glass from an earthquake.  Being prepared can help a lot.
</content></comment>
<comment><content>
Do you think you're witty and hilarious? You really do make some of the s t u p i d e s t posts I've ever seen on FOX News.. and that's saying a lot.
</content></comment>
<comment><content>
California wasn't a $|-| It |-|0 |_3 when I moved here 25 years ago.  It's still a beautiful state but the $ |-|  ! t piles keep rolling in (from south and East) and the good people are hauling asspirin out as fast as they can.  It will get MUCH worse before the $|-| I + is washed away.
</content></comment>
<comment><content>
When the New Madrid fault pops and levels the South, I bet y'all conservatards wishing ill on California will quickly demand federal assistance and secretly wish y'all had those California "socialist" building codes. 
</content></comment>
<comment><content>
Until the cons collapsed the economy by deregulating the financial markets, not only did Cali have enough money for it own needs but also enough to subsidize the red states.  On the other hand, no red state, other than Texas, has ever contributed more than it takes in subsidies, money that comes from blue states that give more than they take.
As for Cali's finances, once we got rid of the Republican governator and enough conservative legislators as to give the Dems a supermajority in the Cali legislature, and voted to give ourselves a modest tax hike to fund our beloved state, now we have reversed the deficits into a 4 billion yearly surplus.
</content></comment>
<comment><content>
To YOU Kalifornia People,  How would you like to been riding on the BULLET TRAIN doing about 130 mph when that happened?  They would still be picking up the peices.  You might wish to rethink your choice on it.
</content></comment>
<comment><content>
God has warned the California people in many ways many times to changed their ways............what do you think will happen because of a ungodly country. Not everyone there is ungodly but they best read the times and get out of there because God is going to punish California and New York and all states who have broken God's laws and live in ungodly ways. God has passed judgement many times before, He will do it again.

Not long ago, God gave His people this land of milk and honey, don't think for one second God won't take it away.    
</content></comment>
<comment><content>
Using your logic one of the most conservative and christian states in the country is being punished more daily than it has ever been, with earthquakes happening constantly! God must really hate those christian conservatives in Oklahoma! 
</content></comment>
<comment><content>
So why make humans in the first place if we are so bad?  Maybe we are doing exactly what we were designed to do.  An earthquake does not make a good warning.  Clear communication would be better.
</content></comment>
<comment><content>
Interesting enough, I don't have any close relatives living out west. But I imagine there are a few brothers and sisters in Christ there who are trying to change the ungodly people there of their ways.
</content></comment>
<comment><content>
You use the name of Christ to preach your hate. But don't worry, God knows that you are fake when it come to religion. When it is your time, your place will be in h_ell.
</content></comment>
<comment><content>
Wish I could say I was sorry to hear about the passing of your father Fred Phelps, unfortunately, I can't.  Like the rest of the world, the sooner the rest of you join him, the better off we will be. 
</content></comment>
<comment><content>
I am so fricken AMAZED AND SICKENED by these posts coming from "ManWomanGod" and others wishing  death to people who believe different from them. You all are not a member of the HUMAN RACE. Not all people in California are liberals. Just like the posts I saw regarding the land slide in Washington, people wishing the whole state would have been destroyed, Really??????? Mother Nature is powerful, be careful what you wish. She doesn't 

discriminate and this has nothing to do with your unloving and uncompassionate God.
</content></comment>
<comment><content>
DON'T THINK IT WAS MADE IN THE GOOD OLE USA DO YOU, YOU BETTER THIK AGAIN !!! MOST LIKELY SOME WHERE IN THE FAR EAST , JAPAN , S. KOREA , CHINA, PHILIPPIENNES. INDIA,  TAKE YOU PICK!!!!!!!!!!!!!!!!!!!!!!!!!!!!!!!!!!!!!!!!!!
</content></comment>

</comments>
