<?xml version="1.0" encoding="UTF-8"?>	
<comments>
<topic id="Raw-Topic-11" category="1" />
<doc id="Raw-Topic-11_10"></doc>

<comment><content>
When the aritcle says the quake struck "outside of Los Angeles", the implication is it struck outside a populated area. That is not true. Los Angeles (LA) is one city in the LA basin, as defined by the shoreline and surrounding mountains. This quake was near La Habra, just another city south of Los Angeles in the basin. It's just a continual mass of cities and people for 20 miles or so.
</content></comment>
<comment><content>
Clearly the "Big One" is coming to LA. 

Residents of the area must not be in a high-rise building or at Marina del Rey, or allow their loved ones or friends to be there! 

See http://naegeleblog.wordpress.com/2010/09/08/earthquakes-the-big-one-is-coming-to-at-least-los-angeles/
</content></comment>



</comments>
