<doc id="Raw-Topic-11_09"> 
<news_source>
The New York Times
</news_source>

<date>
March 29, 2014
</date>

<author_source>         
</author_source>

<headline>
Aftershocks Follow an Earthquake Near Los Angeles
</headline>

<text>
<p>
A total of 115 aftershocks jolted the Los Angeles area by Saturday morning after a magnitude 5.1 earthquake on Friday night, a federal seismologist said.
</p>
<p>
Three aftershocks reached magnitude 3, the last at 10:37 p.m. Pacific time on Friday, said the seismologist, Lucy Jones of the United States Geological Survey. She said that a more powerful quake than Fridays was possible, though unlikely, and that comparatively minor aftershocks could continue for weeks.
</p>
<p>
Fridays largest temblor struck near the cities of Brea and La Habra, southeast of Los Angeles, shortly after 9 p.m. Pacific time and was preceded by a foreshock. A fire battalion chief, John Stokes, said that no one had been killed and that only minor injuries had been reported. The area, however, did not emerge unscathed: Fifty Fullerton residents were displaced from their homes because of property damage, and five water mains ruptured.
</p>
<p>
The Los Angeles Dodgers announcer Vin Scully incorporated the tremors into his television patter when they were felt in the sixth inning of a home exhibition game against the Los Angeles Angels on Friday night.
</p>
<p>
Ms. Jones said the temblor and aftershocks followed almost 20 years of unusually low seismic activity in the Los Angeles area. Such activity could become more frequent, she said.
</p>
<p>
One question is: Is this going to be a blip, or is it going to continue? Ms. Jones said. We could start seeing a pattern.
</p>
</text>
</doc>
