<doc id="Raw-Topic-11_06"> 
<news_source>
SBS
</news_source>

<date>
March 29, 2014
</date>

<author_source>       
AAP
</author_source>

<headline>
Shallow quake rocks Los Angeles
</headline>

<text>
<p>
A shallow 5.1-magnitude earthquake has rocked the Los Angeles area, the US Geological Survey says, causing some minor damage and stopping rides at Disneyland.
</p>
<p>
Emergency services said on Friday they had calls about gas leaks and water main breaks, while some residents said objects fell from walls and shelves, but there were no immediate reports of injuries.
</p>
<p>
Disneyland shut down rides as a precaution, according to NBC4 television, while Twitter users reported that some people left the park. A spokesman could did not immediately respond to a request for comment.
</p>
<p>
The quake's epicentre was near La Habra, about 22 miles (35km) southeast of downtown Los Angeles, and could be felt across the LA metropolitan area, including in Hollywood.
</p>
<p>
Car alarms were reported to have been set off in some areas by the five-mile-deep quake, which was initially registered as 5.3 magnitude but later revised down.
</p>
<p>
The quake, which was preceded and followed by a number of smaller ones, came after a 4.4-magnitude earthquake jolted Angelenos out of bed on March 17.
</p>
<p>
Friday's quake was felt in Los Angeles as a lower rumbling, which lasted up to half a minute, rather than a sharp jolt.
</p>
<p>
The LA County Fire Department received some reports of gas leaks and scattered damage, said spokesman Ed Pickett, while police in Fullerton, about fives miles from La Habra, reported several water main breaks, spokesman Jeff Stuart told KCAL 9 television.
</p>
<p>
A rock slide took place in Carbon Canyon, about six miles from La Habra, the Los Angeles Times reported.
</p>
<p>
California has long braced for the "Big One."
</p>
<p>
The western US state is on the so-called Ring of Fire, which circles the Pacific and has produced a number of devastating quakes including Japan's March 2011 quake-tsunami, which killed thousands of people.
</p>
<p>
Seismologists say a quake capable of causing widespread destruction is 99 percent certain to hit California in the next 30 years.
</p>
<p>
A 6.7-magnitude earthquake in Los Angeles left at least 60 people dead and did an estimated $10 billion damage in 1994, while a 6.9 quake in San Francisco in 1989 claimed the lives of 67 people.
</p>
</text>
</doc>
