<doc id="Raw-Topic-11_05"> 
<news_source>
Reuters
</news_source>

<date>
March 29, 2014
</date>

<author_source>
</author_source>

<headline>
Another earthquake rattles southern California following 5.1 quake
</headline>

<text>
<p>
(Reuters) - Residents of southern California were rattled by a 4.1 magnitude earthquake Saturday afternoon, the largest of more than 100 aftershocks following Friday's 5.1 rumbler that caused light scattered damage around the Los Angeles area.
</p>
<p>
Saturday's quake rippled through an area near Rowland Heights, California, about 2:32 p.m., according to the U.S. Geological Survey. The temblor was considered relatively shallow with a depth of 5.6 miles, the USGS said.
</p>
<p>
Aftershocks are expected following earthquakes, according to the USGS. Seismologists said there was about a 5 percent chance that Friday's quake, which struck at 9:09 p.m., was a foreshock to a bigger temblor.
</p>
<p>
No injuries were immediately reported from either Saturday's quake or the more significant earthquake that struck Friday evening outside La Habra, California, which is about 20 miles east of downtown Los Angeles.
</p>
<p>
Friday's temblor displaced at least 50 people in Fullerton, about 5 miles from the epicenter, because of minor damage to homes and apartment dwellings, Fullerton Police Lieutenant Mike Chlebowski said.
</p>
<p>
As well, a water main break in the city forced the closure of some streets due to flooding, he said.
</p>
<p>
The quake also shook items off tables, rattled chandeliers and resulted in scattered damage to cars and property, including setting off a rockslide in the Orange County city of Brea that flipped a car on its roof.
</p>
<p>
Friday's quake was felt as far away as Palm Springs in the east, San Diego in the south and Ventura County to the north. While not large, the event "seems unusual, of course, because a lot of people felt it," said Doug Given, a USGS geophysicist.
</p>
<p>
"These quakes occur in populated areas and people try to put two and two together and predict that something more is coming, but that's simply not the case," he said.
</p>
<p>
The quake shut down Metrolink trains to allow for inspection of tracks and cars. In Anaheim, Disneyland briefly turned off park rides as a precaution and asked guests to remain seated.
</p>
<p>
But the Los Angeles Philharmonic didn't miss a note even as the quake rattled downtown Los Angeles's Walt Disney Concert Hall, The Los Angeles Times reported.
</p>
<p>
"The L.A. Philharmonic should get combat pay," audience member Michael Healy told the newspaper.
</p>
</text>
</doc>
