<comments>
<topic id = "Raw-Topic-23" category = "6" />
<doc id="Raw-Topic-23_06" />
<comment>
<content>        
Johnny Rotten told about all Jimmy Savile in the late seventies in a BBC radio interview. He tells the interviewer he's sure his comment will be cut. It was. The recording came to light a few years ago.
</content>
</comment>
<comment>
<content>        
You want to know how people like this can hide in plain sight? 
 
A guy I know honestly believes that Joe Paterno did nothing wrong because "He reported it to university authorities, and that's all he needed to do. It's not his fault no one did anything with that information. It's not his job to go to the police." 
 
Yes, this guy was arguing that a moral imperative wasn't in Joe Paterno's job description. 
 
People like that entrench themselves into some field -- sports, entertainment, etc. -- that millions of people worship, and use that position to manipulate. Why would you question anything a celebrity had to say?
</content>
</comment>
<comment>
<content>        
Similarities between this case (BBC), Penn State University, and Catholic Church? All institutions that were deemed beyond raproach. The bigger the institution, the stronger the belief in that institution, it seems there is a strong movement to cover up any potential damage to the reputation of those institutions, victims be damned. BBC and PSU involved one person, Catholic Church, many.
</content>
</comment>
<comment>
<content>        
I won't claim that I understood that he was a child molester and sex offender, but I always found him creepy and not likeable at all. He did not seem believable in the role he tried to play.
</content>
</comment>
<comment>
<content>        
Remember these were the days when even Presidents met with women in or out of their offices (LBJ  and  his secretary, even Marylyn  and  the Kennedys). 
 
Everybody knew including the press as they did for so many other "respectable men". Is it the same today? Probably with the mainstream press ... but we have the other medias now. 
 
Famous people had more rights. 
</content>
</comment>
<comment>
<content>        
You've completely missed the point. It's that those things would go on, but the press would not report it, even though it was known by them. Likewise for Savile's "odd" behavior.
</content>
</comment>
<comment>
<content>        
One word: 
 
Charismatics 
 
Unfortunately people are usually much older when they finally learn to be extremely wary of anyone "everybody loves", to be wary of anyone who says the things you want to hear, uses your uncertainties - especially those. What they want is to keep you in a position of trust for their own benefit. 
 
The people who challenge others to think beyond the obvious and prepackaged on any side or to be more are the only people who have your best interests at heart.  
 
But we live in a "popularity" what is in-it-for-me over substance world now and there are many more stories that will come out, or not.
</content>
</comment>
<comment>
<content>        
There is a TV inteview of John Lydon (aka Johnny Rotten of the Sex Pistols) from about 1978 in which the inteviewer asks him if there is anyone he would like to kill. 
He says "Jimmy Saville" and says JS was "filthy pervert" and that a lot of people knew about it... 
1978....
</content>
</comment>
<comment>
<content>        
pedophiles know what occupations to enter.......ask your self.....what people in certian occupations would you tell your children they can trust.......and thats where all the pedophiles are.......dont want to believe it......thats what pedophiles hope for.......
</content>
</comment>
<comment>
<content>        
What has happened to editing? This piece is entitled: 
 
"How BBC star Jimmy Savile got away with allegedly abusing 500 children and sex with dead bodies" 
 
How does anybody "get away with allegedly abusing?" If the behavior in question was, in fact, merely alleged but had not actually happened, he wouldn't have "gotten away" with anything. If one needs to use so rhetorically clumsy a title format at all the "allegedly" should be moved in front of the verb such that the gentleman had allegedly gotten away with abuse. 
</content>
</comment>
<comment>
<content>        
I find it impossible to believe that this guy --- abused 500 children and adults over the years and that no one did anything about it. I'm sure it was reported on numerous occasions to authorities. There had to be a massive cover-up and that in reality is just as bad as what this guy did.
</content>
</comment>
<comment>
<content>        
It would be easier if nobody knew. Actually, quite a few members of the British elite did know, they just didn't do much of anything about it. It's important to remember that British society at the time was much more hierarchical than the US, and anytime you get a lot of hierarchy in a society there's going to be a lot of exploitation as well.  
 
If nobody knew anything, then why did Margaret Thatcher's staff work so hard in the 1980's to prevent him from being presented with honors? (Thatcher overruled them.) 
 
If nobody knew, then why did Louis Theroux include a reference to the issue in his profile of Savile in 2000? Asked about warning signs that were missed, Theroux said to the Guardian,  
 
"At that point all I'd heard were rumours and the rumours were very inconsistent and some of them were beyond outlandish, to do with dead bodies and things.So based on what I heard it didn't seem to be a priority in terms of the journalistic journey we went on. His MO was to tantalise and hint that he had secrets, but one never knew whether the secret might turn out to be rather banal..." http://www.theguardian.com/theobserver/2014/mar/23...  
</content>
</comment>
<comment>
<content>        
In reading this, I can understand how Michael Jackson might have been the predator many claim he was. I don't purport to know, and am extremely reluctant to pass judgment on MJ, but situations like this show how such a scenario is plausible.
</content>
</comment>
<comment>
<content>        
I tend to agree with you Time4more. Yet those in the majority in this country are quick to point the finger at other groups especially blacks. Wholeheartedly supporting 'stop  and  frisk' and anything that violates our liberties while purporting to be tolerant and democracy loving individuals.  
 
This is how Savile and others regardless of class get away with so many heinous acts--usually against children I might add--for decades upon decades without being held accountable. They're so busy trying to neutralize the threat from others because surely they don't have to worry about 'real' Americans as a threat.
</content>
</comment>
<comment>
<content>        
The guy was smart enough to know exactly what he could get away with- just a very good con artist. It is an old story, and likely happening around us all to some degree. Prey on those who don't have the power to defend themselves- reminds me of some lawyers I've had to deal with.........
</content>
</comment>
<comment>
<content>        
It is one of the most remarkable stories of our time, and is a warning to every parent. He fooled Margaret Thatcher, Prince Charles and a host of others. Yet he looked completely mad and behaved in a way that suggested he was unhinged. There is another story in the WP on the importance of authenticity in political life, and there are posts underneath arguing that PR experts can create a brand that portrays authenticity. 
 
Savile was a brand, totally empty and totally corrupt inside. One of locations to which he had free access was a the Uk''s main criminal lunatic asylum where he abused patients. You would think psychiatrists could spot a loony - but not apparently. The only conclusion I can draw is that there are so many loonies in top positions looking mad and behaving as though they are mad that it is hard to be sure which are criminally insane. 
At the risk of getting a knock on my door, I do wonder what the UK security services were up to while Savile was fraternising with the movers and shakers and while so much phone hacking was going on.
</content>
</comment>
<comment>
<content>        
The Child Sex Abuse Hysteria lobby moves on to a guy who is dead and can't defend himself.  
 
The system we have now convicts a person before they've seen a single day in court, and justifies it with "But, we're protecting the CHILDREN!!"  
 
Today, all an angry kid who was kept in detention needs to do is accuse his/her homeroom teacher of sexual contact and the poor guy's face is in the Post where the Post then encourages "anybody else abused by this man" to come forward.  
 
This is what was done in Nazi Germany, in Stalin's Russia, and is currently common practice in North Korea. We do it without hesitation because the Child Abuse Hysteria Lobby, with pitchforks and lynch rope flying, has been able to get laws in place that essentially dismantle Habeus Corpus and allow people to be sentenced in public.  
 
You say that if they are innocent there is no harm done? THAT IS PATENTLY WRONG YOU IDIOTS. Look at the number of people whose "crime" was patting kid on the back or admiring their outfits or doing something else completely innocently, who were then subject to false accusations. Look at what happens. Their face is in the Post, their family is disgraced, nobody asks whether it was true or not -- NOBODY. Even their employer is painted with a black brush. Guilty without trial.  
 
Whatever Savile did or did not do, he deserved his day in court and chance to defend himself against ALL of these charges. Today, we pile more and more on the dead man with glee, dancing happily on his grave with happy shouts of "gotcha" as we pretend to be disgusted.  
 
Yes, pretend. Be honest. You are reading this story NOT out of sympathy with anyone, but with titillation and morbid curiosity. This is yellow journalism for kicks and viewership.  
 
I say put up a stop to the Child Abuse Hysteria Lobby. Stop the abuse of individual rights and allowing people to be disgraced in public before they have their day in court. Stop it. 
 
Child Abuse Hysteria is the new Salem Witch Hunt.
</content>
</comment>
<comment>
<content>        
Someone who says, "Child Abuse Hysteria is the new Salem Witch Hunt" DEFINITELY has something to hide. I don't know, maybe comparing the punishment for the disturbing, unforgivable acts of Savile and Sandusky to the 17th/18th century burning of women for "sorcery" is not an honorable thing to do.... but that's just me. One should assume that comparing something a person CAN be (a pedophile) to something a person CANNOT be (a witch) is a logical embarrassment.
</content>
</comment>
<comment>
<content>        
Such people are monsters, but what they first prey on is the misconception held by most adults that we live in a transatlantic culture that more often than not tries to protect children. 
 
Savile seems to have sensed quite early on that, baring immediate tragedy, that children, by and large, aren't very well cared for or protected by adults. 
 
In fact, many of these adults, particular the most powerful among them, publicly heap scorn on children -- they insist that be tried as adults, they demonize them when the immigrate, they insist that they are weak and polluted by the things those same adults make money off provided them -- it was once pinball, and then 'video games,; and in the future it will be some other horror. 
 
The demagogues say the children's music is 'dangerous.' The list of the political demonizing of youth is long and ugly. 
 
The adults abuse them in ways that don't raise wounds -- such as indoctrinating them to hate people based on skin color, or religion, or accent, or any other of a list of immutable, innocent human characteristics. 
 
Savile's was a particularly savage and brutal abuse -- but he got away with it, in part, because in Western culture, we say children are innocent, that they should be protected, but in a lot of small, hidden, common, despicable ways, we act the opposite.
</content>
</comment>
<comment>
<content>        
>The girl said she told her mother, but she didnt believe her. The girl never talked about it again. 
 
How do you ever forgive such a parent? You're supposed to be an advocate for your kids, protect them, nurture them -- but never ridicule them when they say they were abused. Painful.
</content>
</comment>
<comment>
<content>        
You could forgive. 
 
If it was this circumstance, which seems highly probable - 
 
Saville victimized the vulnerable -- one great vulnerability in youth is the 'troubled child' -- the one with a 'record,' the one who, for reasons often not of their own making, lies, cheats and steals. 
 
You see, that mother, it is likely, was the harried, martyred mother, through no fault of her own, of such a 'troubled child.' 
 
Perhaps, she had learned a sharp mother's lesson once by choosing to believe her daughter's lie, to both their costs. 
 
And, so, if this informed speculation were true, 'Fix-it Jim' abused them both, because he knew he could insinuate himself into a dysfunctional situation and have his way. He, perhaps, knew, the child, possibly a well-known liar, would not be believed. 
 
And it must most likely be, since we have the proof that Savile got away with it. 
 
If such was the case, the mother is due pity, not scorn.
</content>
</comment>
<comment>
<content>        
Woody Allen. Roman Polanski. Paula Poundstone. Michael Jackson. Countless others. Corey Feldman has spoken out of abuse by Hollywood directors. 
 
Same reason the industry was able to get away with hardcore drug use without the same level of police crackdown urban communities saw. 
 
Of course they abuse drug laws or child abuse laws or countless other laws. Challenging or even shocking the culture is applauded by their culture, which is rooted in nihilism and narcissism.
</content>
</comment>
<comment>
<content>        
There is something physiologically wrong with someone who gets his, or her, wires crossed and molests children. To prey upon the innocence of childhood is something that goes beyond good and bad, right and wrong, legal and illegal. The person is physically broken.  
 
Societies play god through their priests of medicine and then let these dangers back out onto the streets again where they continue to molest children or sit cloistered in trailers muted by drugs and/or alcohol. Childhood is the greatest gift of life and the future of society. Why not simply keep these broken people away from society, away from children? Because, we can fix em, or so we believe.
</content>
</comment>
<comment>
<content>        
This man was not particular to children, he seemed to enjoy oppressing anyone who would succumb to his intimidation even politicians and royals. The adults describing how he groomed them to tolerate his perversions were particularly informative. He menaced them, too.
</content>
</comment>
<comment>
<content>        
This man was not particular to children, he seemed to enjoy oppressing anyone who would succumb to his intimidation even politicians and royals. The adults describing how he groomed them to tolerate his perversions were particularly informative. He menaced them, too.
</content>
</comment>
<comment>
<content>        
Very unsettling. So unfortunate that courage somewhere, by someone, was so lacking. People knew, and did nothing. There must be so many other examples if it were this easy to intimidate and silence.
</content>
</comment>
<comment>
<content>        
I appreciate you wish he didn't offend against children on the BBC premises, but he did. A lot. He even set up letter writers.  
 
Leeds is not his only hospital. Broodmoor, where the mentally unstable girls with criminal histories (can you find a better lot of luckless souls for him to victimize?) are held was also a fave haunt.  
 
It was this venue that the journalist investigated and the BBC did not care to air after having accepted his story. Failed us, again. 
</content>
</comment>
<comment>
<content>        
I didn't say they had actually been abused by him--just that given the facts the faces are haunting. 
 
However, his abuse ran far outside of hospitals, and included abuse on the premises of the BBC television studios. So yes, it's possible.
</content>
</comment>
<comment>
<content>        
But how could the BBC CANCEL an expose on Savile's outrageous behavior to replace it with a Christmas Special reveling in his long career there? 
 
I am still outraged Thompson works for the NYTs. I do not believe he didn't know about the show. That no one there knew about Savile is particularly unbelievable.
</content>
</comment>
<comment>
<content>        
But I've seen Thompson in the hot seat, and he can talk a buzzard off a gut wagon with his smooth. Why did the executives he let go get paid enormous sums? Why, by the time he's done talking, you wish you'd over paid them, too.
</content>
</comment>
<comment>
<content>        
"Sure, there were rumors. Whispers that he wasnt everything he seemed. Murmurs he was really a sexual predator and had abused dozens of children. But they never stuck. Not Jimmy Savile, people told themselves  not fix-it Jim." 
 
Is this a serious newspaper or a florid grade B detective novel? The Washington Post is so confusing.
</content>
</comment>
<comment>
<content>        
I not naive enough to think we don't have Jimmy Saviles in this Country, but I believe it would have eventually caught up to him before he died in this Country. One star, who is dead, comes to mind.
</content>
</comment>
<comment>
<content>        
Do you and binaryboy smoke crack? Throw Jackson's name in there just because he was accused by people asking for money. Not one single one out of the now 5 (not 500) that has accused Jackson EVER went to law enforcement before seeking a civil attorney first. There is too much information out there that proves his innocence -- you just have to do the research. As with Sandusky, Savile had complaints made about him to law enforcement for decades and the police turned a blind eye.
</content>
</comment>
<comment>
<content>        
Child sexual abuse is an epidemic in the United States because it is ignored. Politicians don't pass any legislation or fund any preventive programs, judges pass out short sentences to offenders even though there is no scientific evidence offenders ever stop, and the police rarely have the manpower to go after repeat offenders. Treatment for offenders is nonexistent and the scientific community has not done any research on medical preventions to stop pedophiles. Sadly, until the American people get fed up with the way this is ignored the abuse will go on.
</content>
</comment>
<comment>
<content>        
Reading the article...kept having flashbacks to similar articles about this Priest or that Bishop within the Catholic Church...PeeWee Herman also comes to mind...along with a few of Scout masters that made the grade (a newspaper article about their crimes)... 
 
Parents keep falling down on the job...pretending the problem is not near all large and wide spread as it keeps showing that it is...pretending the adults overseeing their children are not like that...they assume and hope but do not vet or verify. (kudos to the rare ones that do actually do vet and verify the other adults in their children's lives)
</content>
</comment>
<comment>
<content>        
Blaming the parents? Pedophiles are very good at what they do, and that is gaining trust. Even a vigilant parent can't be with their kid every second of the day. If a child is little league, school, a friend's house, or a hospital, a parent can't always be there.
</content>
</comment>
<comment>
<content>        
How is this news? The British press have been all over this story for months? And who is Terrence McCoy? What are his qualifications, other than attending an Ivy League school and serving in the Peace Corps? A review of stories in the last week that bear his by-line shows one about Jimmy Savile, one about a "Chinese millionaire," several about a biting incident in a World Cup game, and one about Nigerian kidnappings. Coverage a mile wide and an inch deep. The Post should fire its current bunch of "writers" and hire a few reporters who leave their computers and get out of the office occasionally. A few people who know what they're writing about.
</content>
</comment>
<comment>
<content>        
If you bothered to read the "Nigerian" story, it was mostly about the response on Twitter to the kidnappings (accompanied by a graph showing when interest peaked), not about the Muslim extremists or the kidnapped school girls.
</content>
</comment>
<comment>
<content>        
One, I or most in this Country have not ever heard of this guy. It certainly is NEWS to us. It is a perfect example of how people can look the other way with celebrates. Oh, we can forgive him/her because they make us laugh, entertain us and/or can score points. In this day and age of people being famous for only being famous, it is a good warning shot.
</content>
</comment>
<comment>
<content>        
1821: Your critique is certainly nasty and superficial, but it lacks substance or evidence. Speaking of writing skills, your second sentence is not a question, so you might have wanted to avoid a question mark for it. 
</content>
</comment>
<comment>
<content>        
Lacks substance or evidence? I listed the stories McCoy has written for the Post in the past week, and his credentials as listed on the Post website. The point is that none of the stories required him to stand up from in front of his computer and go out of the office to learn anything. (A couple of comments above, I note that his Nigerian kidnapping story was actually about Twitter response to the kidnappings.) 
 
Once, decades ago, when newspapers still employed copy boys, I used to work for the Post. I'm sad to see it slide downhill--possibly due to the recent change in ownership.
</content>
</comment>
</comments>
