<comments>
<topic id = "Raw-Topic-23" category = "6" />
<doc id="Raw-Topic-23_07" />
<comment>
<content>       
Watch 'Conspiracy of Silence' (John DeCamp) and/or read his 'Franklin Cover-Up'; check out 'Satanic Subversion of the US Military'. 
As witches and sorcerer have long known, there is power to be gained when you serve Lucifer by abominations against children (Luke 17:2 'It were better for him that a millstone were hanged about his neck, and he cast into the sea, than that he should offend one of these little ones').
</content>
</comment>
<comment>
<content>       
The 2 questions I have at this point is: since it seems like many people knew, he wasnt exactly hiding it, why is it that no one said/did anything. Secondly why are they still quiet? Surely the people around Savile, (hospitals etc.)and there are a lot of them, are either extremely scared or are very bad people (maybe both) who really didnt actually mind these activities either. I really would be worried if I had to stay in a hospital in this country.

Since I have been connecting the dots my theory is that snuff films are a big business so there is a blackmail chain going on here.
</content>
</comment>
<comment>
<content>       
This might be true but you cant convict anyone on that basis. Evidence is needed. Anyone doing a bit of research will see that this is a paedo-snuff ring and there is plenty of evidence, so I am not saying that it will be difficult to find. Look forward to an eventful summer.
</content>
</comment>
<comment>
<content>       
Savile revelations reveal a larger problem of abuse in NHS psychiatric hospitals and reflects the state of care with loopholes in care/reports...iv heard so many shocking stories of staff abuse and patient to patient abuse in hospital and witnessed and experienced stuff myself, the problem is most victims are not listened to as they are seen as unwell or their stories not deemed credible, i could list so many things happened..either ignored as the patient ins't deemed well and so is let off for doing things which would get you a prison sentence for outside...or accepted abuse as the patient as you are powerless against the staff. People go in for so called "care" "respite" and they come out abused and scarred, tormented for life...with all the madness that goes on, the shocking truth is that nurses have the power to make up stories, drug you up, take advantage of vulnerable people and twist what actually goes on in wards to report to the psychiatrist (who appears once a week for 10 mins) There are some kind, professional nurses but they often get shouted at but the thoughtless unkind control power freak ones. The whole system is designed to intimidate the patient and to demonstrate the complete power that the consultant has over another human being. Of course if you bring up these issues and incidents your deemed as unwell for reacting to being dehumanised and exposed to such horror.. I think this health secretary has a lot more to apologize for..so if Savile wasn't stopped with his status, how many other members of staff at NHS hospitals have been told of incidents (and im pretty sure there's thousands of others who have got away/getting away with it) that have failed in passing on complaints to senior managers. Anyone without family support or a good advocate in these places are just fodder for abusers and the system.
</content>
</comment>
<comment>
<content>       
Someone also needs to look into "Doctor's Confidentiality - Disclosures with/without consent. We live in a world where an insurance company can buy blocks of data with full details of the patients, the Government is actively canvassing commercial companies in this respect.

This means this confidentiality will only be applied (in practical terms) when there is something to hide, so operations etc gone wrong, mistakes made, or crime committed.

Confidentiality can (technically) be used to harbour criminals.

Plus selling data to third parties means it gets muddled up, or can get muddled up, this is again ideal for anyone who has things to hide, because they can blame a third party.

Cloud is the new black, and that also means third parties get involved so again ideal for anyone who does not want to take responsibility for the crimes they committed.
</content>
</comment>
<comment>
<content>       
This story goes way on high, more than just Savile, the whole British establishment are involved in these pedo rings. Just look here, we have been talking about this scandall for 3 years, this is nothing new.... http://www.davidicke.com/forum/showthread.php?t=222773
</content>
</comment>
<comment>
<content>       
I was in a city? last night and I went to an place to some ( sorry ) pole dancing. I coolly went up to this bloke and said how's it going mate, do you come here often. He looked me straight in the I and says, The names Presley man, Elvis Presley. I replied ------- hell, you're actually alive alive oh? ------- hell!
</content>
</comment>
<comment>
<content>       
Friend of the Royals, friend of Thatcher, friend of Israel. No wonder he was untouchable. Victims mentioned accomplices so where are their names? Did this cover Scotland where Savile often hosted Prince Charles? This is, in fact, a whitewash.
</content>
</comment>
<comment>
<content>       
The more shocking facts that emerge about Savile, the greater the comparison that can be made with the phone hacking scandal. In each case, it was clear that many people knew what was happening but said nothing. Whether at News International, the BBC or NHS hospitals and other institutions, senior individuals who had the power to act and intervene chose to look the other way. I hope those despicable people find it difficult to sleep at night, but that's assuming they have consciences to be troubled...
</content>
</comment>
<comment>
<content>       
I haven't read it all, but this latest tale, bears a strong resemblance to a story I read in newspapers over twenty years ago, namely the satanic abuse case/s...

In other words, an untried and therefore unsubstantiated crime is gradually embellished until the accused (not the guilty remember), is actually the devil incarnate, with a red suit, a tail and a fork...

Still I suppose it sells papers and keeps the communitarians employed.
</content>
</comment>
<comment>
<content>       
It bears very little resemblance to that story. Savile was famous and well connected unlike anybody connected to the so-called Satanic abuse case. Savile attacked people from 5 to 75 and many different locations. People have been saying this about him for years. You need to take a long, hard look at yourself.
</content>
</comment>
<comment>
<content>       
Has Jimmy Savile been charged, attended court, or been found guilty of any crime?

If not...

I think it is you that should take a long hard look at yourself! 

We still, just about, have the remnants of our own world beating judicial system, even though our current politicians are bent on undermining and eventually destroying it.

Apart from the lack of the above, my point was that the stories, are becoming ever more lurid, which is what I remember happening in the cases that I mentioned. 

It only adds fuel to my argument that people are INNOCENT UNTIL PROVEN GUILTY by their peers in one of Her Majesty's courts. In those cases there was no sign of abuse, but rather a mistaken idea, that kept being embellished rather than being brought into disrepute directly. Of course, the whole thing fell apart in court... The perpetrators of the cases were of similar bent to the people mentioned in the story above... Professionals.

Of course, it might be the case that were he to have been charged and tried, and found guilty, that I could then take a good look at myself, we shall never know.
</content>
</comment>
<comment>
<content>       
World beating? What are you on about? Who says? Back to the Daily Mail with you. Because this scumbag was a Tory you get up on your high horse. The FACT is that he was a paedophile. Most people would condemn him for that. Jeez.
</content>
</comment>
<comment>
<content>       
This 'investigation' is now showing all the signs of uncovering a collection of cooks and fantasists who are making wild and totally uncorroborated claims as nutty as their imaginations create.
Anyone who actually believes this stuff is buying into the convenient agenda of the media.
</content>
</comment>
<comment>
<content>       
It is always dangerous to let 'celebrities' become involved as experts in subjects they know little about...thank goodness we don't do that anymore! What next Russel Brand attending Select Committees???
</content>
</comment>
<comment>
<content>       
Goes to show that the celeb. culture's been around for rather longer than the last couple of decades in which it's been particularly obvious; and that if you're famous enough the powers that be queue to nuzzle your rear end and ensure that you're inviolable, however outrageously you behave.

The elite's grovelling before the Murdoch press strikes me and different in detail but essentially the same in principle. Squalor is shot through the whole elite establishment, like a sort of grubby irridescence.
</content>
</comment>
<comment>
<content>       
Very little! It speaks more of the public's fascination with people who commit monstrous acts involving s ex and violence than it does of genuine outrage....If they find out, Tomorrow, what H's, favourite breakfast food was, it would not fail to be in the U.K., National Press on the same day!
</content>
</comment>
<comment>
<content>       
What's so amazing is all the facts now coming to light. So many people claimed to have known, told their bosses and kept quiet about it. 

Over and over again people who knew, not just bosses, kept quiet. When the first place to go would of been the police, if they did nothing then the newspapers. 

I'm not defending him, I'm accusing those around him who did nothing when he was obviously a very evil person. 

Or are they coming forward for their 15 minutes. With extra lurid tails?
</content>
</comment>
<comment>
<content>       
Are you genuinely na?ve or is it an act? Savile had many friends in the Establishment from senior police to the Cabinet to the Royal family. He was made a Knight of the Realm for goodness sake and a Papal Knight. His victims were LAUGHED AT. Dear oh dear.
</content>
</comment>
<comment>
<content>       
Savile had access to Prime Ministers and Royalty yet the security services turned a blind eye to his abuse (and Cyril Smith's)? He would have been vetted and cleared by the security services!!! Surely collusion at the very least...

What about the others that are still alive... and I dont mean the BBC Presenters and DJ's??? There is a law for the working class and no rule of law for the ruling class...
</content>
</comment>
<comment>
<content>       
Vile human being. Those still alive who turned a blind eye to his disgusting evil behaviour need to be found and held accountable. Savile is dirty scum and so are the ignorant idiots defending him. Rot in hell savile you vile piece of ****
</content>
</comment>
<comment>
<content>       
You may well include me in the list. However, I have no idea whether or not he did that of which he is accused, but I would prefer to see some evidence in place of allegation from those who have a potential vested interest. Don't forget, it's your money that will be used to provide 'compensation'.
</content>
</comment>
<comment>
<content>       
Seabee: I agree wholeheartedly. This has all the hallmarks of a crowd of cooks coming out from under their sad rocks and unleashing a wave of crazy allegations that no one will ever be able to verify.
</content>
</comment>
<comment>
<content>       
Start working from home! Great job for students, stay-at-home moms or anyone needing an extra income... You only need a computer and a reliable internet connection... Make $90 hourly and up to $12000 a month by following link at the bottom and signing up... You can have your first check by the end of this week.........WWW.JOBSBAT.?OM
</content>
</comment>
<comment>
<content>       
of course as we are all being told It is todays world that is immoral and unsafe to let your kids out to play because there are weird people around 'these days'.

Not like the good old days when everyone was safe and respectfull.
</content>
</comment>
<comment>
<content>       
I think most of these allegations are from attention-seeking parasites that have  signs in their eyes. I'm surprised nobody else noticeed that since J. Savile was accused that a lot of other celebs have been targeted for the same thing. Some of the accusations are quite frankly, rediculous. I've been meaning to say this from the beginning ... Down on their luck women slandering a dead man's name. How charming. I'll be the next...</content>
</comment>
<comment>
<content>       
I knew JS as a friend for many years and went to his Friday get together. Maybe I missed something but I will tell you this ,I knew all the "Jewellery" he had. There was no glass eye or anything like it. His friends and family are devastated and shocked by the revelations,the man we knew is not the person in the reports. We spotted nothing untoward ,he was good company,if we had we would have acted.
</content>
</comment>
<comment>
<content>       
It's very courageous of you to step up and say this T, but I think you're overstating the case when you say that the man you knew wasn't the person in the reports. Clearly, he was, as the evidence now demonstrates.
</content>
</comment>
<comment>
<content>       
Maybe instead of apologising the government might explain why this vile man was protected by secret services for 40 years, why case files went missing, why senior politicians leant on investigators and why witness were threatened and intimidated by government agencies. Maybe they could explain why even though there were hundreds of complaints the CPS never prosecuted him. The same goes for Cyril Smith and all the other nonces they protect and what about Savile's links to he royal family? This stinks, like the whole rotten establishment it stinks, we need to get to the bottom of this, because its still going on. Children are being raped tortured and abused for the sick pleasure of establishment paedophiles and there is evidence emerging that secret services have been procuring children for establishment paedophiles and even filming the abuse to use a leverage later. There is a campaign being launched with now dozens of MP's signed up to launch a full Hillsborough type inquiry into the cover ups and establishment collusion in hundreds of child abuse cases (including child snuff movies and ritual sacrifice. Mr Cameron of course doesn't think this is necessary. Write to your MP and challenge them them to support this enquiry, if they don't them ask them what they have got to hide and make public their response. This post like every other that I've made in relation to establishment paedophiles will be removed by moderators, but spread the word, all this information is in the public domain and surviving victims are becoming bold enough to tell the what happened
</content>
</comment>
<comment>
<content>       
Same with sexual assault in schools, government bodies cover it up. 1 in 3 girls suffers sexual assault at school, including my daughter aged 6. Could I get the authorities to do anything about it? No. Not at all. All the teachers and boys that made her life a misery stayed in place, she had to leave for her own safety. Do you see that fact in Ofsted reports ... not one word.
</content>
</comment>
<comment>
<content>       
" 1 in 3 girls suffers sexual assault at school" I am very sorry for your daughter, but I would have to question where you are getting your statistics from! 1 in 3 is outrageously overblown
</content>
</comment>
<comment>
<content>       
May I then ask "Sceptical" to give us a reference to the "real" figure, then? Then we can see where you are getting *your* statistics from.

However, that still leaves the issue of the reliability (or otherwise) of the official figures, as raised by Derrington.

Are you saying: "Of course the official figures aren't wrong; we know that because the official figures prove that the official figures are correct." ???

So even if you do manage to cough up some figures, you may be trapped in a silly circular argument, borne out of misplaced blind faith.

I think it's up to you, Sceptical, to justify your "outrageously overblown" comment.
</content>
</comment>
<comment>
<content>       
Exactly awakenedmind. Time for the people to smash the establishment and smash Eton school, Oxford  and  Cambridge universities which are breeding grounds for the establishment
</content>
</comment>
<comment>
<content>       
Pretty sad state of Britain's 'justice' system when allegations, not tested by a court, are published as gospel.

I have no thoughts as to Saville's guilt or innocence and as an 'entertainer' I didn't care for his style.

Nevertheless, everyone is, supposedly, innocent until proven guilty and therefore whatever gossip Scotland Yard has assembled has little value.

Given the opportunities arising from these allegations for making money - for example the former Plod who suddenly claimed to be an 'expert' in child abuse was actively trolling for business on TV programs.

And Scotland Yard is, these days, deservedly tainted with bribery and corruption so it's credibility is dubious at best.

Some allegations were made when Saville was still alive. The officials aware of these allegations are guilty of failing to do their duty. They, however, were never punished.
</content>
</comment>
</comments>
