<doc id="Raw-Topic-23_03"> 
<news_source>
The Telegraph
</news_source>

<date>
June 26, 2014
</date>

<author_source>         
</author_source>

<headline>
Jimmy Savile latest: Jeremy Hunt apologises for the 'sickening' abuse victims endured over decades
</headline>

<text>
<p>
The Health Secretary, responding to the publication of reports into the abuse at 28 NHS hospitals, says victims were "let down badly" and calls Savile a "callous, opportunistic, wicked predator"
</p>
<p>
Health Secretary Jeremy Hunt has apologised to the victims of Jimmy Savile's "sickening" sexual abuse, who were "let down badly" by the NHS over several decades.
</p>
<p>
Giving the government's response to 28 independent reports, each covering a different NHS hospital, Mr Hunt acknowledged in the House of Commons the "pain" that many of the disc-jockey's victims are "still reliving".
</p>
<p>
Mr Hunt said: "Today I want to apologise on behalf of the Government and the NHS to all the victims who were abused by Savile in NHS-run institutions.
</p>
<p>
"We let them down badly and however long ago it may have been, many of them are still reliving the pain they went through.
</p>
<p>
"If we cannot undo the past, I hope that honesty and transparency about what happened can at least alleviate some of the suffering, it's the least we owe them."
</p>
<p>
Mr Hunt said Savile repeatedly exploited the "trust of a nation" for his own "vile purposes" and that victims who spoke up were not believed.
</p>
<p>
The Health Secretary stressed it was important to recognise the "profoundly uncomfortable truth" of what the victims went through.
</p>
<p>
Mr Hunt told the Commons: "I know this House, indeed the whole country, will share a deep sense of revulsion at what they (the investigations) revealed.
</p>
<p>
"A litany of disturbing accounts of rape and sexual abuse committed by Savile on vulnerable children and adults over a period of decades.
</p>
<p>
"At the time the victims who spoke up were not believed and it's important today that we all publicly recognise the truth of what they have said.
</p>
<p>
"But it is a profoundly uncomfortable truth.
</p>
<p>
"As a nation at that time we held Savile in our affection as a somewhat eccentric national treasure with a strong commitment to charitable causes.
</p>
<p>
"Today's report (says) that in reality he was a sickening and prolific sexual abuser who repeatedly exploited the trust of a nation for his own vile purposes."
</p>
<p>
His description of Savile as previously being held in the nation's affection as a "somewhat eccentric national treasure" were met with shouts of "no he wasn't" from some on the Labour benches.
</p>
<p>
Mr Hunt said the revelations painted a "terrible picture" of victims being repeatedly ignored as people and institutions "turned a blind eye".
</p>
<p>
The Health Secretary said: "Today's reports will shake this House and our country to the core.
</p>
<p>
"Savile was a callous, opportunistic, wicked predator who abused and raped individuals, many of them patients and young people who expected and had a right to expect to be safe.
</p>
<p>
"His actions span five decades, from the 1960s to 2010.
</p>
<p>
"The family favourite loved by millions courted popularity and used it to perpetrate and cover up his own evil acts.
</p>
<p>
"I, and I'm sure the whole House, will want to pay tribute to all the victims who came forward to talk about their experiences.
</p>
<p>
"It took great courage for them to relive their often extremely distressing and disturbing experiences.
</p>
<p>
"These reports paint a terrible picture as time and again victims were ignored or if they were not, little or no action was taken.
</p>
<p>
"The systems in place to protect people were either to weak or were ignored.
</p>
<p>
"People and institutions turned a blind eye."
</p>
</text>
</doc>
