<doc id="Raw-Topic-23_01"> 
<news_source>
The Guardian
</news_source>

<date>
June 26, 2014
</date>

<author_source>         
</author_source>

<headline>
Jimmy Savile: timeline of his sexual abuse and its uncovering
</headline>

<text>
<p>
It is now known that Jimmy Savile sexually abused hundreds of children and women at the height of his fame.
</p>
<p>
Investigators believe the late Top of the Pops host preyed on around 500 vulnerable victims as young as two years old at institutions including the BBC's broadcasting studios, 14 hospitals and 20 children's hospitals across England.
</p>
<p>
Since his death in October 2011, a string of official inquiries have been launched into his offending at hospitals, schools and the BBC.
</p>
<p>
Today an independent inquiry found that Savile abused 60 people, including at least 33 patients aged from five to 75, at Leeds general infirmary. Other hospitals have also released the results of their Savile investigations.
</p>
<p>
31 October 1926: Savile is born in Leeds, the youngest of seven children.
</p>
<p>
1955: The earliest incident of abuse recorded by the police. It took place in Manchester, where at the time he managed a dance hall.
</p>
<p>
1960: In one of a handful of example cases given by the police, a 10-year-old boy asked Savile for his autograph outside a hotel. Savile took the boy inside and seriously sexually assaulted him.
</p>
<p>
1 January 1964: Savile presents the first ever Top of the Pops for the BBC. He had previously been a DJ at Radio Luxembourg in 1958.
</p>
<p>
1965: Records show abuse started at the BBC, at Leeds general infirmary, where Savile was a long-term volunteer porter, and at Stoke Mandeville hospital, where he also volunteered.
</p>
<p>
1966: This was the start of what police have identified as Savile's peak period for abuse, which lasted a decade.
</p>
<p>
1970: Records show Savile started to abuse girls at Duncroft girls' school near Staines, Surrey, where he was a regular visitor.
</p>
<p>
1972: In another example of Savile's offences listed by police, he is recorded as groping a 12-year-old boy and his two female friends who were attending a recording of Top of the Pops.
</p>
<p>
1980s: At some point in the decade, a female victim is believed to have told the Metropolitan police she was assaulted in Savile's campervan in a BBC car park. The police file cannot be located and the investigating officer is now dead.
</p>
<p>
1990: Savile is knighted, also receiving a papal knighthood.
</p>
<p>
April 2000: In a TV documentary presented by Louis Theroux, Savile acknowledges the rumours about him being a paedophile, but denies it.
</p>
<p>
26 July 2006: Savile co-presents the final Top of the Pops, an occasion that gave rise to one of the allegations made to police.
</p>
<p>
March 2008: Savile begins legal proceedings against a newspaper that linked him to abuse at the Jersey children's home Haut de la Garenne.
</p>
<p>
2009: Savile is interviewed under caution by Surrey police investigating an alleged indecent assault at Duncroft school. The CPS advised there was insufficient evidence to take any further action. This was the year of the last offence recorded by the current investigation.
</p>
<p>
Police have given another example offence dating from this year in which a 43-year-old woman was sexually assaulted by Savile on a train journey between Leeds and London.
</p>
<p>
2011: the scandal breaks
</p>
<p>
29 October: Jimmy Savile dies.
</p>
<p>
Early November: A Newsnight investigation into Savile begins. Reporter Liz Mackean and researcher Hannah Livingston make contact with former Duncroft pupils.
</p>
<p>
11 November: A BBC tribute programme is aired on BBC1 called Jimmy Savile: As It Happened.
</p>
<p>
1 December: The Newsnight editor Peter Rippon emails reporter Meirion Jones telling him to stop working on other elements of the investigation because it is not strong enough without confirmation of the CPS angle and saying that he (Rippon) will pull the editing.
</p>
<p>
Jones emails himself the "red flag email" in which he sets out what he sees as the consequences for the BBC if the story does not run.
</p>
<p>
5 December: Surrey police confirm that they investigated "a historic allegation of indecent assault ... alleged to have occurred at a children's home in Staines in the 1970s" and that they referred this to the CPS.
</p>
<p>
9 December: The CPS informs Jones it decided not to prosecute Savile because of lack of evidence and not because he was old or infirm.
</p>
<p>
Rippon and Jones meet and Jones tells Rippon that he accepts the decision that he is not to pursue the story any more.
</p>
<p>
2012
</p>
<p>
8 January: The Sunday Mirror reports that the Newsnight investigation was axed and refers to a clash with the Fix It tribute show.
</p>
<p>
9 February: Miles Goslett reports in the Oldie that Newsnight's Savile investigation was pulled because of the tribute programmes and that allegations were made about abuse on BBC premises. The article alleges that the BBC had information the police did not and that Mark Thompson knew of the report. Further stories follow in the Daily Telegraph and the Daily Mail.
</p>
<p>
7 September: The BBC receives a letter from ITV giving notice of the Exposure documentary on the Savile sex abuse allegations and posing questions.
</p>
<p>
3 October: The ITV Exposure programme on Savile is broadcast.
</p>
<p>
8 October: The BBC director-general George Entwistle appears on the Today programme. Mackean emails Entwistle to share her "disquiet" with "the handling of the Newsnight Savile story" and pointing out inaccuracy in an all-staff email.
</p>
<p>
Entwistle asks Ken MacQuarrie, BBC Scotland director, to investigate the circumstances in which the Newsnight investigation was dropped.
</p>
<p>
22 October: The Panorama special on the BBC and Savile is broadcast.
</p>
<p>
23 October: Entwistle appears before the Commons culture, media and sport select committee.
</p>
<p>
October: BBC asks Dame Janet Smith to investigate the culture and practices of the BBC in the decades that Savile worked there.
</p>
<p>
10 November: Entwistle resigns as director-general of the BBC.
</p>
<p>
2013
</p>
<p>
11 January: Scotland Yard labels Savile a "prolific, predatory" sex offender after its investigation reveals 214 criminal offences across 28 police forces, between 1955 and 2009. Its report, Giving Victims a Voice, found that 73% of his victims were children, and the allegations of abuse span 14 medical establishments.
</p>
<p>
2014
</p>
<p>
2 June: NSPCC research for BBC Panorama confirms there have been at least 500 reports of abuse by Savile.
</p>
<p>
26 June: Department of Health publishes the results of investigations by 28 medical establishments, including Leeds General infirmary and Broadmoor hospital. In Leeds, Savile abused 60 people including at least 33 patients aged from five to 75. At high-security Broadmoor hospital, the broadcaster abused at least five individuals, including two patients who were subjected to repeated assaults.
</p>
</text>
</doc>
