<doc id="Raw-Topic-23_06"> 
<news_source>
The Washiton Post
</news_source>

<date>
June 26, 2014
</date>

<author_source>         
</author_source>

<headline>
How BBC star Jimmy Savile got away with allegedly abusing 500 children and sex with dead bodies
</headline>

<text>
<p>
Jimmy Savile was never a handsome man. His face, even in his early days at the BBC, was all sharp edges  the hook of his nose, the jagged-tooth grin, the boggle-eyed look of eccentricity, humor and derangement. At times, he seemed almost make believe. He had platinum hair. A fat cigar perpetually hung out of his mouth. He seemed to communicate exclusively in catchphrases: "now then, now then," "howzabout that then," "as it appens." The kids just loved his gags.
</p>
<p>
There was always something off about Savile, who hosted the BBC's "Jim'll Fix it," palled around with the royal family, reportedly spent holidays with the Thatchers and was knighted not only by Queen Elizabeth but by Pope John Paul II. But most forgave his idiosyncratic nature. He was, after all, a great man. He raised $5.2 million for a hospital in Leeds, one of the United Kingdom's largest. He volunteered countless hours as a hospital aide, busing patients to and fro. He helped scores of young doctors get their starts.
</p>
<p>
Sure, there were rumors. Whispers that he wasn't everything he seemed. Murmurs he was really a sexual predator and had abused dozens of children. But they never stuck. Not Jimmy Savile, people told themselves  not "fix-it Jim."
</p>
<p>
On October 29, 2011, Savile died at his home in Leeds. "Most of all, I remember him as just a totally flamboyant, over-the-top, larger-than-life character," radio presenter David Hamilton told the Guardian, praising his "tireless" philanthropy. "And as he was on the air, he was just the same off."
</p>
<p>
But he wasn't. And just how wrong that assessment was emerged this month.
</p>
<p>
Savile, according to a U.K. National Health Service investigation released Thursday, was a prolific pedophile. The health service investigation only confirmed behavior described in several earlier probes since his death. In all, Savile is believed to have abused at least 500 girls and boys, some as young as two, most between 13 and 15, as well as countless adults ranging up to 75 years old. With unfettered access to Leeds General Infirmary, the health service report said, he raped and fondled boys, girls, men and women in offices and corridors. He also allegedly committed sexual acts on dead bodies, and even told several hospital workers that he made jewelry out of one man's glass eyeball.
</p>
<p>
As shocking as the findings are, even more shocking is the fact that Savile got away with it for so long. That realization has "shaken our country to the core," U.K. Health Secretary Jeremy Hunt said Thursday. For decades, while Savile hosted show after show and glad-handed, the abuse went on. Numerous columns have asked: How? How did no one know? Why wasn't he stopped?
</p>
<p>
The answer, according to the National Health Service, psychologists, and academics, lies in the pervasive and intimidating power of celebrity. He was so well-known that even when his behavior struck some as strange or lewd, he was allowed to carry on because he was Jimmy Savile and was raising millions. "I don't know if he were a law unto himself, but because of his celebrity status, he sort of basically had the run of the place," one hospital worker told investigators.
</p>
<p>
One woman recalled Savile sexually assaulting her when she was 16. Even decades later, she told investigators, she remembered it vividly. After he was done, he turned an imperial eye to her. "You won't talk about this," he told her. "Nobody will believe you. I'm Jimmy Savile. I can get you." The girl said she told her mother, but she didn't believe her. The girl never talked about it again.
</p>
<p>
Savile, wrote Ian Robertson, a professor of psychology at Trinity College Dublin, had a "super-sense of being able to sniff out the most psychologically vulnerable who would either not tell or not be believed.  Here we have an associate of the highest echelons of British society. This halo likely acted like a protective force-field around him, not because of any collusion by any of the elite necessarily, but simply because of his repeated association with their own super-status."
</p>
<p>
In 1960, when Savile was 34, he arrived at Leeds General Infirmary to begin a relationship with the sprawling institution that would last five decades. At first, he mostly dealt in fundraising. But in 1968, he had an unusual request: He wanted to become a "porter" and bus patients. "When Mr. Savile offered his services as a voluntary porter I was a little concerned about the press implications and how he would fit into a busy teaching hospital," a hospital director later said. "My concern was wholly unfounded and he has done an extremely good job and is accepted by all sections of the staff."
</p>
<p>
Soon Savile, who described himself as the "chief cheerer-upper" and wore and a "distinctive white coat" embroidered with his name, ingratiated himself. He assumed a greater collection of privileges that included his own parking space and nearly limitless range of the facilities. He frequently parked his camper van overnight at the hospital, and workers would dispatch 8 a.m. coffee to its door.
</p>
<p>
That power dampened some suspicion  but not all. When one woman "went to shake his hand  he took my hand and kissed me on the back of my hand then sort of multiple kisses going up my arm towards my shoulder," she told investigators. "I didn't feel confident enough to say, particularly because he was famous, to say, That's inappropriate.'"
</p>
<p>
Then, in a flash, Savile would revert back to his television persona.
</p>
<p>
His behavior  mania, dissociation with his victims, split personalities  evinces something psychologists call a "dark triad of personality characteristics." Psychologist Oliver James wrote that Savile was likely afflicted with psychopathy, Machiavellianism and narcissism. "Such people often are able to slide effortlessly between personas.  Savile must have had a fantastical inner life  grandiose, wild and desperate."
</p>
<p>
But for the most part, that's where it stayed: on the inside. And that obfuscation is what perhaps perpetuated the reported abuse.
</p>
<p>
In a New Yorker piece on Jerry Sandusky, entitled "In Plain View: How child molesters get away with it," Malcolm Gladwell said the most prolific pedophile is rarely the "disheveled old man baldly offering candy to preschoolers." Rather, pedophiles can be agreeable members of the community. "People didn't believe that [he] was a pedophile because people liked [him]  without realizing that [he] was in the business of being likeable."
</p>
<p>
And few in Britain during the 1970s and 1980s were more liked than Jimmy Savile.
</p>
</text>
</doc>
