<comments>
<topic id = "Raw-Topic-3" category = "1" />
<doc id="Raw-Topic-3_05" />
<comment>
<content>        
First my prayers to all those who lost their lives in this tragic incident. No doubt, the recent dictats from china to identify all planes flying through/in south china seas. Some will immediately jump to say i am wrong given that the plane was headed to china and many were chinese, this is where the chinese score, two mangoes in one stone given the recent ulghuirs terrorism across western china and the chinese right to airspace/ maritime territory in south china seas, the chinese want to send out a message to the whole world and in particular to Asean by creating a doubt in the minds of the govts across the globe and Asean that their threats are real on claims in south china sea and play victim card describing it as a terrorist act where necessary as a political tool for any military action. The 250 ppl have been sacrified to solve both the issues (terrorism and south china sea) once for all unlike the indians who still dont know how to resolve the kashmir issue or the NE issue or the SL issue or the US issue. Shame on the indians who talk but no action.
</content>
</comment>
<comment>
<content>
@Sridhar: ...too early for conspiracy theories. The clues are emerging, hold your breath.....let the photos of the fake passport holders flash on the television screens - some security cameras must have caught the images of all the passengers.
</content>
</comment>
<comment>       
<content>        
@moronbasher: based in Kl i know the systems better in Asean than you guys in india. Viz a Viz the reports of chinese aggression across the Asean countries. However i would like to add the MAS airlines are very old planes and definetely a receipe of disaster. the way the KL airport functions is terrible, keep the boarding gates changed too frequently even after obtaining boarding pass on a regular basis. This happens especially to all asean destination countries, i have experienced myself atleast 6 times in the last 8 months and have also heard from indian that they do the same with indian bound destinations. I suspect this frequent changes is due to the very poor confidence levels and inadequate security staff who are as well very lax and at all times keep harassing the passengers on flimsy grounds.
</content>
</comment>
<comment>
<content>
The lack of any alarm with ATC signifies either a sudden explosion or implosion in the aircraft. Such wss the severity that pilots could not send a May day message. Investigating agencies shiuld establish the identity of those passengers travelling on fake passports.
</content>
</comment>
<comment>       
<content>        
I wish they all ll come back safe. After the news of stolen passport this story is looking like more twisted, thrilling and intresting..this is going to be most amezing and thrilling story in aviation history..it ll be too early to say tht its a hijack or crash or something else. The only thing we can do now is we can pray for the life of 239 ppl.
</content>
</comment>
<comment>
<content>
There is one more possibility which is recently Indigo Airline pilot asked to get off CCL team members for misbehaving, if such incident happened in the mid air some times you can not control the pilot.
</content>
</comment>
<comment>       
<content>        
One more theory: Terrorists, well-trained in flying, might have taken over the controls and switched off the transponder. At least one transponder should be maintained which cannot be switched off from the cockpit.
</content>
</comment>
</comments>
