<comments>
<topic id = "Raw-Topic-3" category = "1" />
<doc id="Raw-Topic-3_01" />
<comment>
<content>        
I haven't introduced one to answer that but if i do i will provide fault tolerance upto an extent.
And whatever you are telling is already applicable to many mission critical applications deployed which depends on network. At-least ATM's are running worldwide.
</content>
</comment>
<comment>
<content>
yes in deed as rude at as it is the yet flaws in technology are still he barriers in success. 
With out knowingly what happened i am guessing 
1. terrorist package exploded disintegration the aircraft
2. the pilot invited everyone to party turned off the title tail monitors and is having cocktails withe the passengers and crew laughing their tail to the moon
3. they made a sudden change in flight course right into the path of a oncoming plane 
4. i am adding 4 for possibilities beyond my imagination
</content>
</comment>
<comment>       
<content>        
I would wager that if it was a terrorist act, it was done by anyone EXCEPT the two with stolen passports. They wouldn't risk having their plot foiled by getting caught before boarding. There's plenty of terrorists with their own passports!
</content>
</comment>
<comment>
<content>
Oh pullease. Israel only acts in its own defense to get the terrorists. The incidents you're talking about happened in the 40's and against the British who were blocking Jews. What planet are you existing on?
</content>
</comment>
<comment>       
<content>        
You underestimate the Malay taste for bribery. Everyone is for sale and everyone can be bought. Illegal aliens in Malaysia know that, as well as those with stolen passports who boarded the plane.
</content>
</comment>
<comment>
<content>
Not to mention that they apparently boarded a flight previously without any explosives as a test run. If they were caught on that attempt, the most they could get would be a couple of years in jail for having stolen passports. If these guys are willing to sacrifice themselves for "allah", a couple of years in jail would be nothing (they'd probably even enjoy it), and someone else could fill their shoes (literally) for the actual attempt.
</content>
</comment>
<comment>       
<content>        
the whom of the two stated they were purchased for $10,000 that is a lot of money in my head though i believe terrorist would pay that and more to have someone bring luggage of explosives on board is there any word on the two stolen passport characters luggage
</content>
</comment>
<comment>
<content>
Wouldn't uploading to cloud leave the black box vulnerable to hackers. If someone is smart enough to take out a plane,then they probably have the know-how to hack the information stored .. Yes?
</content>
</comment>
<comment>       
<content>        
Maybe. It depends on the encryption technique, if any. Encryption is a bit more expensive and can slow the data slightly but available good encryption makes hacking nearly impossible. Consider your on-line banking, which is quite resistant to hacking.

Nothing is perfect but there are techniques, like spreading the data over several servers, to reduce the likely success of hacking.

The big limitation might be satellite bandwidth. With up to 5,000 aircraft in flight, each one sending a real-time stream of data, that's a lot of data bits.
</content>
</comment>
<comment>
<content>
Or the Black Box could just send Analog signals like it already does with the ATC but this on a different frequency and the different receiving frequency records the Voice Box Data. No need of a lot of bandwidth and stuff. Just send the data and the ground does all the work.
</content>
</comment>
<comment>       
<content>        
Correct, to a point. The ATC radios are generally effective only within 200 miles (approx) of the ground site. They use freqs roughly between 118 and 136 MHz, which is VHF line-of-site, much like the familiar FM broadcast radio, 88 - 108. Due to range limitations, they're not effective in an open-ocean, lost-plane scenario.

Many potential data frequencies (betw. 118  and  136) are already in use for voice. I think if the data recording is going to happen on the ground, they will need to use a mixed approach -- more than one band and more than one type of relay.

Another approach is Time Division Multiple Access, TDMA, like some cell phone systems use. Each user gets a few milliseconds to send a data burst but they share a single common frequency. Other possibilities are great in number.
</content>
</comment>
<comment>
<content>
No, not stupid at all. They do use repeaters on land, but this only overcomes the distance limitation somewhat. Many ATC radios don't transmit locally (near the airport or near the Air Route Traffic Control Center) . The in-and-out voice signals go back and forth over radio links or telephone lines to a mountaintop location where the actual radio sets are located, often in concrete huts at the base of a tower. Height improves range at the frequencies used for this function, like when you're up high, "you can see forever." (Most TV stations work it that way, too; they seldom have a transmitting tower at the studio. They take advantage of the altitude on a nearby mountaintop, if available.)

Repeaters aren't practical in the open ocean. Even if they existed, each one wouldn't have much coverage because of its low height. You would need thousands of them to produce worldwide coverage. If you were going to provide such coverage, launching satellites expressly for the purpose would make much more sense, technically, financially and operationally.

The urge to get it done has to be matched with somebody who would pay for it. The industry already exists; most companies would be happy to expand for the new service. However, they answer to stockholders who aren't all charitable, so wave a checkbook if you want to be noticed. :-)
</content>
</comment>
<comment>       
<content>        
Come on, we have millions of gamers all sending their movements over the net and playing games in real time. I think they could send critical locations and pilot conversation (digitized and compressed - or even dragon dictated) for a few thousand aircraft. Of course, the world would need to want that to happen and spend the capital needed to make a global system that was up-to-date and effective. Technically feasible yet expensive.
</content>
</comment>
<comment>
<content>
Yes sir. I'm sorry for the inconvenience. We will get this over with as quickly as possible. It is this airlines policy to finger print all passengers who present stolen passports. I am terribly sorry. As I said, we shall strive to minimize any delay this may cause you. You should be boarding the plane in a few minutes.
</content>
</comment>
<comment>       
<content>        
Hmm, but yet Internet access for passengers on ocean-crossing flights is commonplace... It's hardly a major leap to hook up the plane's recorders too. And keep the black boxes for redundancy.
</content>
</comment>
<comment>
<content>
Haha, calm down tough guy. There are many devices that allow you to access internet from anywhere when traveling overseas. That even includes oversea plane flights. My mistake in calling it a Mifi because it is not a Mifi. Even so, most oversea flights provide Wifi if you pay for it so why wouldn't they be able to store blackbox data through a cloud network?
</content>
</comment>
<comment>       
<content>        
Could the planes controls get hacked from inside the plane? Just curious . I can't see explosives getting by security but if one could hack into the auto pilot then they could control the plane and could they also control radio transmissions?
</content>
</comment>
<comment>
<content>
To answer all of your questions. Yes. It happens. This is why the FAA directive to turn off all PED's, personal electronic devices during take off and landing stands. On October 4th, 2009, a passenger using a Sony PSP hacked the autopilot of an Alaskan Airlines Boeing 727 departing LAX. This flight was bound for Honolulu. Before the flight crew realized that they were off course, the aircraft departed controlled airspace to pass within 3500 meters of the western stanchion of the Golden Gate Bridge. This news item quietly went away behind other headlines such as: Eight US soldiers killed by Taliban in Afghanistan. UN praises Iranian 'co-operation', etc.
</content>
</comment>
<comment>       
<content>        
Mifi is a personal device that sends and receives data through the mobile phone network. Generally, if you have mobile voice service, you will have mobile data, too and your mifi device will create a hotspot (like at Starbucks) for one or more other devices to access the Internet.

A mifi device won't work over the open ocean because the range of the mobile phone cells is only a hundred miles, at best. (I completed a call from 70 miles at sea outside Norfolk, but I was very high on an USN aircraft carrier -- perhaps 100 feet off the water -- and the quality was shaky.)

Open-ocean Internet service comes by satellite. There are numerous companies that want the business and are advancing the art, planning satellite launches and signing up customers. Bandwidth will become more plentiful and cheaper but you will probably continue to hook into the planes wifi, not your own mifi.
</content>
</comment>
<comment>
<content>
A lot of trans-Atlantic flights have onboard internet access as well as courtesy phones for passengers. Why is the concept of internet coverage for flight crew data such a problem?

"Weather conditions?" - Why is that an issue for an aircraft flying thousands of feet above all weather while bouncing a satellite connection?
</content>
</comment>
<comment>       
<content>        
Read something that said there aren't enough satellites in orbit right now to handle that amount of bandwidth. Roughly 50,000 - 70,000 flights per day, and they said given the current limit from satellites available, they couldn't even handle recording half of that at the moment.
</content>
</comment>
<comment>
<content>
A subset of the data should be streamed for sure. The pilots are not keen on their every word being streamed, however, as it means that even their chit-chat for possibly many hours is recorded, and their unions have fought against it for that reason.
</content>
</comment>
<comment>       
<content>        
HF, VHF, UHF, VUHF, and any other area of the Frequency range can be used. If they have radio contact with the ground, they can transmit data as well. Doesn't have to be WiFi or Internet based. Heck, If a HAM RADIO operator can talk half way around the world, they can transmit this data to the ground. With the recent compression of frequencies to narrow banding, there is plenty of room out there.
</content>
</comment>
<comment>
<content>
HF Radio is actively used by aircraft. In the western US, monitor 10.057 and listen to radio voice messages between planes and San Francisco. However, using HF for lots of data streams is sketchy. I am a ham.
</content>
</comment>
<comment>       
<content>        
yes the future of technology observations devices that can not be turned off or manipulated by the observed 
could you image if the black box was remote to a database with its own class the server storage and man hour and whether or not the information was tampered with
</content>
</comment>
<comment>
<content>
Are you sure? They could be held hostage while the plane is outfitted for a 911 style attack. Not hard to land one of those planes on a smaller runway once you drop the fuel to lighten the load. Until they find wreckage, I will still hold out hope they will be found alive.
</content>
</comment>
<comment>       
<content>        
Where was God when the people were boarding the plane? If he didn't want them killed, he would have gave them a stomach ache or something so they missed the flight. Didn't you see Final Destination?

So, God does need to bless them, he decided to have them all killed. No need to pray or even think about it, for religious people. It was God's will.

For the rest of us supernatural-is-nonsense crowd. We need to get the black boxes, investigate what happened and improve the design and proceedures so that it doesn't happen so easily again (two people with fake passports, that were stolen one and two years ago easily got visas and allowed to board the plane, no passport database!).
</content>
</comment>
<comment>
<content>
They don't even know where the plane is and you say we need to get the black boxes. The plane is about 3 miles down on the bottom of the ocean. Go for a dive and recover it.

As far as "god should have gave them stomach aches", you really are a moron. If someone walked up, and shot you in the head at random, is that because it "was gods will"? These people are missing, and more then likley dead and you have to say your stupid anti religous sh!t. If you don;t belive in god or any faith then shut up. I'm pretty sure, regardless of the "crowd" you belong to, finding out as much information as we can so god doesn't kill more of us(according to you) is most important.
</content>
</comment>
<comment>       
<content>        
Yeah, religious people always get angry when logic messes with their crazy world views.

No, I will not shut up. I have just as much power to write here as you do. Religion needs to fade away so humans can move forward.

Oh and it took two years for them to find the black boxes for the Air France flight that also was lost in a similar way. I know you don't like facts and data but here you go:

"Two years after the Airbus 330 plunged into the Atlantic Ocean, Air France 447's flight-data recorders finally turned up. The revelations from the pilot transcript paint a surprising picture of chaos in the cockpit, and confusion between the pilots that led to the crash."

If we cannot find the boxes, then we should design better ones that we can find, don't you think? God is not going to build them for us nor improve our designs, unless he wants to, of course. One idea is to have them continually record to the Cloud. Let me guess, you do not like technology as well nor understand what is possible? Figures. Religious people are at war with themselves and science. Crazy and destructive. It is time to let it go.
</content>
</comment>
<comment>
<content>
Stop flying. Air disasters are caused by flying. What could possibly go wrong in a tin can doing 400 mph at 35,000 feet, we should ask. But, no, we'd rather suffer through this kind of crap on a regular basis.
</content>
</comment>
<comment>       
<content>        
Guess what, pal - this story has nothing to do with religion. So the fact that you feel the need to come on here and spread your hatefulness towards religion only shows that you are the one that is full of nonsense.
</content>
</comment>
<comment>
<content>
Well, Bob, I guess it is up to me if I think it is about religion. You have no power over me or others, even if you think your religion is the best and the rest of the world's people are going to burn in hell, just because they are not as lucky as you to be "correct". lol. What arrogance religious people have.

So, pray all you want with that I will stop. It will not make any difference because nobody is listening and no self respecting god would intervene, even if they did exist.

I guess you are just going to have to take it and turn the other cheek. lol. Yeah, religious people do that! Not!.
</content>
</comment>
<comment>       
<content>        
Think how nice it would be to just stop flying aircraft. Take a bus, a train, ride your bike, walk! Forget about crapping all over the atmosphere and then blaming God for our troubles. And that brings me to parachuting for fun and dumbness.....
</content>
</comment>
<comment>
<content>
The world's buses and trains produce far more pollution than the few airplanes out there. That's a fact.

Until humans learn to control their population numbers and put global limits on the renewable and non-renewable resources that are critical to the health of the ecosystem, we will continue heading to the edge of existence, just like the rest of the animal kingdom.
</content>
</comment>
<comment>       
<content>        
The trick is to give up on supernatural nonsense. Once you do that, the pieces of the puzzle fall easily into place. Try it, you can always beg for forgiveness and be saved if you wish.
</content>
</comment>
<comment>
<content>
Re: passport database. Interpol has a database of over 40 million lost or stolen passports and travel documents. Have been warning about a hole in security measures for years. Yet few countries/airlines seem to avail themselves of it. The US, UK and UAE are the three biggest users. Seems truly criminal to not use this database routinely.
</content>
</comment>
<comment>       
<content>        
dratthecat I think their point is that it was clear he was using a passport that was not his. One passport was stolen from a young Italian man (not black) and one from an Austrian man )not black). So you have blatant passport fraud and the guy looks nothing like the holder... This is actually important news to most who are not looking to get offended. Especially in a heavily asian populated area.
</content>
</comment>
<comment>
<content>
A bigger problem is that they have one of the passengers that was traveling with a Chinese passport alive and well at home in China. He has been interviewed. His passport has never been stolen or lost, but an identical copy of his passport with the same numbers was used by an unknown person to board that plane.
</content>
</comment>
<comment>       
<content>        
The question is, bunnyhopper, were they suspects because they are black? Apparently this Malaysia official must not be aware there are actually black Italians and even black Asians. So he very well likely ASSumed the passports were stolen.
</content>
</comment>
<comment>
<content>
Newsflash, the racism card has been overused...and quite frankly it has become very boring. Seriously, I get called a racist for stating a fact about the passports being stolen?
</content>
</comment>
<comment>       
<content>        
Bunny, but you are the first one who used the race card. We do know who the two users of the stolen passports, other than one news source saying that one was black. The two stolen passports were Austrian and Italian. Guess what. There are black skinned people in both countries.
</content>
</comment>
<comment>
<content>
The passport was stolen, this isn't an assumption. This fact was known a while ago, they just didn't which one of the passengers was using the stolen passport. They know he is a black man because they were able to get security footage of him checking in for the flight.
</content>
</comment>
<comment>       
<content>        
I imagine that they're suspects because they were using stolen passports. As in, reported stolen, entered into INTERPOLs stolen documents database, and the original passport holders have both been in contact with their embassies (and the media) to confirm that they aren't on he plane. So yea, they're not just saying that the passports were stolen because the guy is black.
</content>
</comment>
<comment>
<content>
And anyway, why do they have to be called a "black" box? What does that imply? I would request we start calling them "neutral coloured boxes with interesting, yet mysterious, stuff inside." (Get.A.Life)
</content>
</comment>
<comment>       
<content>        
The part that is really weird to me is that yesterday's news said that both of the passports were stolen in Thailand but one was stolen in 2012 and another was stolen in 2013 and then they both show up together on this flight. And, then, the weird news that I'm hearing in some places is that one of the passengers is home safe and his passport is not stolen but his exact numbers were used on a passport to board the plane.

I'm trying to figure out what the purpose of a terrorist attack on a plane between Malaysia and China even would be.
</content>
</comment>
<comment>
<content>
GPS tells YOU where you are it doesn't tell other people where you are!

More wonder why in that area no one had the aircraft on radar and the ability to look at the radar tracks.
</content>
</comment>
<comment>       
<content>        
Actually GPS can tell other people where you are as well. They use the cell phone GPS to track phones which in turn usually tracks the user. There was a Supreme Court case regarding this - US v Jones.
</content>
</comment>
<comment>
<content>
Read it again Bree Zee - GPS does not tell anyone where you are. Your cell phone broadcasts your location on another bandwidth and has nothing to do with the GPS system. The GPS constellation of satellites are transmit only with very limited receive function between the satellites.
As noted in many of the articles on the 777 it is equipped with the ACARS - and that is one of the scenarios they are looking into as to why Malaysia Airlines did not receive status reports from the airplane.
</content>
</comment>
<comment>       
<content>        
The most could happen is if the aircraft maker got an emergency system installed to activate the tracking of the plane. so it's a closed system, similar when paying certain security system to your home... If Boeing wants to add more security features, imagine how many more lives can ultimatey be saved..
</content>
</comment>
<comment>
<content>
There are systems installed - but if an airline/security checkpoint allows people on the plane you can still have incidents occur that cause the catastrophic loss of an airplane.
Name the causes of the most recent failures of aircraft that were due to aircraft systems rather than pilot error - or ground crews running over passengers on the tarmac.
</content>
</comment>
<comment>       
<content>        
They reported that, especially in that area of the world, there are no satellites in certain areas, therefore no radar. The radar only goes 200 miles from the airport. At that point they rely on the pilot to report in periodically to state where the plane is located.
</content>
</comment>
<comment>
<content>
I became very physically ill and could hardly move from the location I was in and my family couldn't find me and the police were able to find me via the GPS in my cell phone and get me to the hospital.
</content>
</comment>
<comment>       
<content>        
I'm very glad that you were saved/found by the location reporting feature of your cellphone. But again, the cell phone reports your location via the cell system and not the GPS.

Commercial airplanes have redundant GPS systems, they also have Inertial Navigation Systems that can very accurately determine their location in the event of a GPS outage.

It will still be another system on the airplane to report the location.
</content>
</comment>
<comment>
<content>
I am sincerely glad that through the GPS on your cell phone that you were found and received medical assistance. GPS tracking is proven to be a wonderful system to provide help to those who need it, locating where they are through their cell phones. However, whatever happened to this airplane, GPS or radar tracking, or any other tracking features placed on today's planes, cannot follow if those tracking features just disappear.
</content>
</comment>
<comment>       
<content>        
lol the plane has GPS, and the black box is broadcasting its location. This is why it's such a big mystery, because they cant find any shred of its existence. Donnie Darko anyone?
</content>
</comment>
<comment>
<content>
They still only able to rely on the signal emitted.. and the longer it takes the signal would be gone then disappear.. Blackbox is accurate to capture what went wrong to the seconds, but can't help to narrow the location..
</content>
</comment>
<comment>       
<content>        
Nitin, airplanes have much more sophisticated tracking methods than GPS, radar, satellite communication and tracking and more, but also includes GPS. All of their tracking pinpointed the location of when suddenly, that contact disappeared, and no further communication from any sources came through. If that plane, for whatever unknown reason, turned off all of their tracking devices, or if that plane exploded suddenly in mid-air, none of the tracking devices, including GPS was working.
</content>
</comment>
<comment>
<content>
I dont get what they are hinting at here? Was it actually Mario Balotelli on the plane who used his own passport or is he alive? How about some actual reporting and not parrotting what a papparazzi asked?
</content>
</comment>
<comment>       
<content>        
This wasn't terrorism by the two with stolen passports. The person who sold the tickets said they wanted the cheapest tickets to Europe; they did not request this speific flight; they had tickets for connecing flights after this one. My guess is that these two were running drugs.
</content>
</comment>
<comment>
<content>
SHAME ON ABC! Is this the best headline you could come up with??? Stolen passport was done by a BLACK MAN?
Does this stolen passport have anything to do with the incident? Has it been proven? Does it have to be pointed out that he's BLACK? What if he was white, would your headline say Stolen Passport Used by White Man?
</content>
</comment>
<comment>       
<content>        
uh, yes the stolen passport by a black man may have something to do with it. If a plane vanishes, you would think the people using stolen passports MAY have something to do with it? If hes black hes black, if hes white hes white, what on earth does it matter if they say he was black. black people are black, that is what it is. If the story was " Arab man boards airplane with stolen passport" you wouldn't say a single thing about the saying hes Arab. Racism is alive and well because some people allow it to be alive. If you don't care about being black then no one else will. Its about time people stop holding on and look forward to the future and not the past. I myself am not racist but its quiet annoying when anytime someone gets bent up over saying this person was "black". That is the reality of the matter, Should we say hes African? What if hes not, and hes an islander? What if his family has been in France for 140 years, hes not African, Hes black or French. Black people are Black in every country.
</content>
</comment>
<comment>
<content>
They don't know who the man is yet so they are using the only descriptions they have available from the security footage. It is the same as when police release information on a criminal in the USA and describe their race, gender, height, and other features hoping someone will know who they are.
</content>
</comment>
<comment>       
<content>        
bunny, I am going to say this to you one more time, you are playing a race card. #1, no dear, it has not yet been proven that a black man stole that passport. Yes, there is video documentation that one of the stolen passports was used by a black man. Why not wait for a little more information before playing your race card..
</content>
</comment>
<comment>
<content>
Yes probably or Asian or whatever.. Come on pull the race card out of the deck I dare you.. Now if it said "Black man saves hundreds" that would be OK, so thin skinned..
If it said "White European looking" it would get blamed on conservative republican gun owners.. Islamist extremists have no racial boundaries except Hispanic, I have not heard of a Spanish or Mexican muslim.. Government spy agencies would not hesitate to blow up an entire plane full of people to get a high level defector with state secrets..
</content>
</comment>
<comment>       
<content>        
"Malaysia Airlines Passenger With Stolen Passport Caught on Video"
That is the headline I see on the article. Has it been changed? If not, then what in the world are you so irate about? The only reason black is mentioned is because the airline official was pressed for a description. And as for assuming he is the one who stole it, he may not have been the thief but he obvioiusly must have known it was not his since he could not have gotten it by legal channels.
</content>
</comment>
<comment>
<content>
Please keep in mind, the authorities interviewed are from Asian countries, do you think they have racism issues in regards to black and white, very imposible the majority is dark fair to yellow skins.. Skin color is stated to pinpoint the suspects, don't take it as personal as in other places.. He didn't want to say directly by using an example of a football player.. And YES, the stolen passports seem very likely to relate with the incident..
</content>
</comment>
<comment>       
<content>        
"One of the passengers who used a stolen passport to board the missing Malaysia Airlines passenger jet was a black man, a Malaysian official indicated today."

Wow, thanks for that. The only thing LESS clarifying would have been if he said the passport was "used by a human".
</content>
</comment>
<comment>
<content>
Islamist rebels in Thailand freely cross the border with Malaysia. After murdering Thai Buddhists, and any Thai Muslims cooperating with the government (teachers, for instance) they bop across the border for a little R and R.
</content>
</comment>
<comment>       
<content>        
I think we're receiving a lot of incomplete, misleading information. For an aircraft to go missing while flying at an altitude of 35,000 feet a sudden destructive event must have happened, otherwise the Malaysian or the Vietnamese controllers would have seen the aircraft on their screens for several more minutes. Also, I can understand that the photos of the two passengers in question can be obtained from looking at the airport tapes and using facial recognition software, but where did they get their fingerprints so they can check them against the database of suspected terrorists, as supposedly it's being done now? And are the security people at two different airports so dumb that they allowed two passenger to board who don't even remotely look like the Austrian and the Italian owners of the passports they are carrying? This is going to make a great movie. Keep your calendar open Liam Neeson.
</content>
</comment>
<comment>
<content>
With your headline.....You're seriously stupid and sorry to say ....the country itself is not yet confirmed what happen and among the crew there is no black....so how the hell you suggest or i should say you conclude that is black man... you must be number one racist
</content>
</comment>
<comment>       
<content>        
Time for ALL AIRLINES to use the Criminal ID Databases they have available. Simple Check Interpol Database, could have determined this black boy was up to no good, should be detained and his luggage kept on the ground
</content>
</comment>
<comment>
<content>
I was thinking that Interpol said NOT A SINGLE nation used that database that day. That must have included the US which no doubt had numerous international flights for which passports should have been checked.
</content>
</comment>
<comment>       
<content>        
Many speculate on terrorism. However, like the Doomsday Machine in Dr. Strangelove, the impact of terrorism is utterly lost if the terrorists don't let the world know about it. If this is terrorism, then why has no one claimed responsibility for it?
</content>
</comment>
<comment>       
<content>        
Everyone is all up in arms because one was described as black.. and want to know why its a race thing... 
THEY WERE FLYING ON STOLEN PASSPORTS... his color means a lot right now.. Yes there are black people on every continent.. but when you are dealing with a giant missing plane... that sent not one single mayday report.. and the world has had horrible terrorist problems, including CHINA.. it is VERY IMPORTANT to describe their color.. I don't care what you think... unless your blind... Color does matter when giving a description.
</content>
</comment>
<comment>
<content>
It does NOT matter what color the imposter is/was. But if he was bright purple with green spots, that description is RELEVANT. That is all that the investigators are seeking at this stage, a description. I have not heard a single investigator mention the color in a negative way, just as part of the description of that individual.
</content>
</comment>
<comment>       
<content>        
is that not what I said... I was speaking of the comments that have been made below about how it was racism to state he was black... that is just ignorance and hypocritical... You and I are on the same page.. for a description it does matter...
</content>
</comment>
<comment>
<content>
Correct. It is important to know their color and anything else that could help identify them...sometimes a fact is simply a fact. Right now they need all the facts they can get. My heart breaks for the families. They deserve to know exactly what happened.
</content>
</comment>
<comment>       
<content>        
What? It is an important fact in order to identify them. I don't care what color they were, but apparently they were black. I am no racist, therefore, I have no problem with describing them including their skin color. It is what it is.
</content>
</comment>
<comment>
<content>
People are so Politically Correct about race it's hilarious. "Color" as if that's the only thing that defines a race. What about albino Africans? I read a BBC news article a few years ago where a Black couple had an obviously ALBINO baby and everyone was like "Oh, it's the same race as indigenous Europeans, its White" when it obviously had an African face and African hair and the only thing was that the menelin producers were defective. Color does not equal race. There are East Asians out there that are just as pale as Northern Europeans. Are they the same race? No!
</content>
</comment>
<comment>       
<content>        
But yet in the comment following this you stated " white People"... so in reality you are a hypocrite.. it is an adjective when used correctly and a very important one at that.. the individual was a Black male.. he killed yellow skinned, brown skinned, white skinned, red skinned.etc.. he is a black male.. there is absolutely nothing racists about it.. get off your preaching horses and stop wanting the world to bow to your demands..
</content>
</comment>
<comment>
<content>
no you said "white People" its all there above this post, you can re read it if you would like... This argument is over, I do not speak with Hypocrites, the discussion never leads anywhere and they just change the rules on you to suite them..
</content>
</comment>
<comment>       
<content>        
No I said American white people. I didn't say white American people. The primary keyword was "American". I don't care what European white people think because I know there is not going to be the kind of racist comments as there are coming out the mouths of Americans.
</content>
</comment>
<comment>
<content>
OK so what I am hearing is this... If we stated we this individual was an "unknown" Black Male then it would have been politically correct.... Get over your self... 
American White Person is the same thing as White person... 
just as American Black person or people verses Black person or people.. 
</content>
</comment>
<comment>       
<content>        
I'm shooting you for your one sided views... Who cares what a certain percentage is saying? There will always be anger... its about being better then that, If you were as colorblind as you state then you would know that...

To each their own... However judging from your previous postings on your history, I have judged you thrive in the racism debate, however only view it from your angle... If you truely are Colorblind, then you would see it from a more neutral point of view, like me...
Same rules apply to describing a white person or a black person. What is appropriate for one, is appropriate for the other. Its either equal.. or its not... there is no other way.
</content>
</comment>
<comment>       
<content>        
Exactly... Race is a card that is permanent... when you are being discriminated against then you can call racism.. but when you are in this situation the race of that person is a very big Fact that can not and will not be ignored, no matter how many times you stomp your foot.
</content>
</comment>
<comment>
<content>
Oh and BTW.. judging for your history of posts you are as bad as EK... 
You have no clue what you are talking about and you use racism to further your own racist agenda.... 
Wow Hypocrites out the wood work today...
</content>
</comment>
<comment>       
<content>        
Black people live on every continent, and have ancestry from Mongolian in China to Middle east and America and the whole of Africa. So many variations of culture and ancestry. So, I would say not African American.
</content>
</comment>
<comment>
<content>
I am not saying that this wasn't an act of terrorism, but something puzzles me about this. If this was an act of terrorism, then how come the terrorists who are behind it haven't claimed credit for it? I have yet to see a terrorist act that the terrorists behind it haven't eagerly claimed credit for. They want the world to know that they did it and why they did it.
</content>
</comment>
<comment>       
<content>        
The terrorist of today really does not claim credit for a downed aircraft these days. They hope that media and governmental officials get the picture through bits and pieces of information they gather. The infliction of fright is their primary goal. They certainly did in this case of air disaster.
</content>
</comment>
<comment>
<content>
If this was an act of terrorism, I am surprised no one has claimed ownership. Acts of terrorism are usually claimed by someone. Why the silence? Could the stolen passport situation just be one of tragic coincidence? I hope they find the black box soon so we can find out what happened. My thoughts and prayers are with the families of the victims. Very sad.
</content>
</comment>
<comment>       
<content>        
Per this article??? During an earlier press briefing today, a reporter asked Malaysia's Transport Minister Hishammuddin Hussein about reports that a media personality received an open letter from the leader of Chinese Martyr Brigade claiming responsibility for the incident. When asked about the letter, a Malaysian official said, "Yes, there is sound ground to say it is true, but again, we have said from the beginning that we are not taking anything for granted."
</content>
</comment>
<comment>
<content>
That's usually the case; however, if it's like the Boston Marathon bombing, it could just be two people who decided to take matters into their own hands. I'm hoping the black box has enough information to shed some light on this. The plane seems to have disappeared into thin air. Strange.
</content>
</comment>
<comment>       
<content>        
Ok, has the search on land along the coast happened? I've been reading that another pilot managed to get in touch with the flight 10 mins after radar lost contact, one of the passengers' family members managed to make contact on mobile briefly, one person saw a white light go down in the "Bachok" region of malaysia, along the coast, and the flight appeared to turn back... So if you guys know anyone who has access to the search teams, please ask them to check the forests along the east coast... people may have survived... remember juliana koepcke???
</content>
</comment>
<comment>
<content>
I thought they showed what appeared to be a door of the plane on the news last night? That said, it's really scary how a plane can just "disappear". Yes a GPS or something on board that perhaps they can hear what is going on in the cockpit? A recorder that is on at all times connected to the airport? And that's some security, two people not even one, with fake passports? And if the plane was blown up, how did they get thru security with not only fake passports but some kind of bomb? Too many questions no answers. Those poor passengers and their families. My heart goes out to them.
</content>
</comment>
<comment>       
<content>        
Barb, we all have questions, and many speculate as to what happened to this flight. I recommend we all continue reading the news from all sources, and, unfortunately, will just have to wait until they find something that answers our questions.
</content>
</comment>
<comment>       
<content>        
Spoken like a one whose ancestry stole a nation. All the real stealing came from your ancestors now that you been given a bible you are redeeming yourselves through lies that you are good.
</content>
</comment>
<comment>
<content>
Modern white people are no more responsible for slavery their ancestors committed than a black person is responsible for a bone-in-the-nose cannibal cooking some white explorer in a pot and shrinking his head. These are things that happened 100s of years ago. The current President happens to be black and happens to be a liar and a thief one might argue since he and his ilk foist fines and taxes (based on said lies) on U.S. citizens which they must pay in the future-not the past!
</content>
</comment>
<comment>       
<content>        
We fight wars all around the world that have nothing to do with protecting Americans. As for protecting gold bars, do you think our government is protecting the gold that belong to all of us in Ft. Knox? They refuse to audit it, just as they refuse to audit the German gold in a fed bank in NYC. And when Germany said they wanted part of it back, the fed said it would take 7 years. Sounds to me that all the gold is gone and the fed is having to buy gold on the open market to make up for it.
</content>
</comment>
<comment>
<content>
One of the previous articles said that Malaysian airports fingerprint passengers entering planes and manually record passport info when their computer systems aren't up and running for them to enter passport data directly.
</content>
</comment>
<comment>       
<content>        
The Regime in DC has already assured the world that the war on Terror was over. After he killed Osama, he said Al quaida was "on the run!" So it can't possibly be Terrorists that brought down the plane or made it disappear. (sarc. on)
</content>
</comment>
<comment>
<content>
The Bangkok Post reports that the person who purchased the tickets for the two with stolen passports first asked to book 
tickets on Etihad Airways or Qatar Airways. However, the tickets were too expensive, so they switched airlines. It sounds like these two were just run-of-the-mill illegal immigrants trying to sneak into Europe, and all this passport stuff is just a red herring.
</content>
</comment>
<comment>       
<content>        
People seem obsessed with concocting the wildest, most nonsensical ideas on "what really happened". When did common sense become outdated? Most plane crashes are due to either mechanical or pilot error. There is nothing at all mystifying or bizarre in this disappearance - just the anxiety it causes the relatives when the crash has not yet been located.

There's nothing whatsoever to indicate this was an act of terrorism (not only because no one has claimed credit, but Malaysian civilians on a passenger flight are not the object of any known terrorist organization's wrath like US, European, and Middle Eastern targets).

A few things it might be helpful to remember:

1) An aircraft can disappear beneath the waves of the South China Sea at 3,000 feet or more very rapidly.
2) GPS signals do not work in salt water so the aircraft can not be tracked once it's submerged.
3) Due to the volatility of the currents, pieces of the aircraft can move as far as 50 miles in one day.

People keep posting comments about how "unheard of" this is despite having no knowledge or experience in what happens when an aircraft is lost at sea - particularly the South China Sea.

This reminds me of when JFK Jr's plane went missing years ago. Common sense would tell you that the plane crashed and just hadn't been located (which it was several days later with all onboard having been killed). but the same kind of baseless, wild-eyed speculation was thrown around in the media, "Where is he?!" "Did someone take over the controls of the plane and take him somewhere?!" "What really happened??!"

People really need a LOT more common sense and lot LESS Hollywood  and  media fantasies.
</content>
</comment>
<comment>
<content>
The problem with the Kennedy curse is they all think they are better at doing something than they really are. Like Michael kennedy with the ski accident and JFK jr with the plane and now Kerry Kennedy with her "mistaken" drug use car accident. Not to mention teddy's chappaquiddick incident
</content>
</comment>
<comment>       
<content>        
So we know that there were at least two people on that plane with stolen passports. That means that two unknown people disappeared off the face of the Earth over two days ago. I'm wondering if any of their family members or friends have come forward to report them missing? If they were terrorists, I assume that's unlikely to happen. But if they were "merely" drug smugglers or other criminals, perhaps their family and friends will come forward.
</content>
</comment>
<comment>
<content>
Yep the US at the cutting edge. Patting down toddlers, the elderly, the disabled, ignoring the peaceful Muslims, and then figuring out who the terrorist might have been AFTER THE FACT, unless the result is too politically damaging. What the hell happened to us? And yes I know the flight did not originate in the US; but it easily could have.
</content>
</comment>
<comment>       
<content>        
Everyone must be patted down. If terrorists knew babies, elderly and the disabled were not being screened, we'd have them disguising themselves as the elderly and disabled and hiding things on babies.
Remember they guy who dressed as an elderly man and was able to board flights. It would be extremely easy for a terrorist to do the same. Good makeup artist and stolen ID and you're on the plane.
</content>
</comment>
<comment>       
<content>        
These people are not stupid(at least some of them are not). They know that the airport security will be more suspicious of Middle Eastern or South Asian looking individuals. And so the smart thing to do would be to use someone whom people would least expect. I don't know about you, but if I was the leader of a terrorist group then I definitely wouldn't hesitate to use toddlers, elderly and disabled people because after all, "who would ever suspect them".
</content>
</comment>
<comment>
<content>
Hate to express my uneasy gut feeling. The flight exploded in mid air either by a suicide bomb or a problem with the 777. In either case the black box is probably toast. They are not revealing the names of the passengers who were traveling on stolen passports. Insights may come out of that.
</content>
</comment>
<comment>       
<content>        
The black box is for accident investigations and for that reason is specifically designed to survive a catastrophic failure or even an intential crash. Unfortunately, if the plane went down at sea and sank the transponder signal is weakened by having to pass through water. Perhaps the black boxes should be redesigned to include an active and distinctive sound beacon as well as the radio beacon.

There would be little reason to have a black box if it couldn't survive a crash. The can suffer exterior damage and still be readable.
</content>
</comment>
<comment>
<content>
The black box is pretty sturdy. I checked for a list of flights where it had been destroyed or not recovered and there's just a handful since 2001, 2 of them from the 911 WTC crashes, 2 weren't found (can't confirm destruction). I think it took them 2 yrs to find the black box from the Air France crash about 5 years ago.
</content>
</comment>
<comment>       
<content>        
Yes I do. Im not saying that is preventing us from believing that they crashed. Just without the 2 boxes that are missing leaves out extra commentary before the crashes, extra detail that's all. We all saw with our own eyes the twin towers footage..
</content>
</comment>
<comment>
<content>
Are you kidding me?
Has ABC become so right wing that they think that the color of one of the passengers with a stolen passport is important news? Really? This is what passes for journalism according to ABC?
ABC's right wing slant is apparent but this takes it into another realm. Now, they're race baiting.
</content>
</comment>
<comment>       
<content>        
ABCNews? Right wing?
What in the heII are you talking about?
The point of the article is to stress that somehow, dark-skinned men were able to use stolen passports of light-skinned men. Meaning, they looked absolutely nothing like the real owners of those passports.
Sounds like a massive breach in security.
</content>
</comment>
<comment>
<content>
Not true!! Just ask them....

Today Malaysia's Civil Aviation Chief Azaharuddin Abdul Rahman said officials had reviewed surveillance tape of the plane's boarding "from check-in right to departure."

"I can confirm that all security protocols had been complied with," he said.

(sarcasm for those that miss it)
</content>
</comment>
<comment>       
<content>        
Update Statement from Malaysia's Civil Aviation Chief Azaharuddin Abdul Rahman: Yes, we have excellent airport security; do you see all soldiers carry M16 machine guns walking around? There were only 2 passengers with stolen passport were on board MH370 , it could be worse, also, we can not tell where last location of the passenger jet, it is not our fault, we dont have technology to tracking that far.give us a break
</content>
</comment>
<comment>
<content>
The two stolen passport used on this flight came from an Austrian male and and an Italian male. Are you suggesting that there are no black males in Austria or Italy? Do you have information that the original Austrian or Italian passport photos showed "light skinned men". Please provide those links.
</content>
</comment>
<comment>       
<content>        
Are we sure they didnt look like their passports? Just because they are black doesnt mean they didnt look anything like their photos. Afterall why in the hell would someone risk using a passport that didnt look anything like themselves? Even if they know security is lack, all it takes is 1 person to just visually check it and boom, your entire scheme is up.
</content>
</comment>
<comment>       
<content>        
You are correct...finally someone that gets the point. The passports were used by people that looked nothing like the people that reported them stolen....therefore, they never should have been allowed on the plane.
</content>
</comment>
<comment>
<content>
I am very much wondering; there are 100,000 Peoples dead in some area. No one is concern about it. It is just 277 peoples. Why America did not bother about 100,000 peoples??? Why America is interested about this small count? They are killing every day till today with the help of china. It is quite interesting for me?? America is not interested in killing of the civilian of Srilanka, Why concern about just 154 Chinese? Hope both are human beings. Few of the main Chinese religious heads originated from India. They are not recognized in India as well China, Did the holy sprits taking vengeance on China?
</content>
</comment>
<comment>       
<content>        
It is not just America that is interested in this missing flight, there are people from multiple countries who had family members on this flight and want to know what happened. Nobody is ignoring the fact that many thousands of people die everyday all over the world, but unfortunately there is nothing we can do about that. How is this incident America's fault?
</content>
</comment>
<comment>
<content>
Where did 100K people die recently?

The 2004 tsunami was covered extensively by US media, not to mention the billions donated by US citizens to the people impacted. This crash was a suspected (at least as of now) act of terrorism. It is a concern of the modern, global society. I don't see why this is a surprise.
</content>
</comment>
<comment>       
<content>        
I am very much wondering;
there are 100,000 Peoples dead in some area. No one is concern about it. It is
just 277 peoples. Why America did not bother about 100,000 peoples??? Why America
is interested about this small count? They are killing every day till today
with the help of china. It is quite interesting for me?? America is not interested
in killing of the civilian of Srilanka, Why concern about just 154 Chinese? Hope
both are human beings. Few of the main Chinese religious heads originated from India.
They are not recognized in India as well China, Did the holy sprits taking vengeance
on china?
</content>
</comment>
<comment>
<content>
I wonder if there were any animals or pets being transported on that flight. Somehow, I don't believe that these two individuals are at the root of this catastrophe. However, an explosive device could be surgically implanted into an animal or pet. Drug smugglers use them, why not terrorists?
</content>
</comment>
<comment>       
<content>        
If it blew up mid-air, there would be all sorts of stuff floating in the sea. It seems like this aircraft went into the sea intact, most likely under the control of the fake passport travelers sitting in a pool of the pilots blood.
</content>
</comment>
<comment>
<content>
You think China is going to let whoever did it get off the hook? 4 Americans are dead and the rest are Chinese. Pretty sure this one doesn't involve Iran, Israel, Zionists, GW Bush or NSA false flag operations.
</content>
</comment>
<comment>       
<content>        
Another plane shot out of the sky by a Navy missile just like Flight 800. You would think they would stop tracking civilian aircraft to practice with their targeting systems. How many times does this have to happen. Like a missile can't accidentally fire, right?

Pohang, South Korea, 1993.
</content>
</comment>
<comment>
<content>
Not all counties has technology or equipment can manage mass
search over ocean, Malaysia and neighbor countries are not USA, has advanced technology, they dont have drone, search plan is probably left there
by US after Vietnam wars thirty years ago, quality of staffs of search is also
can be questioned they are doing best they can, let we give them some
breathing room
</content>
</comment>
<comment>       
<content>        
Yes. The likely truth is that the 777 is orbiting the earth in space and are unable to communicate with terrestrial radar and radio. Hopefully they can fire the engines and reenter the atmosphere soon. I don't know how long the passengers can sustain themselves on small bags of peanuts and little bottles of liquor. Not to mention the Sh1tter getting full.
</content>
</comment>
<comment>       
<content>        
Why do people use news forums to make small jokes? For all you know the person was asking a serious question after all. Not everyone is as well educated as the average American.
</content>
</comment>
<comment>
<content>
Unless he's 6 years old, anyone asking such a ridiculous question deserves to be made fun of. And even a 6 year old should have the intellect to simply Google their question instead of posting it here.
</content>
</comment>
<comment>       
<content>        
Senior, (a senior myself), it is because the jokesters and trolls can say whatever they want under the protection of anonymity on these boards. As I was told from childhood, learn everything you can, read everything you can, but remember that the truth lies somewhere in the middle.
</content>
</comment>
<comment>
<content>
The Boeing 777-200 has a maximum cruising (as in safe) altitude of 45,200 feet, and there is no maximum altitude beyond which the transponder signal can't be detected within our atmosphere at least. But, underwater a ship has to be in the vicinity of the sunken plane, since ocean depth substantially reduces the ability to detect the signal. And, although a transponder by itself can be launched into space, it wouldn't be with the airplane.
</content>
</comment>
<comment>       
<content>        
wow 10 days go by and the US still didn't get important info like this from the Malaysians? I guess they really only worry about their image don't they?

I guess the NSA will have to step in and get the info through the back door. :)
</content>
</comment>
<comment>
<content>
How about this synopsis

Passenger wish to carry on a large suit case of Flash Powder,
providing substance argument to it being dangerous or is to be used for
discingrateing an airplane, the first bag security officer says no and tags it
the tag inspector says no sends to investigations the investigator as the captain
the all three have a talk the passenger is able to carry the suitcase of flash
powder aboard.

Mid flight the passenger wants to check his luggage in the
cargo section and after controversy is allowed to the cargo area to

It is dark so the passenger uses a lighter to check to see
if his precious suit case of flash powder is still there

Flash powder is
a pyrotechnic composition, a mixture of oxidizer and
metallic fuel,
which burns quickly and if confined produces a loud report.
It is widely used in theatrical pyrotechnics and fireworks (namely salutes, e.g., cherry bombs, M-80s, firecrackers,
and cap gun shots)
and was once used for flashes in photography.

Different varieties of flash powder are made from different
compositions; most common are potassium perchlorate and aluminium powder.
Sometimes, sulfur is
included in the mixture to increase the sensitivity. Early formulations used potassium chlorate instead of Potassium Perchlorate.

Of course to add more tails the terrorist who arranged the
payments and financed the passenger to board the plan added 4 pallets Chlorine triflouride
</content>
</comment>
<comment>       
<content>        
Just for ratification purposes

They two whom friends said the y purchased the stolen
passports for $10,000 isnt that about what terrorist organizations would pay
someone to get luggage on board

Question were did they get $10,000 dollars and what was the
luggage contents

I have had mixed initiatives concerning the beacons and as
far distance 250 miles is the best I have heard though from 1:50 am til 7:00 is
a lot of distance and time

Anything is possible

I have been trying to find another missing flight, Australia
was looking for one something that suggest a midflight collision

Hearing about mountains of rubbish piling up in the ocean
that is not identified as being from MAS370 adds the theory of complications in
searching as I am sure time allowed in air is an issue

3 hours by plane traveling at 545 miles per hour compared to
ship or vessel 20 Knots = 23.0 MPH 
I am thing days to get there

P-3C aircraft a top speed of 405 mph and a range of 5,570 miles

Adding to the concern of time in field
</content>
</comment>
<comment>
<content>
ELT's now broadcast up to a satellite to provide accurate location to within ~2-3km or better. The problem is they tend not to work if the plane is completely destroyed because the fuselage antenna connected to the transmitter gets damaged as well. also if the plane sinks the antenna wont work either
</content>
</comment>
<comment>       
<content>        
I know this might sound totally stupid but is it possible that if (let's say if...) the plan was hijacked the guys who hijacked the plane told the Pilots (or did it themselves) to turn off their Radio and/or Radar communication and routed the plane somewhere else? Just think about it. Nothing found -- literally nothing.
</content>
</comment>
<comment>
<content>
Considering that the media blabs so much information about how terrorist plots are foiled, I wouldn't be terribly surprised if there was going to be fewer groups taking credit for acts and just simply allowing these situations to create the "terror" that it is already doing. Nothing is more powerful than fear and our own collective imaginations.
</content>
</comment>
<comment>       
<content>        
if this were a terrorists hijack, wouldn't the passengers have had time to activate their cell phones so their 'bings' could be tracked via satellites? how could terrorists have taken over the plane SO fast no one had time to alert relatives or authorities?
</content>
</comment>
<comment>       
<content>        
my first thought when it was said the men's passports were stolen a month ago....why weren't those passports on a checklist at the ticket counter? can't believe there is such a gaping hole in the security system. I'm SO hoping the plane has landed intact at some off-the-beaten-path island though the landing of such a large plane would need a long landing strip....right?
</content>
</comment>
<comment>
<content>
For unknown reasons, could both of the pilots have left the cockpit (this is against the rules, but ......) and locked themselves out by mistake? Do both have keys to open a locked cockpit? I know this sounds crazy, but you cannot rule out anything, at this point.
</content>
</comment>
<comment>       
<content>        
Has anyone considered the possibility that there is something more going on here? I mean the circumstances surrounding this flight's disappearance are shady to say the least. In my opinion, the plane was landed somewhere secluded maybe on a private airstrip, and the passengers taken hostage. Whether it is for terrorism or for human trafficking, they should look more into this possibility. After the passengers are forced to disembark and taken hostage someone will probably crash the aircraft into the ocean to make it look like an accident occurred. They really should look more into this possibility considering human trafficking is on the rise.
</content>
</comment>
<comment>
<content>
Not an aerodynamic engineer by any stretch, but, is there even a remote chance it landed somewhere, but disabled all transponders, SAT/COM devices to hide its whereabouts? If I'm too Disney, oh well.
</content>
</comment>
<comment>       
<content>        
Our thoughts go out to the loved ones of passengers and crew of the missing plane. Days after the disappearance, though, I do not think it is wrong to speculate about their fate - the families and friends must be doing exactly that too. Forgive me if my speculation offends anyone though.

I am not an aircraft expert, so would appreciate a response from anyone who is:

It sounds to me that (in theory at least) it is possible for all active communications on a plane to be switched off manually (in the air). So, as long as it then avoids primary radar detectors on the ground, it could conceivably fly 'anywhere' undetected - is that correct?

If so, why is nobody asking/discussing what potential terrorist targets were in range of the missing flight, in case it was a hijacking/terrorist attempt that was scuppered intentionally by the crew?

This seems a possible scenario that would leave the wreckage somewhere other than where it was expected?
</content>
</comment>
<comment>
<content>
In a case like that if the transponders were intentionally turned off the traditional ground to air radar could still track its flight path as was the case during 9/11/01. There is one other scenario that could have occurred. If there was a catastrophic failure after communications were lost and all power was lost from its engines the aircraft could still fly for approx 20 minutes or 100 hundred miles and end up crashing perhaps in a remote jungle like Vietnam.
</content>
</comment>
<comment>       
<content>        
THIS IS THE 21ST CENTURY, AIRLINES SHOULD STOP BEING SHADY AND INSTALL WIFI ON ALL AIRCRAFT NOW, WE SHOULD BE ABLE TO STAY IN TOUCH WITH THE WORLD WHILE FLYING ON SUCH A DANGEROUS WORLD RIGHT NOW
</content>
</comment>
<comment>
<content>
Numbers don't lie: Flight 370 took off on 3/7 on a Boeing 777 (three 7's or 3/7 (the date)). The year is '14' which is 2x7 or two 7's. There were 239 passengers on board: 2+3+9=14, the year.

Finally, 9/11/01 when added is 21, or 3x7, 3/7 or three 7's just like the aircraft. It was planned.
</content>
</comment>
<comment>       
<content>        
Iran and China are allies, why would an Iranian terrorists be involved in a terrorist plot against a flight containing people of mostly Chinese decent? According to foreign officials in the area of the departure, stolen passports are common as illegal immigration to Europe through that hub is a big problem. Also, a terrorist hijacking does not explain the complete drop off the radar and communications, no detection of explosion, no distress calls, no activation of the transponder that is designed to send a signal upon impact with land or water, and the complete lack of debri, all in shallow waters compared to the FRA flight tragedy. The media focus is focused on terrorism plots that probably never existed. The reason why is certainly open to speculation.
</content>
</comment>
<comment>
<content>
Perhaps the Chinese aboard the plane were relatives of the folks that went on the slashing spree recently and over their new territorial waters, decided to shoot it down as a way to punish the dissidents. It isn't like China is big on human rights and they know no nation in the world will stand up to them given the current political situation in the USA..
</content>
</comment>
<comment>       
<content>        
Cockpits are supposed to be barred/locked since 9/11. Unless that is only an American thing. I would think a nose-diving jumbo jet would break into a million pieces when hitting water at that height/speed, like slamming into concrete. It's too horrific to consider.
</content>
</comment>
<comment>       
<content>        
The theory of MH370 of being a highjacked opens questions of where they went with the plane. The B777 said static contact. The distance of fuel and how they did fuel, they would have to fuel. If they stopped at an airport and got fuel, it would be, acknowledged they would have to change the computer chip of the flight data so that 
Malaysia Airline does not have access to the on flight computer. Airplanes don't fly as free as we drive someone notices a plane getting fuel mapping out the areas the plane have flown to and factors of the likelihood that a midair collision with a different airline that is not on the same scanner however there is no debris discovered yet is there 239 hostages somewhere?
</content>
</comment>
<comment>
<content>
Yes, thank you, but I am still wondering if English is not your first language. Honestly, I mean no insult. If I take time to read a comment, I am interested in understanding the comment. Do you mean the distance they anticipated, they would need to refuel? There couldn't be a midair collision without another plane going missing. I understand there is a second transponder that cannot be turned off. I was beginning to wonder if the plane landed somewhere, off the grid, so to speak. That doesn't seem to be in the realm of possibilities based on what experts are conjecturing.
</content>
</comment>
<comment>       
<content>        
I hope they are checking with any family who is seeking more information about the missing plane. IF they weren't terrorists, but were actually trying to immigrate to a different country illegally, wouldn't family be stepping forward to confirm they knew these men? Check with every family member who is awaiting news on the plane and match them up to each person on the itinerary. 
Another thought; WHAT IF terrorists were on board and they killed everyone and now have a hijacked plane? They could of had technology that jams radar signal and brought the plane back to land to refuel. If they disconnect radar overseas, it would keep everyone busy thinking the plane crashed into the sea. Many hours passed by before anyone was searching in that area. PLENTY of time to hide a plane.
</content>
</comment>
<comment>
<content>
By purchasing tickets that included a layover in Beijing, they could board a plane for PRK iwhtout getting visas. If their destinatin had been Beijing, they would have had to surrender their passports to PRC authorities ahead of the trip to acquire visas.
</content>
</comment>
<comment>       
<content>        
I am speculating but I think its 3 or 4 hijackers involved. Its a long 8-10hour flight, the crew might have been careless and opened the door to the cockpit to talk to the pilot or vice versa and the pigs would have siezed the moment and rushed into the cockpit and possibly cllosed the door behind them.. the surprise rush would immobilize even the most experienced of pilots.. once they have the plane in their control. they could have just taken it down into the water so it would land on water and eventually just sink to the bottom of the sea. The absence of debris leads me to this speculation. Another possibility is that the aircraft disentegrated but lack of debris leads me to discount that possibility in favor of the plane in the bottom of the sea possibly intact.
</content>
</comment>
<comment>
<content>
The plane disappearned less than 2 hours into the flight. They wuld likely have still been offering cabin service - drinks, etc., with carts in the aisles. They captain or copilot are the only ones who can open the door.
</content>
</comment>
<comment>       
<content>        
If something major happened you would not even have time to get your phone out. Its really hard to believe its anything but some kind of explosion or attack on the plane. Nothing else would bring it down that sudden
</content>
</comment>
<comment>
<content>
The ticket purchaser is Iranian; the passengers remain a mystery, except for one being characterized as 'black.' They are unwilling to characterize the second passenger with regard to race or nationality, except that he is 'not Asian.'
</content>
</comment>
<comment>       
<content>        
It's hard to imagine how all communications systems could fail absent a catostrophic explosion. Could it be a military accident? The South China Sea, where the plane went down, is a militarily sensitive area. There is a very good summary of recent developments on the crash at the truthorfinance web site. My hope is that the families can get some closure soon.
</content>
</comment>
<comment>
<content>
Tic....Toc, Tic...........
Only 30 days till the power pack to black box ping locator is lost...........

The only explaination left is now contained within the "black box and cockpit voice recorder" , No mayday given either by crew or automatic device, no debre field at sea, no inflight explosion detected by on ground and satilite systems, no boasting or jublulation from any terrorists groups. The puzzel has just begun to be layed out before the world to see, in time, mans endless desire for the truth, the why, the who, will prevail.
Tic ...toc, tic.........
</content>
</comment>
<comment>       
<content>        
"I can confirm that all security protocols had been complied with," he said. 
Well, apparently NOT, if they didn't check Interpol's databases. If that's not a security protocol, I don't know what is. And, if that's not a required protocol (for ANY airline), then it definitely should be. (Unfortunately, because of the ridiculous red tape, currently, no airlines are allowed to access the Interpol database...only security personnel.) I think this should warrant a change in outdated procedures.
</content>
</comment>
<comment>       
<content>        
This is either a hijacking, possibly for criminal reasons(not as likely a terrorist attack...no chatter) or else its like the Cyprus Airliner Helios Flight 552 which depressurized as it was ascending and knocked the pilots out....the plane kept flying for hours without a pilot until it crashed. Though that would not explain it disappearing from Radar. The only other thing it could be is a very violent very high speed event straight into a shallow sea bed...if the plane was flying five hundred miles an hour and hit the sea and then shortly afterwards found a sea bed made of soft sand, it could literally disappear.
</content>
</comment>
<comment>
<content>
Airplanes don't just disappear! There was definitely collusion between the two stowaways and the airport security. This was defiantly a hijacking. But it's odd that no one has taken credit.
</content>
</comment>
<comment>       
<content>        
Looking at the suspects routes (bangkok KL beijing europe), paying tickets with cash, using stolen passports (happened on separate occasions 2 years ago).. it almost seemed a clear plan for hijacking or worst.. Why troubles to pass several checking points and to risk getting caught ? even transit passengers documents are re-checked before boarding. The mid leg transit KL beijing quite likely was made for a purpose.. I hope the authorities would identify who they are soon..
</content>
</comment>
<comment>
<content>
Other media outlets are reporting that one of the passengers listed with a Chinese passport never was on the plane. He is alive and well and was interviewed in China. He has his current passport, it has never been stolen or lost. A passport with the identical number and name of his was used by someone to board the plane and it wasn't him.
</content>
</comment>
<comment>       
<content>        
Spy agencies have done some horrible things both officially and en rogue. We need to stop being quick to assume it's always people we don't like. It could have been anyone, IF there was foul play involved.
</content>
</comment>
<comment>
<content>
The myth is that black box is indestructible. It is but an IED exploding in he air could silence it or affect the signal. Also, if it lies in the bottom of the ocean, the signal with time will diminish. Passport should always remain in possession of the holder but there are times when they are handed to travel agents or to ship's captain or to train's conductor. It is the holder's responsibility to stay vigilant that the passport is not held. Those whose passports have been withheld should try and fight they are not held.
</content>
</comment>
<comment>       
<content>        
I would wager that if it was a terrorist act, it was done by anyone EXCEPT the two with stolen passports. They wouldn't risk having their plot foiled by getting caught before boarding. I'm sure there are plenty of terrorists with their own passports!
</content>
</comment>
<comment>
<content>
Destruction of the plane in mid-air would have shown up on radar. The plummeting debris would have been picked up on radar. The two with fake passports were probably involved with drug smuggling as they had tickets on connecting flights after this one. My guess is one of the pilots deliberately ditched it.
</content>
</comment>
<comment>       
<content>        
It has happened before. It could also be something simple like an engine failure, too slow, stall...spin (in the dark). That SHOULDN'T be a possible cause, but I never thought I'd see the day when a 777 was flown into the dirt in perfect weather with no mechanical issues (Asiana, SFO)
</content>
</comment>
<comment>
<content>
I would wager that if it was a terrorist act, it was done by anyone EXCEPT the two with stolen passports. They wouldn't risk having their plot foiled by getting caught before boarding. There's plenty of terrorists with their own passports!
</content>
</comment>
<comment>       
<content>        
Searchers should start from the last known radar position and altitude and calculate a crash site from that data based on a catastrophic failure either from a terrorist or loss of the tail section which came off in the previous crash of the same model.
</content>
</comment>
<comment>       
<content>        
I've traveled moderately through North and South America and Europe and never stayed anywhere or cruised anywhere where I was required to surrender my passport. I've had to show it of course, but it's always stayed in my possession.
</content>
</comment>
<comment>
<content>
Very good reply. Treat your passport just as you would treat the cash in your pocket, or your credit cart. A passport is the same thing. Show that passport if asked, but never allow it to leave your person.
</content>
</comment>
<comment>       
<content>        
I don't travel internationally frequently needing a passport. The earliest, a tour in Europe, several countries, several hotels, but my passport always stayed with me. I have never had to surrender my passport to a hotel, or on a cruise ship. However, in another news article regarding this plane disappearance, I read that one of the true owner of his passport that had been stolen in Thailand, stated that he had to leave his passport with a place that rented motorbikes to tourists who wanted to ride around and see the sights. When returning to the shop, his passport was gone. I think, if you stay at a reputable hotel, cruise on a reputable cruise line, you do not have to surrender your passport to anybody. It's when you are in that foreign country, wanting to rent a car or a motorbike, and they tell you that you must leave your passport with them, WALK AWAY. Never ever, when visiting a foreign country, give your passport to anyone without immediately getting it back. It should remain with you, on your body, at all times.
</content>
</comment>
</comments>
