<comments>
<topic id = "Raw-Topic-3" category = "1" />
<doc id="Raw-Topic-3_04" />
<comment>
<content>        
RIP. They should stop pretending everything will be fine and start consoling near ones of those who died in this unfortunate accident.

Please don't give false hopes.
</content>
</comment>
<comment>
<content>
Really unfortunate. When you hear "contact with a jet airliner was lost suddenly", the outcome does not sound good at all. Boeing 777-200 model has a great safety record. Something really bad must have happened for this model of airliner to lose the contact suddenly without a Mayday distress call. Although possibility of the people on board being safe is really faint by this time, lets hope that everyone is safe.
</content>
</comment>
</comments>
