<comments>
<topic id = "Raw-Topic-3" category = "1" />
<doc id="Raw-Topic-3_09" />
<comment>
<content>        
What would be the point of planning a terrorist attack on an aircraft if the terror group did not go public with an announcement of their successful plot? Isn't the entire point of such attacks to draw attention to some misguided group's alleged grievances and ability to do further damage if their demands are not met? What precedent is there for a terror group remaining anonymous after a successful attack?
</content>
</comment>
<comment>
<content>
The shoe bomber has cost $billions in lost time and stupidity of governmental response and he failed. You are thinking political islam not the "pure" kind that just wants to destroy our civilization.
</content>
</comment>
<comment>       
<content>        
Guys look at the evidence - if there was a bomb - the plane would disintegrate into a million pieces and some would FLOAT at the surface. So there was NO bomb. This only feeds the Press and those 2 stolen passports are small time thieves.

Most likely its one of two scenarios:
-one of the pilots shot the other and plunged the airplane at a steep angle into the water. Just prior there was a fight which could account for the turn around.
-second - there was a sudden catastrophic airframe failure - I'm speculating that a wing could have come off due to earlier undiscovered damage on the wing.

I doubt it was another Terrorist event like this one....

http://www.iranchamber.com/history/articles/shootingdown_iranair_flight655.php

Formally jr.
</content>
</comment>
<comment>
<content>
jr, if either of the other two scenarios you suppose happened, there would be as much debris or more.

There is no evidence that there was not a bomb, just as there is no evidence at present that there was a bomb.
</content>
</comment>
<comment>       
<content>        
Have you forgotten about Pan Am 103 over Lockerbie? It took 3 years and 15,000 witness statements and interviews until they concluded the Libyans were behind the terrorist attack.

That happened over land. Whatever happened here, it happened over the ocean, with the exact location unknown, and during the dark of night.

The fact they have not yet found debris does not mean they will not find it. This search is going to take time.
</content>
</comment>
<comment>
<content>
James, I going to add three additional scenarios 
- agree that a SMALL explosive would compromise the pressurized chamber
- a compromised compression chamber could allow the craft to head for a crash site in the jungle
- Colby Fulton suggested an Alien craft -look up a Sheriffs car actually colliding with one in the US

I'll let someone else get into a Bermuda Triangle type event.

Formally jr.
</content>
</comment>
<comment>       
<content>        
I would agree, however, remember Al-Qeada did not take responsibility (or anyone else) for 9/11 for several months. At the same time the high jackers made no attempt to conceal their identity with stolen passports. If they do not find wreckage by the end of today, I can't imagine what may have happened. 

If it had a catastrophic failure (bomb or structural) like The Pan Am flight in Lockerbie, it left a debris field 70 miles long. If it hit the sea intact like Air France Fl 447 they found wreckage spread over 5km within 24 hours. Going on three days without a clue is really strange. Our thoughts and prayers are with the families of the ones lost.
</content>
</comment>
<comment>
<content>
I agree with you, Charles. And if you think about it and apply the "...that which remains must be the truth." principle, I can only come up with one possibility. If the aircraft didn't leave a debris field over water or land, that we know of, then it had to have been intact. This means it couldn't have crashed (bear with me). If it couldn't have crashed, the only possibility that remains is hijacking. In this day and age, we associate hijacking with bombs. But like many hijackings, the hijacker(s) divert the plane to another destination (witness the Ethiopian Airlines hijacking recently). The destination has usually been a "visible" one such as a well known airport, etc where the news is informed pretty quickly. 

I am submitting the POSSIBILITY that the aircraft was hijacked and taken to a destination where it is possible to conceal its location (and I don't mean covering it up with tree branches). Why? I don't know. I'm trying to figure this out like everyone else.
</content>
</comment>
<comment>       
<content>        
Obviously the westerners' support to the Moslem terrorists leader Rebiya Kadeer has to stop. These Uyghurs have the tendency to do things out of proportion like this one. Eventually they will do things like Chechen in Boston and Bin Laden in New York. Bad things. Very bad.

As the Moslem proverb: "lift up a huge brick and drop it on your own toes." ... Ouch! ... an American would say.
</content>
</comment>
<comment>
<content>
Of course such "publicly broadcasted information" could be used against the airlines in some form by various groups. Such technology exists for ships at sea but their transponders are shut off when in the Indian Ocean.
</content>
</comment>
<comment>       
<content>        
Baloney. The informantion could easily be encrypted. The airlines are just too cheap to spend the money even after the Air France Crash. What a rotten deal. People pay good money to fly on these death traps, then the plane goes down and good luck finding their bodies for a decent burial or even trying to figure out what happened to the plane to begin with. 

If this was Air Force One they would know where the aircraft was at all times. If this was a B-52 or B-1 Bomber the Air Force would know where the aircraft was at all times. 

They would even know when the pilots got up to take a leakkk or if they passed gas while they were at the controls, what they joked about while they were flying and the exact readings on all their gauges and dials, the throttle settings and any one of 100 other parameters including the flight trajectory, and YES the INFORMATION WOULD BE ALL ENCRYPTED!

Wake up and smell the coffee and stop making excuses for all these ignorant bean counters that just don't want to spend the money for flying safety!
</content>
</comment>
<comment>
<content>
Mr. Ciola:

You may be interested in the following simple low-tech idea posted by a reader of a major English-language newspaper in India (The Hindu), namely, crashed planes designed to release tell-tale balloons.

"Technology has grown in leaps and bounds, still one is forced to grope in the dark to trace the remains of the mishap. It seems the technological experts need to think of an innovative technology which would give an idea of the possible place where the plane or vessel would be finally resting. As we have air bags in high end vehicles which get released at the shock of crash, a florescent light emitting big balloon which could get released from the sunken vessels on getting it socked in water and surface in the sea level with minimum suspended anchor weight on its tail can indicate the possible location of the final settling place of the wreckage. .... -- Bose A Panicker"
</content>
</comment>
<comment>       
<content>        
The problem with triggered flotation devices is "critical depth". The float must be inflated beneath a maximum volume as to not rupture at the surface, however at even modest depths that volume is reduced to a point whereby insufficient buoyancy exists to raise it to the surface.

This design problem plagues buoys dropped from aircraft for meteorological or ASW purposes. Inflation must be immediate and violent, typically effected by explosives driving a shear bar though gas cartridges. Not something I'd want on a civilian aircraft.
</content>
</comment>
<comment>
<content>
With all due respect, I don't want a low tech solution. I want the best, state of the art equipment money can buy. If the airlines feel so free to charge for a blanket, more leg room, first class, business class, wider seats, champagnes with dinner, fine wines, a sleeping mask, a cocktail, Wi-Fi, more carry on luggage and so on, then they ought to provide both the passengers and the families with the additional safety of Satellite Real Time Electronic updates which would give the exact location of the aircraft, the speed, the trajector, the throttle settings, gauge settings and so on. 

Further, it ought to communicate the exact condition of the aircraft, as well as any problems on the flight deck. If the pilot tells the co-pilot an off-color joke or gets up to take a whiz, I want to know abouit that, too.

And, in the unfortunate event that something serious happens, then I want to know the exact Latitude and Longitude of where the aircraft went down. 

This is not rocket science, believe me. 

If this had been Air Force One, a B-1 Bomber, a B-52 Bomber, even a Gulfstream 650 would probably have the state of the art technology on board. 

And, if they don't, then it's time to man-up, grow-up, and stop being such a bunch of cheapskates.
</content>
</comment>
<comment>       
<content>        
Already installed, it's called ADS-B and ADS-C. Uses GPS and sat comm for Comms and position data internationally. Expanding to domestic US ops as well, but is delayed and behind schedule due to FAA procurement issues according to numerous sources.
</content>
</comment>
<comment>
<content>
All theory's are possible of course .I have not seen this one yet posed for this loss here and its based on FACT .Years ago off the US East Coast an Egypt Air airliner was likely thought to have taken over totally by one of the pilots in a suicide or terror plot and went straight into the sea killing hundreds of on board Egyptian military here for training .That does not leave much of a debris field . In Florida a smaller jet went into the marshy everglades straight in and it was also not located for quite a while .No message would be transmitted if the pilots were fighting over control with one possible mortally or just seriously wounded to put him out of action first .The cockpit is Locked so no help there either.
</content>
</comment>
<comment>       
<content>        
The telling point here is that there was no explosion -- U.S. military says its satellites did not see one, and we have not heard anything from any of the people at sea in the area. A nighttime explosion at 35K feet would be visible for hundreds of miles and it beggars belief that it would go completely unnoticed in some of the busiest sea lanes in the world. It was 1:30 in the morning but still, lots of people are up that late, especially in oceangoing ships. 

I'd like to know what the radar logs say -- seems like the engines on an aircraft of that size would show up on radar even if the entire airframe disintegrated, and the descent would be tracked. But I'm not sure of the radar coverage situation in that area of the world.
</content>
</comment>
<comment>
<content>
Would it be possible that this plane was hijacked and landed at some remote abandoned airfield undetected? I've read where the transponders and other tracking devices can be manually turned off. Would this scenario be possible?
</content>
</comment>
<comment>       
<content>        
Did one of the employees on the plane who works for Freescale Semiconductor do a quantum physics experiment on the plane and accidently open up a wormhole that teleported the whole plane across the universe or into a parallel universe? :)

http://www.youtube.com/watch?v=SLUzJeto0Wo

http://www.dailymail.co.uk/home/moslive/article-1269288/STEPHEN-HAWKING-How-build-time-machine.html

Inquiring minds want to know.
</content>
</comment>
<comment>
<content>
 read somewhere else that zero debris could also indicate that the entire plane disintegrated which would further indicate it blew up, i.e., got hit by a missile.

But theories are flying all over the place...........
</content>
</comment>
<comment>       
<content>        
This story is becoming quite "Bermuda Triangle-esque". 

This is giving a deja vu feeling. "Back in the day" (1960s/1970s) Bermuda Triangle theories (UFOs, blackholes, earth magnetic fields, government cover-up) were all the rage to explain the unexplainable off the Florida coast.
</content>
</comment>
<comment>
<content>
Careful Jim, that idea is liable to catch on and Republicans will want eliminate Social Security and Medicare to pay for a new "Star War's" initiative to defend the Right Wingers against aliens and black holes and rogue magnetic fields. There could be a lot of money to be made there.
</content>
</comment>
<comment>       
<content>        
I would be satisfied with an ability to defend these comment pages from commentators, such as yourself, who have nothing useful or of value to add to the discussion and are here just to spread their hate, discontent, and vile bile.
</content>
</comment>
<comment>
<content>
Thank you Robert Connors for your thoughtful reply to this tragic situation. 

Your comments help us Republicans and Tea Party supporters (if not members) educate this country on the perils of liberalism.
</content>
</comment>
<comment>       
<content>        
William Hall posts: I would be satisfied with an ability to defend these comment pages from commentators...

So you think you have a right to guns but others don't have the right to opinions that differ from yours?
</content>
</comment>
<comment>
<content>
FBI should investigate Rebiya Kadeer, a Moslem group leader. What did she do? One thing for sure, extremists like Bin Laden and Rebiya Kadeer have not done things constructive. Then move her out of Washington to Boston....eh? ... ok, then move Marathon out of Boston to Washington, not let her get into the roadside crowd.

It is noted that Moslems always use women for suicide bombing. They are the only people doing things like that. Disgusting and cowards! Who the hell they think they are? Gay?
</content>
</comment>
<comment>       
<content>        
It is very odd that there has been absolutely no indication of a catastrophic structural failure, and zero communications, either voice or digital data. After this time period, you would expect something to give a clue as to what happened or where the plane is.

It may sound extreme, but could it possibly have been hijacked and flown to an unidentified location with the intent to be used as a terrorist weapon later on ?
</content>
</comment>
<comment>
<content>
Ad, pray tell, what are you?

Mr Sellar asked a perfectly good question. Positing that the aircraft was hijacked and spirited off someplace is certainly a bit far fetched, but having positing a 777 flat our disappearing would have been considered far fetched a day or so ago.
</content>
</comment>
<comment>       
<content>        
David Sellar suggests the possibility of hijacking.

Interesting idea.

But, such a big plane cannot be landed on short jungle runways or aircraft carriers.

Runways in a nearby military base, however, are a possibility.

With such a deafening silence from the big boys (China, Russia, the US) so far, I am beginning to suspect some kind of military involvement, and quiet behind-the-scenes deal making to avoid embarassment.

What kind of military involvement? A mistaken (i.e., inadvertent) missile hit by China or the US. Remember, that area is one of the most militarized in the world. China has been saber rattling lately with territorial disputes in that very region. 

Alternatively, it could be a big Russian arms dealer (operating out of Thailand) with the crew and resources (even an old abandoned but big airport) hijacking the plane. This news did take people's attention away from the heat on Russia, didn't it?

In any case, I very much hope the original crew and all the passengers are alive and well, and will be released soon!
</content>
</comment>
<comment>
<content>
You would be amazed how short a runway one of these can be landed on by someone who knows what they are doing and isn't entirely constrained by the flight manual. Talk to some VietNam era C130 drivers sometime. 

Certainly not aircraft carriers.
</content>
</comment>
<comment>       
<content>        
"Alternatively, it could be a big Russian arms dealer (operating out of Thailand) with the crew and resources (even an old abandoned but big airport) hijacking the plane" 

Isn't that scenario from a James Bond movie storyline?
</content>
</comment>
<comment>
<content>
Structural failure resulting in immediate in-air disintegration, while it has happened, is extraordinarily rare. Pilots are taught to "fly the airplane" first, then communicate. So--absence of any communication doesn't necessarily mean that it blew up instantly--just fairly quickly.

I had an engine blow up (single engine aircraft)at fairly low altitude. I put out a distress call, then went back to flying what was left of the airplane. Things got busy. There were all sorts of people calling me--trying to get a better fix on my location, etc.--but I was too busy flying the airplane to answer. It bothered me that I knew I had a bunch of people panicked--other than myself. But, my priority was getting the aircraft on the ground with me still alive--I had mentally written the aircraft off when oil started coating the windshield. 

Obviously, it turned out OK>
</content>
</comment>
<comment>       
<content>        
According to the NY Times, A senior American law enforcement official, who has received classified briefings on the global investigation, said that the authorities had not ruled out terrorism in the planes disappearance, but that there had been no public claims of responsibility or electronic intercepts of extremists discussing details of any bombing or attack. 

Were not seeing or hearing anyone claiming anything about this, the official said.
</content>
</comment>
<comment>
<content>
The weird stuff always happens on night flights over water. I hate flying at night and over water. This reminds me of KAL 007 when Russia shot down 747 that got lost over Kamchatka. 
Surely every airport that can land a 777 has been checked but who knows if someone carved out a jungle strip just for this. 
Weird for now to think a a plane just fell from sky with no chance of a warning.
</content>
</comment>
<comment>       
<content>        
Just looked up the 2009 Air France crash, and debris was sighted within 13 or 14 hours of the crash -- a seat and an orange boney. And that in fairly rough waters of the Atlantic. Debris from the the Air India 1985 crash in the North Atlantic was spotted within a hour by a passing cargo vessel. Airplanes need to be light, so you would think there would be lots of floating debris, even if the plane disintegrated at a high altitude.
</content>
</comment>
<comment>
<content>
So why no device installed on airplanes which would pop to the surface after having recorded GPS coordinates at the moment the airplane submerged and then signalling its location plus the information? 
An obvious need for such a device, easily done and not expensive.
Maybe it's because equipping planes with such a device may worry passengers, making them think the possibility of a watery grave is greater than it is.
The airlines may demand the obvious after this event.
</content>
</comment>
<comment>       
<content>        
If the flight turned back toward the Malaysia coast and was in distress it would have logically tried to make for Sultan Ismail Petra Airport (KBR). I am only speculating here, but perhaps they should widen their search to include the thick jungle area north of the airport.
</content>
</comment>
<comment>
<content>
My money is on a military-type attack, perhaps accidental. There is simply no mechnical failure catastrophic enough to cause all the plane's electronics to instantly stop. A hijacking followed by a dive under radar coverage is an intriguing possibly, but there is, again, simply no way to shut down all the instrumentation that signals to the outside world while the plane flies at low altitude to a remote jungle airstrip. This plane somehow disintegrated in midair. I've also heard it suggested that the two people with stolen passports somehow got a bomb on board. Perhaps, but it's a really, really big bomb then--big enough to take down every piece of equipment with signal capability. I belive only a military-type weapon could cause this fact pattern.
</content>
</comment>
<comment>       
<content>        
Such an accident has happened before, and the perpetrator (the U.S.) fessed up. I'm not sure why any military aircraft in the region would shoot down a plane with mostly Chinese citizens - even accidentally. It's too close to their home turf.
</content>
</comment>
<comment>
<content>
Now the NY TImes is reporting an Iranian connection. The tickets for the two men traveling on the stolen passports, were paid for in cash by an Iranian man, acting on behalf of another man apparently living in Iran. The news is toward the middle of the story here: http://www.nytimes.com/2014/03/11/world/asia/hunt-for-missing-malaysian-jet.html?hp But the Iranian asked for the lowest possible air fare, not a specific flight,. Cost cutting terrorists?
</content>
</comment>
<comment>       
<content>        
Thanks for the link. Well, if you're going to be a suicide bomber, paying extra for a ticket meant to end your life is just adding insult to injury. Low-cost might also mean less of an emphasis on security measures, insofar as a crowded flight could cause the gate agent to be more preoccupied with getting people on board quickly. Interpol has more or less inferred that Malaysia doesn't regularly peruse the organization's database of stolen passports, so one more effort at distraction (however minor) just might have made the difference between a dodgy passport being acceptable versus not. 

As for the purported Iranian connection, at this point in the investigation, anything is possible and nothing is certain.
</content>
</comment>
<comment>
<content>
I'd like to send my regards and sympathies to the families of the loved ones.

Just an idea, but with that area being very close to the "Ring of Fire" (earthquake zone) geological sensors would have shown something, depending on how their sensitivity is configured. Would it be possible to use multiple ones, if anything is shown, to use their data as a map for the stronger signal, based on time of occurrence? With tsunami buoys and GIS mapping, I think this would help...
</content>
</comment>
<comment>       
<content>        
My bet is that the plane dived into the sea without an explosion or much disintegrated parts floating on the surface. It could be a hijack or some human error/system failure. The search should be focused on beneath the surface. Submarines, robots and advanced sonar systems should be deployed. Again, lacking of basic position tracking device is a joke in this modern aviation era.
</content>
</comment>
<comment>
<content>
How does a plane just disappear? It seems incredibly far-fetched, but the total vanishing starts to make you wonder if someone with great sophistication took control of the aircraft, cut off the transponders  and  other communication mediums, and flew this plane somewhere "under the radar".
</content>
</comment>
<comment>       
<content>        
Maybe the plane was hijacked by those two with the stolen passports. Maybe the pilots were made to turn off communication devices including transponders. Maybe they are holding all the passengers hostage and we don't know why yet. Or, maybe not.
</content>
</comment>
<comment>
<content>
before the 9-11 plot fully evolved, one of the earlier ideas was to hijack planes and hold the passengers hostage. let's pray that's not the case. but the notion that they're alive somewhere is getting bleak.
</content>
</comment>
<comment>       
<content>        
Flown by terrorists to North Korea, China, Russia, Putin's backyard? Seems like a story out of a movie by Alfred Hitchcock! Or, perhaps caused by Barry to create his needed event to keep from having the November elections?????
</content>
</comment>
<comment>
<content>
At night, even over a brightly lite city, visual ID isn't easy. Find a big airport in the area with out a lot of night traffic. We left some big ones in that area. AS for the other problem. If the plane isn't in the sea look for it in an airport. Airplanes don't look suspicious in airports. Any where else they kind of stand out.
</content>
</comment>
<comment>       
<content>        
How sad that the disappearance of an airplane with 200+ people on board has become just another episode of bad TV for so many. It appears there are too many people who can't differentiate "reality TV" from reality.

My prayers go out to the victims and their families. I encourage everyone posting here to think about whether their comment would be appropriate if read by an affected family member.
</content>
</comment>
<comment>
<content>

It's interesting, it's fascinating, it's a puzzle. Humans love puzzles. That's why we have history depts still pouring over documents from every atrocity looking for deeper answers.

Life is tragic, but mystery and puzzle can make life interesting for those of us still alive. Perhaps it's a little crass, but that's just how it is.
</content>
</comment>
<comment>       
<content>        
If it crashed at sea there would be bodies. I'm guessing it either crashed on land or it really was hijacked although I don't know how it could have disappeared from radar even if the communication devices and transponders in the plane where taken out. And how do you take out a transponder and communications systems in less than an hour?
</content>
</comment>
<comment>
<content>
It takes about 3 to 5 days for bodies to float up. They normally sink. Then, as decomposition takes place, gas is produced, and the body slowly becomes buoyant. I would expect airplane parts first. Also, the bodies have to be free of encumbrances (seat belted into a chair, for example) and free of enclosures (the A/C cabin, if partially intact) to float up. I'd expect insulation  and  other items first. If they are going to float up, expect them to become visible around late Tuesday, or early Wednesday (local time).

Remember the Kennedy crash? There they were, as plain as to be, seat belted into their seats in the cabin of the AC on the bottom. No way to float up.
</content>
</comment>
<comment>       
<content>        
I agree with Steven, Paula and David's thoughts. This feels more and more like a very well executed hijacking. If this is indeed confirmed, then the nightmare for the passengers is in progress. It is this latter thought which is far more disturbing than the who/how/why.
</content>
</comment>
<comment>
<content>
USS Pinckney with 2 helicopters and one P-3C Orion sent from Okinawa have been searching for a couple of days now but found nothing so far, other than a few false alarms. More than 200 people have already disappeared (probably dead) and a lot more are grieving, do you really think it's the best time to take a shot at those whose political views you don't agree with?
</content>
</comment>
<comment>       
<content>        
hope i'm wrong but an airliner does not quickly dissapear from radar if it in one piece unless it falls from the sky... surely there are experts that can confirm or deny this pretty quickly. Also, I would imagine at least one military satellite was tracking the plane... what news from the military?
</content>
</comment>
<comment>
<content>
At this point they are using satellites to photograph the area. There is a potential debris field that has been sighted off of Vietnam, 37 mi SE of Vung Tau according to Vietnamese officials. Surface vessels are going toward it. per: http://www.bloomberg.com/news/2014-03-10/plane-debris-hunters-seek-suspected-aircraft-window-part.html The earlier debris was just floating junk and not airplane related. The oil slick was marine fuel.
</content>
</comment>
<comment>       
<content>        
I remember that TWZ episode. ... The Dinosaurs were mightily amazed. ... I seem to remember that they managed to fly back into a time warp, get back to the future, and land safely.

PS. Was this AC carrying a Delaurian in its hold perchance?
</content>
</comment>
<comment>
<content>
@Howard:

You're right. The ending was left open. See: "The Odyssey of Flight 33" for details.

Then again, think of what a revelation a B707 would have been, if it was able to land in 1939! And to think what they could have done if they also had one of those Delaurians!
</content>
</comment>
<comment>       
<content>        
Why don't these planes that are regularly flying over water have some sort of heavy duty, virtually indestructible rubber ball with a long lasting battery powered beacon in it that can float to the surface even if there was a big explosion from a bomb or whatever. If this doesn't already exist then somebody ought to invent it and get rich. It looks pretty obvious that it is needed.

http://en.wikipedia.org/wiki/Distress_radiobeacon
</content>
</comment>
<comment>
<content>
There's another scenario that we have not mentioned. Remember Flight 93? Hijackers take over. Plane diverts. Passengers find out about other hijackings  and  what happened to those folks. They then attempt to re-takeover  and  the plane crashes during the fight.

I believe that a hijacking like the 9/11 hijackings will never happen again because passengers everywhere understand that the hijackers are suicides  and  plan to use the AC as a weapon. Thus, an immediate  and  violent re-takeover attempt the instant a hijacking becomes obvious is going to happen. Remember, only 3 out of 4 9/11 hijackings actually worked. Flight 93's passengers had warnings of their potential fate  and  responded with lethal force in their attempt to reclaim the AC! If this was the case, it would explain the turn-around, followed by the near immediate loss on radar. The BBs will tell when they are found.
</content>
</comment>
<comment>       
<content>        
Radar is subject to power of projection  and  resolution on reception of the bounce-back. Also, curvature of the earth hides greater altitudes as the object moves away.. So, reports state that the civilian radar lost the contact. The military radar (that claims the turn-around) may have been both closer to the target as well as more powerful. Our friends in Malaysia aren't about to detail the capabilities (and probable position) of their military radar sets.

So, radar is a great tool, but there are dead spots in it. The AC needed to stay at a fairly high altitude to remain within ground based radar visibility. Diving below that threshold makes the radar blind to the movement of the AC.

PS. Isn't speculation fun. My bet is on either a hijacking attempt as I detailed above, a (time) bomb in stowed luggage owned by one, or both, of the mystery passengers, or failure of the airframe a'la Aloha Airlines 243 (but at a catastrophically higher altitude).
</content>
</comment>
<comment>
<content>
It could be sabotage (most common cause of mid-flight mishaps?) taking out all the redundant electrical systems at the same time. That would cause loss of communications and fly-by-wire control. What the engines would do - go to idle perhaps? The plane could descend and hit the water gently enough to sink in a few big pieces or it could dive and make a small debris field which should be eventually found. That would probably require multiple small timed bombs in the right places, an sophisticated inside job which seems a little far fetched until every thing else is ruled out. 
If the plane is in the water, anti-submarine listening equipment should find the data recorders by their pings.
</content>
</comment>
<comment>       
<content>        
While this may be hard to discuss, the facts are very dramatic on how the plane disappeared. Congressman Mike Rogers on ABC news yesterday said no Explosion was detected at the time the flight went missing. Malaysia officials have already checked the X-Ray of baggage and personal items by now. If the plane went down due to a crash, debris would have been found. Nothing has been found. If the plane crashed into the ocean and sank, it will be found and in a relatively short period of time as when the flight went missing the location was pinpointed. You can only search an areas of about 100 square miles with Sonar, as the descent of the aircraft would have been very pronounced. This is happening now with the help of the help of the United States Navy Destroyers. If the plane is not located, only one other possible cause can be assumed and that is it was taken out of the sky by a UFO or Space ship.
</content>
</comment>
<comment>
<content>
Listened to a veteran 777 pilot today talking about what might have happened. In his mind, because of the total absence of any communication whatsoever from the pilots prior to the disappearance of the plane, what happened must have been a singular massive catastrophic event. His theories:

1. A very large bomb went off that obliterated the plane in flight.
2. A very powerful missile hit it that obliterated the plane in flight.
3. The pilots "went jihad" and calmly flew the plane at very high speed into the ocean, where it would have been completely obliterated on contact.

The 777 Captain said that telemetry from the plane is continuously being sent back to home base computers, and that the Malay authorities KNOW what the condition of the plane was in prior to it losing contact.

The 777 Captain said that he could not think of a thing that could have gone wrong on the plane itself without outside stimulus that could have caused a complete cutting off of communications instantaneously as seems to have happened. The 777 is a very sophisticated and highly redundant machine that, should failures occur, will give pilots warning and time to try to compensate and do something about. Including getting on the radio to let home base know that there was a problem.

It will be fascinating to finally learn what happened here. Based on listening to the 777 Captain, odds are that something intentional occurred.
</content>
</comment>
<comment>       
<content>        
My impulse is to go with #3, although there should be a debris field of some kind floating around in the South China Sea. I am beginning to think there might be a #4: the pilots took the aircraft down to sea level and flew it somewhere. But where do you hide a B-777 and passengers?

WRT #2, I don't think there is a missile in the SAM category that can obliterated a B-777 in flight.
</content>
</comment>
<comment>
<content>
I don't think absence of communications from the crew necessarily means sudden catastrophic event. On Air France Flight 774 the crew was so absorbed in getting the plane under control they never radioed a problem during the eight minutes or so the crisis unfolded. But in the Air France case, the transponders did send data up until the end that gave clues about a icing problem that was found later to have triggered the whole chain of errors. In this case, as you point out, there is no clue from transponder data that anything was wrong, which seems much harder to explain except as deliberate act by someone on board or massive catastrophe.
</content>
</comment>
<comment>       
<content>        
What is perhaps most disturbing is that the UK's Daily Mall has reported:

"The United States extensively reviewed imagery taken by American spy satellites for evidence of a mid-air explosion, but saw none, a U.S. government source said. The source described U.S. satellite coverage of the region as thorough."

Vanishing without a trace is very unusual.
</content>
</comment>
<comment>
<content>
I've read reports that a debris field has been noted south of Vung Tau, and another that they are searching south of Hong Kong. Their flight plan as I understand it was they were to fly over Vietnam. Could it be that they picked a path over water and under the radar trying to get to North Korea. A plane full of Chinese nationals could be a heck of a bargaining chip for lil' Kim.

I've also read where some people have been able to call their relative's cell phones and they ring through but no-one answers.
</content>
</comment>
<comment>       
<content>        
Thank you again, Warren.

Anything is possible. However, my belief is that U.S. intelligence in the area is very "thorough," and such actions would have been picked up by now.

Also, Kim Jong-un would incur the unbridled wrath of China and the world; and my belief is that he is not suicidal.
</content>
</comment>
<comment>
<content>
Warren, when it comes to crime -- Means, Motive and Opportunity...

As crazy as North Korea's nutty dictator is, what would motivate him? Why would you think the North Koreans are smart enough/skillful enough to commandeer a commercial jet and bring it to North Korea? It couldn't be landed anywhere else.

You can be sure no planes flying past South Korea heading toward North Korea are ignored by South Korean radar and other tracking devices operated by the US military in the region. Not to mention Japan.
</content>
</comment>
<comment>       
<content>        
You wrote:
""The United States extensively reviewed imagery taken by American spy satellites for evidence of a mid-air explosion, but saw none, a U.S. government source said. "

Is there any reason to think the US government would spill everything known about this likely terrorist act?

Why help the bad guys get away with it by admitting what we know or don't know?

Pretty much like zeroing in on Osama bin Laden. There was no public announcement that he was likely to be found living in Abbotabad, Pakistan. 

Maybe Navy SEALs are on their way somewhere to nail some co-conspirators who weren't on board.
</content>
</comment>
<comment>
<content>
Thank you, Christopher, for your comments.

Yes, perhaps you are correct. At the moment, however, it is a tragic, baffling mystery; and the families of loved ones who were aboard are suffering the most.

Pressures are being applied to their governments; and the world is united with respect to the mission to learn the truth.
</content>
</comment>
<comment>       
<content>        
So basically a 777-200 vanished into thin air? 

It's too bad the bean counters were too cheap to allow the state of the art Satellite tracking of all aircraft which fly over the oceans. We can only look forward to more of these freaky incidents like this, especially when there is no real time tracking. 

The plane probably go hijacked and has landed somewhere under the cover of darkness. Now, you can whistle Dixie trying to find it.
</content>
</comment>
<comment>       
<content>        
According to some googling I've done this Malaysian Air 777 is supposed to have a "406 megahertz Emergency Locator Transmitter". I've read that satellites SHOULD be able to locate the beacon within 30 minutes or so.

http://www.newscientist.com/article/dn25194-search-for-missing-malaysian-plane-goes-high-tech.html

This article says that this beacon separates from aircraft wreckage and floats when it is immersed in saltwater. "That floating radio beacon can be picked up by a number of the aircraft on this search, including the P-3C and MH-60s.

Since this is a Boeing 777, I wonder if Malaysian airlines turned off the emergency locator beacon because they thought it might cause a fire like it did with the 787 this past year. Maybe these Honeywell emergency beacons are a piece of junk and malfunction so much that it drains the batteries or the airlines just turn them off.

http://www.bloomberg.com/news/2013-07-15/honeywell-to-join-investigation-on-boeing-787-fire.html
</content>
</comment>
<comment>
<content>
Reports recently released that an Iranian-connected person referred to as "Ali" facilitated the purchase of two tickets, paid for in cash. Presumably for the one's traveling on stolen passports. This is a potentially important lead.
</content>
</comment>
<comment>       
<content>        
The plane was hijacked. 

It happened in the dead of night. Once the flight crew was overpowered and the transponders were turned off as well as any other communications with the ground, the hijackers were free to fly that plane anywhere they wanted. 

So, it could be in: a.) North Korea
b.) China
c.) Russia

or in any country with a runway long enough to land a Boeing 777-200 series in the middle of the night.

If it had been hit by any kind of missles then you would still see debris. If there was an explosion someone would have seen that. But, a Boeing 777-200 flown at 1000 feet under the radar would be damnnnn near impossible to detect.
</content>
</comment>
<comment>
<content>
Hijacked? So where did it land? Neither Russia nor China would participate.

North Korea is too far away. Even if the plane were headed there, radar systems along the way would have detected it.

It's at the bottom of the Gulf of Thailand, put there by the pilot and/or co-pilot, who aimed it straight down.
</content>
</comment>
<comment>       
<content>        
It's in the Ukraine, or someplace in Afghanistan. Or Russia. 

They probably bribed the security people to look the other way while they boarded. Then once aboard the aircraft they waited until it was into the flight and took full command of the aircraft. They then disabled all transponders and any other automatic electronic signals and dropped the plane down to1000 feet and flew it deep inside Russia, Ukraine or Afghanistan.
</content>
</comment>
<comment>
<content>
The "hijacked and diverted to a 3rd country" theory is extremely weak. 

All countries control their airspace vigilantly.

If the aircraft was hijacked and diverted, which country did they fly to, how is it that that country allowed the errant craft in, gave permission to land, and then kept it a secret for 4 days?

And please don't say "North Korea." As if they would kick over a beehive with their only friend and benefactor in the world, China.
</content>
</comment>
<comment>       
<content>        
consider the scenario of this pilot, this muslim man with knowledge of chemistry and physics, this man who was an expert on the 777, who went to the extreme of building a model of the plane in order to understand everything about it - consider that he developed a method for flying undetected, totally under the radar, knew how to disable all the black box and signaling and reporting functions, then flying to some al qaeda safe harbor, declaring alongside his al qaeda co-conspirators that they have 225 hostages that they were able to snatch from the sky. with the aid of the 14 or so al qaeda affiliates who were on board with other unsuspecting passengers to ensure they didn't use their cell phones or try to overcome the hijackers, they were able to exact a new kind of terror that would devastate the world - at least in the short term. genius. no wonder this pilot was jovial! he was no doubt giddy at the notion of having perfected the development of a fabulous new arrow in the al qaeda quiver.
</content>
</comment>
<comment>
<content>
The most plausible explanation is that the plane is at the bottom of the ocean, with some debris floating but in an area not in the vicinity of where they are presently searching.

There is a huge expanse of ocean to comb, and investigators do not know where the plane was when it "disappeared." It took 2 years to find the main parts of the Air France jetliner that crashed in 2009.

Absence of evidence is not evidence of absence.
</content>
</comment>
<comment>       
<content>        
I have a radical but possible theory. The plane was hijacked and the transponders were off. It was being taken to China to attack a Chinese city. The Chinese saw a foreign plane in their airspace on their radars and defense shield with no transponder or cockpit communication successfully made with the plane. 

Fearing the unknown or a 9/11 style attack on Hong Kong or something the Chinese shot it down before it came near a big Chinese city... Now they do not want to come out and say it not realizing that it was loaded with mostly Chinese citizens. They did not know what it was because the plane was not yet reported missing by the Malaysians.

The Malaysian authority did not claim the plane was missing to the Chinese for several hours as they did not know what happened to the plane for the first one or two hours which is enough for the plane to make from south Vietnam in to southern China and Hong Kong.

So if there is any debris it is in Chinese waters. They would clean it up in the meantime while rest of the world looks for it in the Gulf of Thailand south of Vietnam.

Short of suicidal pilot or suicidal hijackers or a bomb no other theory makes any more sense. Even with a bomb over Gulf of Vietnam some debris would have been spotted by now.
</content>
</comment>
<comment>
<content>
I agree to an extent. 

A large military missile is most capable to disintigrate at that scale. A smuggled bomb would likely do little more than break off a section of the plane, still leaving large chunks. 

With your theory, the chinese would've had to shoot it down over a place with few or no witnesses. 

So yes, maybe they feared it was hijacked and needed to shoot it down, but that wouldve nonetheless had to occured over water and far away from a city or glamorous target. Given the flight path, that decision wouldve had to occur within maybe 2 hours or whatever. 

I started to think it was a very nice hijacking that landed somewhere.....but really what's the point of that? Stealing a jumbo is useless unless you have 160k just to fill the tank one time. If you wanted to kill people and make a statement you would go ahead and do that, and there's no reason to do that at night.
</content>
</comment>
<comment>       
<content>        
There is mostly water from Vietnam to Hong Kong. Shooting it down at 3am in the night over the Pacific Ocean who will be the witness.

The chances that the plan landed somewhere successfully are zero at this stage. They have to ask for their demands by now if they went that far to do it.

What baffles me is that no Chinese President or Premier has come out making any kind of statement given 200+ Chinese dead. They have expressed no interest in saying anything or discovering what has happened. That is why I believe my theory now.
</content>
</comment>
</comments>
