<topic id = "Raw-Topic-3" category = "1">
	<title> malaysia airlines disappearance </title>
	<doc id="Raw-Topic-3_01" hasComment = "Y" />
	<doc id="Raw-Topic-3_02" hasComment = "Y" />
	<doc id="Raw-Topic-3_03" hasComment = "Y" />
	<doc id="Raw-Topic-3_04" hasComment = "Y" />
	<doc id="Raw-Topic-3_05" hasComment = "Y" />
	<doc id="Raw-Topic-3_06" hasComment = "N" />
	<doc id="Raw-Topic-3_07" hasComment = "N" />
	<doc id="Raw-Topic-3_08" hasComment = "N" />
	<doc id="Raw-Topic-3_09" hasComment = "Y" />
	<doc id="Raw-Topic-3_10" hasComment = "N" />
</topic>
