<doc id="Raw-Topic-3_10"> 
<news_source>
China Daily
</news_source>

<date>
March 10, 2014
</date>

<author_source>         
</author_source>

<headline>
Still no sign of Malaysian jet lost in 'unprecedented mystery'
</headline>

<text>
<p>   
KUALA LUMPUR/PHU QUOC ISLAND, Vietnam - The disappearance of a Malaysian jetliner is an "unprecedented aviation mystery", a senior official said on Monday, with a massive air and sea search now in its third day failing to find any confirmed trace of the plane or 239 people aboard.
</p>
<p> 
The head of Malaysia's Civil Aviation Authority, Azharuddin Abdul Rahman, said a hijacking could not be ruled out as investigators explore all theories for the loss of Malaysia Airlines flight MH370 en route to Beijing.
</p>
<p> 
"Unfortunately we have not found anything that appears to be objects from the aircraft, let alone the aircraft," he told a news conference.
</p>
<p> 
"As far as we are concerned, we have to find the aircraft, we have to find a piece of the aircraft if possible."
</p>
<p> 
As dozens of ships and aircraft from seven countries scour the seas around Malaysia and south of Vietnam, questions mounted over possible security lapses and whether a bomb or hijacking could have brought down the Boeing airliner.
</p>
<p> 
Interpol confirmed on Sunday at least two passengers used stolen passports and said it was checking whether others aboard had used false identity documents.
</p>
<p> 
Flight MH370 disappeared from radar screens in the early hours of Saturday, about an hour into its flight from Kuala Lumpur, after climbing to a cruising altitude of 35,000 ft (10,670 metres).
</p>
<p> 
A Vietnamese navy plane reported seeing what could have been a piece of the aircraft as darkness fell across the Gulf of Thailand and South China Sea on Sunday, but ships and aircraft returning in daylight have so far found nothing.
</p>
<p> 
Underlining the lack of hard information about the plane's fate, a US Navy P-3 aircraft capable of covering 1,500 sq miles every hour was sweeping the northern part of the Strait of Malacca on Monday, on the other side of the Malay peninsula from where the last contact with MH370 was made.
</p>
<p> 
"Our aircraft are able to clearly detect small debris in the water, but so far it has all been trash or wood," said US 7th Fleet spokesman Commander William Marks in an emailed statement.
</p>
<p> 
Shares in Malaysia Airlines fell as much as 18 percent to a record low on Monday morning.
</p>
<p> 
NO DISTRESS SIGNAL
</p>
<p> 
No distress signal was sent from the lost plane, which experts said suggested a sudden catastrophic failure or explosion, but Malaysia's air force chief said radar tracking showed it may have turned back from its scheduled route before it disappeared.
</p>
<p> 
A senior source involved in preliminary investigations in Malaysia said the failure to quickly find any debris indicated the plane may have broken up mid-flight, which could disperse wreckage over a very wide area.
</p>
<p> 
"The fact that we are unable to find any debris so far appears to indicate that the aircraft is likely to have disintegrated at around 35,000 feet," said the source.
</p>
<p> 
Asked about the possibility of an explosion, such as a bomb, the source said there was no evidence yet of foul play and that the aircraft could have broken up due to mechanical causes.
</p>
<p> 
Still, the source said the closest parallels were the explosion on board an Air India jetliner in 1985 when it was over the Atlantic Ocean and the Lockerbie air disaster in 1988. Both planes were cruising at around 31,000 feet when bombs exploded on board.
</p>
<p> 
The United States extensively reviewed imagery taken by American spy satellites for evidence of a mid-air explosion, but saw none, a U.S. government source said. The source described U.S. satellite coverage of the region as thorough.
</p>
<p> 
Boeing declined to comment and referred to its brief earlier statement that said it was monitoring the situation.
</p>
<p> 
The Boeing 777 has one of the best safety records of any commercial aircraft in service. Its only previous fatal crash came on July 6 last year when Asiana Airlines flight 214 struck a seawall on landing in San Francisco, killing three people.
</p>
<p> 
MASSIVE SEARCH
</p>
<p> 
About two-thirds of the 227 passengers and 12 crew now presumed to have died aboard the plane were Chinese. The airline said other passengers included 38 Malaysians, seven Indonesians, six Australians, five Indians, four French and three Americans.
</p>
<p> 
The passenger manifest issued by the airline included the names of two Europeans - Austrian Christian Kozel and Italian Luigi Maraldi - who were not on the plane. Their passports had been stolen in Thailand during the past two years.
</p>
<p> 
An Interpol spokeswoman said a check of all documents used to board the plane had revealed more "suspect passports", which were being investigated.
</p>
<p> 
"Whilst it is too soon to speculate about any connection between these stolen passports and the missing plane, it is clearly of great concern that any passenger was able to board an international flight using a stolen passport listed in Interpol's databases," Interpol Secretary General Ronald Noble said.
</p>
<p> 
Malaysia's state news agency quoted Home Minister Ahmad Zahid Hamidi as saying the two passengers using the stolen European passports were of Asian appearance, and criticised the border officials who let them through.
</p>
<p> 
"I am still perturbed. Can't these immigration officials think? Italian and Austrian but with Asian faces," he was quoted as saying late on Sunday.
</p>
<p> 
A European diplomat in Kuala Lumpur cautioned that the Malaysian capital was an Asian hub for illegal migrants, many of whom used false documents and complex routes including via Beijing or West Africa to reach a final destination in Europe.
</p>
<p> 
"You shouldn't automatically think that the fact there were two people on the plane with false passports had anything to do with the disappearance of the plane," the diplomat said.
</p>
<p> 
"The more you know about the role of Kuala Lumpur in this chain, the more doubtful you are of the chances of a linkage."
</p>
</text>
</doc>
