<doc id="Raw-Topic-3_06"> 
<news_source>
Reuters
</news_source>

<date>
March 10, 2014
</date>

<author_source>         
</author_source>

<headline>
Missing jet could slow Malaysian Airline's return to profit
</headline>

<text>
<p>             
(Reuters) - The disappearance of the Malaysian Airline System (MAS) (MASM.KL) jet could dent the national carrier's plan to return to profit by end-2014, equity analysts said.
</p>
<p>
Flight MH370 disappeared early Saturday about an hour into its flight from Kuala Lumpur after climbing to a cruising altitude of 35,000 feet.
</p>
<p>
MAS, which saw its net loss expand 171 percent to 1.17 billion ringgit ($359.12 million) in 2013 from 2012, could see a loss in bookings due to the missing airliner and some analysts believe it could lead to a change in management.
</p>
<p>
"We do not discount the possibly of changes to MAS top management, given the existing disappointing financial results and the severity of the current incident," Daniel Wong, equity analyst with Kuala Lumpur-based Hong Leong Investment Bank, wrote in a note on Monday.
</p>
<p>
MAS officials declined to comment on any possible changes to management, saying their primary focus was to care for the families of the passengers on the missing jet.
</p>
<p>
The latest incident is the second mishap for MAS after a Twin Otter aircraft belonging to MASWings, a unit of MAS, crashed while attempting to land in October 2013, killing two.
</p>
<p>
"This could last for some time, even months," said Pong Teng Siew, head of research at Kuala Lumpur-based Interpac Securities. "There will be some apprehension among travelers whether they should take MAS flights in the immediate future.
</p>
<p>
"Passengers and regular travelers of MAS will watch carefully how the top management handles this crisis situation. It means a lot to the future of the carrier."
</p>
<p>
DIFFICULT TURNAROUND
</p>
<p>
MAS has been aiming to turn around since it last posted an annual net profit of 237 million ringgit in 2010, but loss-making routes and competition from budget airlines like AirAsia (AIRA.KL) have hurt the company.
</p>
<p>
It is only recently that it started to see its turnaround plan gain traction after a series of corporate exercises that helped improve cash flow and cut debt. The airline also gained the support of its 20,000-strong employee union following an aborted share swap with AirAsia in May 2012.
</p>
<p>
Eleven out of 12 analysts who cover the stock have either a strong sell or sell rating, while one recommended a hold, according to data compiled by ThomsonReuters.
</p>
<p>
The shares have slumped almost 66 percent since 59-year-old power industry veteran, Ahmad Jauhari Yahya, joined the state-controlled airline in 2011.
</p>
<p>
Malaysia Airports Holdings (MAHB.KL), the operator of Kuala Lumpur International Airport where the Boeing 777 last took off, saw its shares fell 3.34 percent to 8.10 ringgit.
</p>
<p>
Shares of AirAsia remained unchanged at 2.52 ringgit a share, while long-haul budget airline AirAsia X (AIRX.KL) rose 0.62 percent to 81 sen.
</p>
<p>
Malaysia's benchmark index .KLSE declined 0.49 percent.
</p>
</text>
</doc>
