<?xml version="1.0" encoding="UTF-8"?>	
<comments>
<topic id="Raw-Topic-10" category="2" />
<doc id="Raw-Topic-10_03"></doc>

<comment><content>
Having started to read about the movement in detail, I read somewhere that these two are the apprentices of Tsai Ing-wen, and not even the current DPP leader Su Tseng-chang can control them.
</content></comment>
<comment><content>
It is high time that Taiwan revert back to monoparty system like what had been done by Chiang Kai Shek. As I have said western multiparty democracy is not suitable for Chinese people. It can never fit into the unique culture of Chinese. It only bring chaos and disorder. That I will elaborate later. Mainland China doesnt practise western democracy and it is progressing amazingly fast. In just a few decades, millions of mainland Chinese were lifted from poverty and after adopting the open market for less than forty years, it becomes the world second largest economy. Singapore is another example, in the name it is a multiparty democratic system, but smart Lee Kuan Yew has been finding all the ways and means to keep the Peoples Action Party staying in power. What he practises is no real western democracy, but some form of autocracy plus pragmatism. But Singapore now is a developed country with GDP per capital ranked no. 8 in the world. I think what Taiwan need today is a coup to topple the present system and bring changes beneficial to its country man.
</content></comment>
<comment><content>
1. Chiang Kai-Shek is world-class recognized dictatorship government. Are you suggesting Taiwan to give up a democratic system and go back to Martial law period, or, to follow the Chinese have a cultural revolution and kill everyone especially the intellectuals and become one last communist country in the world? 
According to your logic, the Americans should've long forsaken its democracy and entire government system, the LAW, when anti-war (Vietnam) movement took over majority voice of the people? How come the USA didn't become a second USSR? Destroy all opposite voices and re-unite the entire nation? Why not learn from Nazi? Re-unite Germany after WWI then conquer the world later?

If you argue it's all because of Chinese Culture's influence so Taiwanese are destined to be ruled under dictatorship, please elaborate what is your so-called "Chinese culture", and based on what that you assume there're no people, not even one educated person, with conscience and common sense for LAW and JUSTICE, and DEMOCRACY, that these people will not fight for the TRUTH and Taiwan's future? Only people who sent out Facebook messages or spent a few millions advertising Taiwan's riot on NY Times have a voice?

Do you know what's the population in Taiwan (23,000,000)? Do you know how many people were on the street protesting the trade pack on 330? Not even 1% of the entire population. Do they represent EVERYONE in Taiwan because their student ID cards, or because these people BROKE INTO the Legislative Yuan FIRST, INSIST OCCUPYING FOR MORE THAN 2 WEEKS, and took over the microphone? Is this how it works in Japan?

If you're saying Taiwan has no Democracy or it's not working, how come you're watching the news on TV about this "riot", expressing your opinions on CNN commentaries, how come as "obedient" ( as most foreigners with the stereo-type of Chinese culture) as a Taiwan college student, can lead an "army" of 110,000 crowds protesting in front of President's office? How come we didn't have an army tank out on the street running over our people? Your opinion makes a perfect example of paradox.

2. For people who LOVE to compare TWN and THAI. Thailand has a different political system than Taiwan. We are not running 2 senate Congress, there's only ONE and IF IT'S OCCUPIED BY COLLEGE STUDENTS, our Congress will not be able to work, no trade pack can be re-evaluated, or returned, nothing, yet the tax-payers are still paying $26,000 everyday (16 days already) for their salaries. Thailand has a King, who doesn't have much political power, Taiwan has a PRESIDENT, who is ELECTED by every Taiwan citizen, VOTE BY VOTE. Please stop comparing Taiwan with Thailand just because two words RHYME. As for Singapore, how many countries in the 21st century still have Caning in legal system? Do they represent a better example for Democracy?

People fought for Democracy in Taiwan for a long time because of CKS's dictatorship, people went to prisons, sacrificed their lives in many political movements, now we have 2 terrorists coming out for their selfish political pursuits (Taiwan Independence), making Taiwan an international laughing stock and spreading false news IN ENGLISH all over the world, they are the ones who should've been locked up the first day they invaded our government buildings, taking the responsibility of BREAKING THE LAWS, if you had the courage to challenge public authority, why hid behind the police when others (citizens) coming to request for a talk?

I'm sick of this news. Please just arrest these terrorists and give us back a peaceful society, let's talk about the trade pack, Taiwan Independence (what's the point really), or even plot to overthrown the government BY VOTES in 2016, JUST GET THE TERRORISTS OUT OF MY GOVERNMENT!
</content></comment>
<comment><content>
False report CNN, the terrorists camped INSIDE the Legislative Yuan as well, and the leading two have their "own offices". Today it's the 15th day. When the Taiwan Mafia came to express their opinions, "get out of people's Congress", your "innocent terrorists" started to worship the police for protection, "Thank you Policemen! Thank you Policemen!", does anyone remember just 2 days ago, who told CNN, New York Times, and the entire world that the policemen VIOLENTLY beat up innocent students in Taiwan? Policemen are abusing naive college students? Policemen are animals? Now when the Mafia's coming suddenly Policemen become Gods again? Wow, noble. No wonder it has a voice on CNN.

People of Taiwan had a Hollywood style thriller to entertain our April Fool's day yesterday. Thanks to Taiwan's mafia.
</content></comment>
<comment><content>
No country in the entire World should be trading with the blood-thirsty Chinese Communist Party. 
Because of corporate greed, people living in the west have been kept in 
the dark concerning the true nature of the brutal Chinese Communist 
Party and the atrocities that have and are still committing to their own
citizens such as the tens millions of innocent Falun Gong practitioners
who live in Red China. Atrocities such as illegally arresting a young, 
pregnant Falun Gong practitioner and having her raped by a gang of hardened criminals, just because of her belief in truthfulness and tolerance. Atrocities such as 
organs being removed from thousands of living Falun Gong without the use
of any anesthetic. Atrocities such as hanging newborn babies by their 
ankles with piano wire, in front of their mothers, to try to force them 
to disavow their belief in God. Atrocities such as the murder of over 
one million Falun Gong since this persecution began in 1999. Thank you 
for your concern.
</content></comment>
<comment><content>
BTW, Taiwan's per capita GDP $31,900 sounds suspicious, since many of you earn about 22k NT ($10k per year) , that is why so many are not happy. While in guangzhou, the so called GDP $8000 is basically for labor workers, white collar earn way more than that. Sounds your gdp is only for paper number, seen but untouchable.
</content></comment>
<comment><content>
Then guangzhou GDP must be $1000 a year is Taiwan's per capita sounds "suspicious." You do understand that Taiwan industrialized a full two decades before China right and it has a smaller population?
</content></comment>
<comment><content>
doesn't matter. You have a small land so you land price is higher, thus make you spend more on house. Like in US the same salary makes your life much better than in Japan.
</content></comment>
<comment><content>
Taiwan's income/GDP is much lower than Hongkong, but life in Taiwan, I will say, is much better than in Hongkong. Not many middle class Chinese want to live in Hongkong, where life is too stressful, no living space.
</content></comment>
<comment><content>
naive so-called students in taiwan province were brainwashed by the opposition party, they need to get re-educated. It is also time for mainland to send in PLA to liberate Taiwan province once and for all.
</content></comment>
<comment><content>
those on the streets are not students, they are political activists, pawn of those rebel, running dog party in taiwan province. They should get off the streets and go back to the classroom where they belong. they are using "democracy" as excuse to make trouble. 
DO NOT SUPPORT TROUBLE MAKERS.
</content></comment>
<comment><content>
Liberate us from what? The ability to go on facebook and twitter? Vote for our president? Watch uncensored movies? Search the internet uncensored? At least in Taiwan you can be brainwashed by either party. In China you get only one choice for brainwashing.
</content></comment>
<comment><content>
The communist party lifted more people from poverty than everybody else in the world. The communist parety nowadays have contributed a lot more than taiwan province have to offer. Mao is dead, so is Chiang Kai Shek. communist party had reformed, japanese have not. Big difference. Get yorself re educated, your opinion do not represent facts, it sucks.
</content></comment>
<comment><content>
Sammy the bad breathe kim chi tai ba ze, sons of Japanese comfort women are the cancer of the world, that's why japan is the only country got nuked twice. It is China rescued the world while U.S. blew the housing bubble, you stooge. Without China lending money to U.S., Europe and others, stooges like you would be wearing seaweed for trousers right now. HAHAHAHAHAHA you are suffering from super strength gonorrhea plugging up your peabrain right now. HAHAHAHAHA
</content></comment>
<comment><content>
Hey hey now... did you not get your official tourist behavior guide from the Chinese government? Remember.. No yelling, and no cursing while in other countries. Oh, and no spitting. I figure you would be one of those spitters. Go over your guide again. HAHA. The guide was written by CCP officials that were trained in Japan on manners.
</content></comment>
<comment><content>
Sammy the stooge, no spitting, are you freaking kidding? how can you enjoy a baseball game without watching spitting. You tai ba ze would pick your nose, lick your finger and eat the boogers, that would really turn my stomach. Behave yourself, you rotten little disgusting schmuck. HAHAHAHAHAHAHA
</content></comment>
<comment><content>
Guangzhou is a city, not a province. Guangzhou is capital of Guangdong province, very nice place, a lot nicer than taiwan province. Also, Guangdong province GDP is a lot higher than Taiwan province.
</content></comment>
<comment><content>
Nice Try. Per Capita GDP in Taiwan in $31,900 USD. Per Capita GDP in Guangdong is $8,570 USD. I hope they enjoy buying cup o noodles for every meal over there in Guangzhou. Anyways, have you ever been to Guangdong, province of Taiwan?
</content></comment>
<comment><content>
GDP is an average. You understand that right? You did get an education in China correct? And no, "many" Taiwanese don't earn $10,000 USD a year. A house in Taipei City costs over $1 Million USD to purchase. A small home in Shillin district costs $2.2. million USD.
</content></comment>
<comment><content>
Well, yes, it kind of is. We can watch uncensored movies, vote for political parties we like, go on facebook and youtube, play video game consoles, and *gasp* protest without being thrown in a mining camp... and YES, you can do all those things in China, if you feel like breaking the law.... But then again, you can get heroin in the U.S. if you feel like breaking the law so it's not really a good idea. While it may not be a "better" life to some, it sure is more free and I consider it a better life for me.
</content></comment>
<comment><content>
Not bragging. All those things that we can do in Taiwan you can do in MOST COUNTRIES. You understand that right? You can do it in the U.S., Korea, Japan, all of the E.U. and many many more places.
</content></comment>
<comment><content>
big whippy deal, mainland have lifted millions out of poverty in the last few decades, including those in the Taiwan province by way of sending tourists to the island. in the mean time, people in Taiwan province are cleaning after those mainland tourists to make their living. Without tourists money from mainland, those rebel students, their parents and yourself would be eating seaweeds for supper. Guangzhou is a capital of Guangdong province. those Chen Shui Bian pathetic education made you failed your geography lesson miserably and messed up your peabrain.
</content></comment>
<comment><content>
Taiwan has a lot of cleaning to do after those dirty mainlanders come over and spit all over the place and deface public property. Who cares about the geography of China? People in Taiwan care about China's geography about as much as people in China care about France's geography. Taiwan has nothing to do with China so why should we learn your stupid rivers, mountains, and provinces? We know more Japanese prefectures than we do Chinese provinces. HAHA.
</content></comment>
<comment><content>
LOL, American should kill all Taiwanese since you keep fooling them, I remember Taiwan told them every 3 years China would collapse in 2 years. For Chinese Gordon Chang is their best agent.
</content></comment>
<comment><content>
I estimated 100,000 protestors on 3/30/2014 in this forum.
According to official estimate, there are 200,000-300,000 protestors gathering in front of presidential palace on 3/30/2014. According to other sources, the estimates number is around 500,000 which is the largest protesting gathering in Taiwan history.
Anyway, KMT is doomed in the year-end congressmen/women election in Taiwan.
Ma has to push all the economic/political treaty with China before his term ends in 2016. Taiwanese people take a long time to know KMT who got expelled/rejected from mainland China in 1949. Both Chinese people and Taiwanese people are the victim of this corrupted KMT party.
However, the situation of this issue is not changed yet.
</content></comment>
<comment><content>
Taiwan's situation is very similar to Israel which is also surrounded by hostile countries.
Unification from both "green" and "blue" is the key.
Use your vote to tell politician who is the boss. 
KMT has huge asset/money to campaign during the election including bribery and gambling. Taiwanese people need to wake up and understand the consequence. In the same token, green party also need to reform to gain trust from Taiwanese. Without the same goal from both parties, it is not possible to resolve this. Taiwanese need to remove KMTs asset/money so that the election is fair and get the right person to represent people in Congress.
Taiwan do have the capacity to launch missile to major cities in China such as Shanghai or Pejing. Unfortunately, president Ma cut down military budget and plans to sign peace treaty with China. On the contrary, Taiwan should build enough military force/strength before any talk/treaty with China. This same rule applies to any country as well. The recent increase in military budget in Japan is a perfect example.
</content></comment>
<comment><content>
this is a successful movement. new political leaders were born. they caught the right agenda, got assistance from insiders of congress, and became focus of media. also handsome and pretty leader made everyone to stand with them. blue party will copy the same model in the future. protest and conflict will occur in this island on/off for 50 to 60 years,
</content></comment>
<comment><content>
We saw that before, at Tiananmen square 25 years ago, and that is the problem. The student "leaders will be so addicted to the spot light and over night fame that confronting is in their best interest. Besides they are really not student "leader", just speaker, since they have no means to enforce discipline, the mass only follow them when they like them. The movement will be dictated by radicals, as all similar mass movement.
</content></comment>
<comment><content>
my post 3 days ago:
the major person paid this event has last name starting with L. he talked to students 2 days ago. the event will end within 1 or 2 weeks based on our info.
</content></comment>
<comment><content>
our institute made a right judgement again. the activity will end when money running out. but sad thing is protest and conflict will on/off in the next 50 to 60 years. green and blue will take turns.
</content></comment>
<comment><content>
my post 2 days ago:

the major person paid this event has last name starting with L. he talked to students 2 days ago. the event will end within 1 or 2 weeks based on our info.
</content></comment>
<comment><content>
What a beautiful day! LOL

I think Taiwan students are too cowardly. see nobody give you a damn even you claim one millions came out to support you. Why don't you attack the president palace, capture Ma and execute him? It is a revolution anyway. Why only demonstrate only at weekend, how about weekday to take over the main avenue? You students don't go to the class any way. Such a pity bunch not being able to do anything.
</content></comment>
<comment><content>
It's obvious those students who protested DO NOT represent the majority of Taiwanese people, lets not forget the total population of the island is about 23 million. This protest is clearly organized by Pro Taiwan independence groups using anti-China trade agreement as an excuse for the purpose of further isolating a weak president Ma Yin Jou. This trade agreement is not the best agreement, but an way for Taiwan to survive while acknowledge the presence of China. If Taiwan can be independent, then Taiwan will have better and more options in trades with more countries and thus less dependent on China. What I don't understand is that how come the pro-Taiwan independent DPP who ruled Taiwan from 2000 to 2008 under Chen Shue Bian did not even try to work on getting Taiwan independent? If they realize getting Taiwan independent is not possible, why don't they just work with KMT on the existing trade issues like adults, rather than siding with these students whose action so far just wasted lots of tax payers money?
</content></comment>
<comment><content>
From the high level, I would compare this trade policy with Obama Care. Both are unpopular with the respective citizens. Both have the unyielding support from the President of the respective countries. Why is it okay for the Taiwanese students to take over a government agency? Why is it okay to consider the take over as a legal/peaceful protest?

Basically, the students are claiming that they don't trust the government with KMT as the majority leader. From my point of view, only way to end this movement and to satisfy these students is to remove Ma and KMT as the majority leader. However, the students don't have the courage to state as such. I start noticing a pattern that all the response from Ma government were treated as false promises. No matter what Ma said or agreed, the students has always gone back to the fact that KMT is the majority leader, so the trade agreement will be passed regardless.

Democracy is not the perfect solution when you don't have the right personnel in the right places, as you can see in US and Taiwan. However, until another system is available, this type of movement is causing more harm than good. Under the existing democratic system, the citizens can use their votes to punish any politician and any political party. And to take a step further, form a new political party to gain power within the country. Just my two cents.....
</content></comment>
<comment><content>
Just get up and see the news, very glad. Taiwan studets are fantastic and get things done. This will keep going for long time and kill the deal at the end, just as I predicated before. We will have good shows to watch.
</content></comment>
<comment><content>
I'm sitting here in front of my computer in Taichung, Taiwan looking for any Chinese newspapers that are covering the Taipei student movement. It is really sad that the Chinese government run media doesn't allow any news that speaks negatively of mainland China. There are rumors that the Chinese can immigrate to Taiwan for a fee of 48,000 yuan. The average worker in China makes 1.36(USD) about 40(NTD) it is just not the future that Taiwanese students want. You can't buy anything in Taiwan with 40(NTD). Meanwhile we have an administration here in office that hasn't really tried to meet any of the demands of the student protesters or even tried to understand the message being sent to them from young Taiwan. All this as Taipei police authorities yesterday said that 2,000 more police officers have been deployed to maintain order at the rally of the student-led occupation movement that will start today in front of the Presidential Office Building. This is really simple, the students are right and the government is wrong. Unfortunately, it is obvious here that the students are a lot smarter than the older generation of Taiwanese. This is not an issue of DPP versus KMT, this is about transparency.
</content></comment>
<comment><content>
Nah man... this is a DPP KMT issue and the students are being used, primarily because they were let into the legislative Yuan building by the DPP. Im actually hoping you know that the DPP made sure they did everything they can to stop the discussion and that they have done nothing democratically on the subject. I can retype all the shinnanigans that the DPP have done that shows they don't know what Democracy is.
</content></comment>
<comment><content>
I will try to explain this to you as I understand it. I think most of the world knows that China has a lot of problems; pollution, a stock market that is up and down, civil unrest, and the largest real estate bubble the world has ever seen. This trade pact would allow the Chinese to invest in Taiwan in several different sectors. These big investors from China could slowly take financial control of Taiwan and as we all know that means political control. The media would not be the only thing that would suffer. Freedom of speech could most certainly be taken away just as it has in China. The investing of these big Chinese banks will really hurt these smaller Taiwanese banks. The larger Chinese banks could buy up the smaller Taiwan banks. These government run banks would have all of the information of the Taiwanese people. I don't think anyone could argue with me that this would hurt the privacy of the Taiwanese people. But it would also totally destroy national security.
China is huge and Taiwan is so small. Politically, the Chinese can achieve many of their goals through the economy. If you can control the media and the money you can control the country. I really have a lot of new found respect for the young people of Taiwan for being very smart. Now, if Mr. Ma has any self respect he will admit he was wrong.
</content></comment>
<comment><content>
The main thing that this service pack does is that Taiwan can set up a company directly on the mainland and do business and it sets up regulations and rules for cross strait business where there wasn't any. What people don't understand is that China could make investments now if they wanted too. All they have to do is set up a company in Hong Kong or Singapore. Neither Taiwan or China would allow it though. Also, Taiwan's economy is very saturated already. Foreign companies are struggling to even be profitable in Taiwan. With the amount of news about Chinese companies and their lack of quality control, I bet they will have even a harder time in the Taiwan. Hell even Taiwan companies aren't as profitable as people think.

Im also concerned about Taiwan as well since I live here, but the whole issue is more complicated than just a simple student vs government protest. But also, you need to look back on how this actually started and how the DPP works. This really is a DPP KMT thing.
</content></comment>
<comment><content>
Yesterday. I wrote the following comments "SUPPORT TAIWAN STUDENTS, you are most welcome to come and rally with us in Toronto, on March 29th at 5:00 PM to 7:30 PM @ the City Hall - Nathan Philips Square" in the THE CHINA POST and TAIPEI TIMES.

And this morning, when I checked both news media online. I found that only TAIPEI TIMES went ahead with my comments. So I quickly assumed that :
One is PRO-TREATY and one is AGAINST-TREATY

One is KMT and one is DPP
</content></comment>
<comment><content>
I can predict that the same will happen in Taiwan after this treaty is passed and Chinese companies start to invest in the Taiwanese news media. There will be less transparency. There will be more government under table deals that the normal people will not know about.
</content></comment>
<comment><content>
The only people that would be in favor of this trade agreement would be the very wealthy that could afford to invest in China. The truth is Taiwan is afraid of the slow financial takeover by a communist state.
</content></comment>
<comment><content>
cut wealthy income = force wealthy to move out = more assets will move to China or North America. you will be even weaker than before. is it the case?
</content></comment>
<comment><content>
most Americans have big assets in 401k. 401k = wall street. strong wall street = fair stock market. you need a fair stock market to balance lass tax from wealthy group.
</content></comment>
<comment><content>
OK, in my opinion - it is sad, there was a poor turn out (actual Canadian government and news media do not give a damn about what is presently happening with the student protests in Taiwan). I also expected about 600 people to show up.
</content></comment>
<comment><content>
I admire the fact that so many Taiwanese students are educated on the subject of democracy to recognize when the government isn't acting according to it. I agree that passing laws in a little black box is undemocratic. However, I don't feel that the student approached this subject as appropriately as they otherwise could have: 
1) They should not have stormed into the Supreme Court. The concept of Civil Disobedience is to protest on legal grounds. Breaking into a government building is not operating on the legal grounds of any nations. The students should be able to protest, but they should've stayed outside where it is legally permissive. 
2) The students should not have their desired conditions regularly fluctuating. Doing so eliminates their sense of credibility to any onlookers. I understand that the original intent of most of the students is to have the Supreme Court look at the agreement clause by clause. However, afterwards they changed their condition because they realized the president's party is going to win out because they have more people in the court. I think the students sometimes forget that the people in the Supreme Court were put there by the people. It was the people's responsibility to vote for ones they think best represent their interests. Clearly, most people in Taiwan thought the Nationalist party best represent theirs a few years ago. Putting people who have credentials in Political Science proving they should know what they are doing better than most people is the essence of democracy. It's okay to disagree with their decision and I am definitely not saying what they do are always right. However, that's what the next election is for. Elect someone new! You can't dismiss the Supreme Court's authority simply because you know they won't act according to your interest. That is not democratic.
3) having read some of the comments here, I'm not sure that a lot of people are clearly educated on the cause. That gets me a little worried.
</content></comment>
<comment><content>
I agree with you in a normal democracy system.
What if the pro-Chinese president Ma plans to sign a peace treaty with China which is against the will of majority in Taiwan. The situation is similar to Ukraine. The then-President Viktor Yanukovych rejected a landmark free trade and association deal with the European Union in exchange for expanded Russian economic support, tens of thousands of pro-EU protesters converged on Kiev, the capital, to demand the governments resignation.
This protest has both economic and political reasons.
BTW: In case you dont know what happened to Tibet after a peace treaty with China and communist Chineses invasion into Tibet in the 1950. 1/3 got killed and 1/3 got expelled from home land.
</content></comment>
<comment><content>
"What if the pro-Chinese president Ma plans to sign a peace treaty with China which is against the will of majority in Taiwan".. So you would prefer perpetual state of hostility or even war with the mainland? Only the KMT and Blue camp can negotiate a peace deal with the PRC because they still consider themselves Chinese.

."In case you dont know what happened to Tibet after a peace treaty with 
China and communist Chineses invasion into Tibet in the 1950. 1/3 got
killed and 1/3 got expelled from home land.".. where did you get the numbers from? have you verify them? besides the PRC government today is very different from the 1950s' version..
</content></comment>
<comment><content>
You probably know that dark blue KMT do not like to
destroy ROC and have a peace treaty with China either because they (Dark blue
KMT) remember what happened to those generals/troop who surrendered to PRC during
the Chinese civil war.

It is a no win (loss/loss) situation now for Taiwan. I dont have a solution. President Ma will betray the majority of
Taiwanese will and sign the peace talk with China before his term ends in 2016. I think only 
20 some percents of people in Taiwan want to join back with mothership 
China).
</content></comment>
<comment><content>
Ma and his KMT are realists.. since Independence is a dead-end why not go back to "1992 Consensus" and conclude a peace treaty.. the PRC even offers Taiwan to keep her military in perpetuity.. Practically like United States of China :)
</content></comment>
<comment><content>
I'm afraid that a lot of people are against the entire situation simply because of their resentment for the government or deep distrust for China. A lot of people claim that China is trying to take over Taiwan because of this agreement. I don't that that is true and it worries me that a lot of people are against the trade agreement because of it.
</content></comment>
<comment><content>
For all Canadians interested to support the Taiwanese students protest, you are most welcome to come and rally with us in Toronto, on March 29th at 5:00 PM to 7:30 PM @ the City Hall - Nathan Philips Square
</content></comment>
<comment><content>




1%
</content></comment>
<comment><content>
You broke the code. "Friendly-relationship" communist Chinese has over 1500 missiles aiming at Taiwan. To me, it is not friendly. What did US react to Cuba crisis with those potential missiles ? I hope you can understand the anxiety in Taiwan now.
</content></comment>
<comment><content>
these students are the same people who would wait in lines for hours just to get ice cream and donuts.......they like to be there because so they feel like they are not missing out on things or so they can feel like they belong to something. I don't think "happy people" would be involved in anything so disruptive........I don't like Ma, but I don't like DPP either or "students" (who happen to be students for a very long time) that think they represent the majority and that they could destroy tax payer paid properties and get away with it because they are students? who the hell care that they are students? I hope the police arrest them all tomorrow
</content></comment>
<comment><content>
For all Canadians interested to support the Taiwanese students protest, you are most welcome to come and rally with us in Toronto, on March 29th at 5:00 PM to 7:30 PM.
</content></comment>
<comment><content>
Time to look into the leaders and organizers of the student protests. They are known to be connected and receive funding from Japan's right ring. The same people who would give Diaoyu islands away for personal benefit. Shame.
</content></comment>
<comment><content>
wow... so much hate and biases in these comments. All the people Taiwan wants to move beyond Blue and Green, towards international ties and democracy, yet, ppl here are still stuck on the old ways. So few ppl are trying to understand why the these students "violently" sat in protest.
It's about how the politicians trying to underhandedly pass agreements that affect the entire country, without any laws or enforcement to control those agreements. Agreements against a country that is pointing thousands of missiles towards this small island.
I understand why the Chinese wouldn't care about the Taiwanese, their government don't even care about their own ppl or allowing them freedom. However Taiwanese against Taiwanese?
I proudly support the students "violently" sitting in the halls. These "violent" students that recycles every waste they have in there. These students that cried out" Don't fight the police!" when batons broke their heads. These students, doctors, professors, lawyers, law makers that were dragged by the 10% violent police into alleys. And proud of the kind police asks these kids to call home so to let their parents know they're safe.
you ppl just keep creating more hate in this world. Maybe that's what USA, China and elsewhere needs. I'll rather be with these "violent" student, PEACE and LOVE. THX
</content></comment>
<comment><content>
In a democratic society there are rules and regulations to follow.. if the 'students' disagree so much with the elected officials then they can voice their disagreement during elections.. make sense?
</content></comment>
<comment><content>
for god's sake, stop saying Taiwanese and Chinese as if the two are different or as if you are better than Chinese......who cares? why are you so afraid of china? are you afraid that your businesses can't compete with china? get a grip. that is why you can only freaking make 22k.........narrow minded people that are only seeking protection from the government and afraid of competition are bound to fail.........
there are always going to be people that will agree or disagree with you, but that doesn't mean you should then take it upon yourself and occupy a government building, destroy tax payers paid properties and say you represent the majority......
most of these students are political science major and not economic or finance related majors, what the hell do they know about trades? and those student leaders have been "students" for many years.... I guess that is the benefit of being a graduate student, you can be "studying" for as many years as you want as long as you don't submit your last essay assignment.
and why does it matter that they are students, why should that make any difference? the police should still arrest them if they violate the law.
</content></comment>
<comment><content>
Why afraid of China ?
Military and territory expansion. Just ask Japanese about this question and any south-east asian.
Taiwanese do not want to become second Tibet or second Hong-kong. In both situations, terrible things came out of Chinese invasion. Read history and todays news, you can understand why these students are fighting for.
</content></comment>
<comment><content>
It is your own bias to think that I think Taiwanese are better than Chinese.

And as I said we want international ties. We Do NOT want an agreement to be force on us. If you know anything about our government, you would know that the politicians have been destroying our democracy and abusing our people. They are the cause of the problem. We want laws to government international trade, what's wrong with asking that? It is like you are agreeing to a contract that firstly were not explained to you properly and then say to you that not one single word can be changed if you don't understand?

If you have done any business before, will you sign a contract that you have no clear idea of, and that you cannot change?

Sounds like you yourself don't understand. so please be quiet and stop sowing hate.
</content></comment>
<comment><content>
First, I do agree with having regulations to govern any international trade. However, I do have a few questions for you regarding the comment on " politicians have been destroying our democracy and abusing our people": 
1. Don't people vote in Taiwan? 
2. Don't people know how to form their own party? 
3. Isn't the democratic system formed to prevent anyone from monopolizing the government? 
4. Shouldn't the people take 'some' responsibilities for voting in these 'seasoned' politicians?
</content></comment>
<comment><content>
all your questions can be answered with this:
The president is both the head of the country and the head of the majority party (KMT). He has been blackmailing the party members to agree with everything he decide or else.....

The last straw and the main reason why this happened was when one of the KMT member tried to pass a bill within 30 seconds, because the president previously said to him, " you better make this work, or else....!"
</content></comment>
<comment><content>
I just think people are abusing the democracy they love in Taiwan. Instead of utilizing the democratic system to achieve their objectives. Taking over a government agency to force the elected officials into their agendas is nothing democratic. Why couldn't they use their votes to put the right people in the government? 
I absolutely agree with you that Taiwan is beyond Blue and Green. But since neither Blue and Green has evolved with rest of the Taiwan, who is the new party representing the majority of the people? How are the Taiwanese people taking responsibilities for voting in these 'terrible' politicians? As with my other post, US citizens are taking responsibility for voting in President Obama. A lot of people don't agree Obama Care, but do you see anyone taking over the Congress or the Senate to force dismissal of Obama Care? 
I also agree with you on the 30 seconds incident. It's a joke, and it was disgusting that KMT members were defending on various TV shows. But now the President Ma has openly addressed that incident and stated it was wrong, why wouldn't the students accept the invitation to start a dialog with President Ma? What were the initial demands from the students? Based on the news, the initial demands were:
1. Review the trade policy
2. Speak with President Ma
Didn't Present Ma already agreed with the initial demands? From what I have read and seen, I would say yes. Now, the demands are:
1. Establish regulations to review any international trade policy.
2. Return the existing trade policy
3. Start citizens constitutional meeting
4. Accept people's requests
Anyway, as a Taiwanese American citizen, I would like to see Taiwan to be a successful country. This movement from the students is nothing democratic. Regardless of the outcome, the problem will not be resolved at root level. Taiwanese citizens need to understand how to utilize the democratic system to achieve their objectives.
</content></comment>
<comment><content>
Chinese= Born in China
Taiwanese= Born in Taiwan
Canadian=Born in Canada
American= Born in America
European= Born in Europe
Asian=Born in Asia
African=Born in Africa
Australian=Born in Australia
Russian=Born in Russia
I hope that I have got all the continents here
</content></comment>
<comment><content>
To dear BIT59, 
I need to get going now so I'll just clear a few things for your concern.

1. I am really sorry to disappoint you, but I am 100% Taiwanese with Taiwan's passport. I'm not intending to get rid of my country any time soon that's why I'm here spending time discussing, reading and being curious about "our" country Taiwan (or maybe only mine since you've become an American already anyway).

2. I am not on any political partys' side, I never said I support Ma, in fact I even agree that today's situation was the result of his incompetence as a President, who's supposed to run Public Authority when people BROKE THE LAW and used the word JUSTICE like drinking soda, hitting journalist when she's only taking pics of the aftermath from their invasion? who's going to PAY those 100 millions from the "leftovers" of their "revolution"? They already made it clear they won't pay a cent for it, are you willing to take their responsibility?

But I won't be reading your Taipei Times and believing every single words it says simply because it has become a means for DPP to misled and poison the foreigners who don't read Chinese, it is just one of those politically incorrect medias that has zero to none credibility for the real Taiwanese people. If you can still read Chinese, please check out UDN.COM sometime, they've just been voted as the most trust-worthy, politically correct public media in Taiwan right now.

3. The Taiwanese want the trade pack with China to be re-evaluated by the Congress, AND to have a healthy, FUNCTIONING government back as soon as possible. We are not against students, but we definitely won't tolerate the politicians wasting our energy, time, money, and law enforcement for their dirty games!

Thank you for supporting Taiwan! Later.
</content></comment>
<comment><content>
maybe parts of the students are, but definitely not the leading ones, not the DPP "lawmakers", DPP "professors" DPP "lawyers" and 4 DPP leaders who joined the protest.

The real scary thing is not that IF we will become a second Hong Kong, lost human rights or democracy to China blah blah blah, is that, when a political party can become so evil and manipulative, these so-called die-hard cadres infested all over our education system, legal system and working class such as taxi drivers, they will do just about anything, even on the expense of the peace of entire country, to make KMT's life a living hell, ANYTHING. For this reason, I think these opportunists are even worse than our enemies.

The students have no idea what they are fighting for, why they're fighting, they even threaten to prolong the "camping trip" inside the Legislative Yuan as long as possible until their requests are made (no kidding). From the very beginning they asked for re-evaluating the trade pack, the 2nd day they changed their minds and asked to CANCEL the entire trade pack and immediately terminate all business trade with China, the 3rd day Minster of the Executive Yuan personally visited the them for a negotiation they turned him down "no promise no negotiation" a.k.a "my way or the highway", the 4th day they added one more request: people's constitutional convention. 5th day....and so on, do you get the picture?

No one said it's illegal to register for a protest, which they didn't, no one said it's not allowed to have a peaceful sit-in protest, which in the beginning they did and that's why majority of people supported them at first, it all went south once they broke into the national's cabinet building by force, stealing and vandalizing everything inside the office (you probably don't know, the building is part of our historical relics, you can't just super-glue them back), and asking the President for an apology, and the Minister to resign. 
We love young people who are passionate about our country's future, but today you broke the Law first, you are entitled to take the consequences JUST LIKE ANYONE ELSE. No one invited you to break in and camp in our government buildings. It doesn't matter how many student ID cards you have, or how scared you are of the Chinese stealing your job, If you can be a Taiwanese then why not ACT like one? Starting from taking the responsibility of what you did. Have some integrity and courage to take the challenge to WORK HARD for your future, JUST LIKE ANYONE ELSE!
</content></comment>
<comment><content>
It seems like Taiwan is at the cross road of rebirth. hopefully Taiwan will join the world and be part of the game. I would hate to see if Taiwan is singled out because of some malicious political manipulation.
</content></comment>
<comment><content>
Let Taiwanese in Taiwan decide their own fate by standing up to support students' demand at 1pm 3/30/2014 in front of Presidential palace.
The number of people showing up on 3/30/3014 will tell the truth.
As I said in other thread , Taiwan may become part of China soon.
No worry for now.
</content></comment>
<comment><content>
Chinese can always unleash the little fat kim to bite you, so you're not our problem, LOL. BTW, you guys are begging Chinese not to let NKs sneak into SK in private. That is funny.
</content></comment>
<comment><content>
Oh man, really? Chinese doesn't = communist, and Chinese doesn't mean all brain washed just because they have a communist government, they have their own observation no less than anyone else on this planet.
Last time I checked, South Koreans are the ones keep on claiming everything's invented by them, even Jesus.
</content></comment>
<comment><content>
China is a developing communist with labor camps. How did u even get on cnn? Lol No one wants to live there. Apart from a huge population china cant do anything better than skorea. Dont even compare.even taiwan is more advanced than china.
</content></comment>
<comment><content>
Democracy is not working in Taiwan. The voice of people in Taiwan does not reflect in this trade matter in congress, that is why this incident is supported by the people in Tawan. 
DPP is not behind it. As a matter of fact, the people in Taiwan do not support DPP as they used to. You can tell by the fact that the most prominent Taipei's mayor candidate in the next election is not from DPP. 
The chairman of KMT (president Ma) holds the power to decide the congressmen/congresswomen candidate nomination for the next election (later this year, 2014). As a result, none of the KMT's congressman dares to stand up for people in Taiwan for fear of losing the nomination by the chairman (president Ma).
If 70 plus percent of the people want to enact laws for reviewing the trade agreement (any trade agreement, not just China) item by item and KMT congressman refuse to do so, the democracy is no longer working in Taiwan. The congress is no longer a place to work on people's behalf. The whole mess is caused by Ma who determined to reunite with China, his home country. ( a political agenda after economic)

To prove my theory...Here is my prediction
The Congress election in Taiwan later this year will show the anger from the people. KMT congressman/women's seats will be cut down in half and other non-KMT parties will become the majority in congress. KMT can forget about the presidential election in Taiwan in 2016 if Taiwan is not part of China then.
</content></comment>
<comment><content>
this Mr. L will be in the ticket of 2016. most students received training from miss T. but Miss T is not the major person in this event. Miss T rejected congress to approve this kind agreement in her earlier political life. this event will hurt herself.
</content></comment>
<comment><content>
not too many strikes. and not too many protested KMT HQ. but a lot of students in the congress. there is no enough fund to support all activities at the same time.
</content></comment>
<comment><content>
political game is an extension of money game. no money. no activity. green party worried the Chinese investors will change voter's decision. it's true. best solution is to create trading and non-trading zones. let people make selection by themselves.
</content></comment>
<comment><content>
Professor BIT59, 
Where did you get the impression this Sunflower circus is supported by ALL the people in Taiwan? Their supporting rating right now only has 46% of the entire population, not to mention there are many silent voices who just don't want to get involved with bunch of brats vandalizing public property. Please do share your source of info instead making rumors barking around. 
Also, Ma might have Chinese blood, so as the rest of Taiwanese including YOU and me, do you really think our people are that stupid to elect a communist to be our president? Are you trying to insult our people's intelligence? 
To support your theory, please bring evidence to back it up; otherwise it's just another political BS flooding around these days.
</content></comment>
<comment><content>
One more thing to add.
You are totally wrong, I have to say. Blood is not the requirement for country recognition. Intelligent ? The majority of American have blood of England, I don't think American call themselves Englishmen/women.
I am sorry that I am not your kind of people - "intelligent" Chinese.

Value of life ( including democacy) is one of the important components in recognizing your own country.
</content></comment>
<comment><content>
absolutely even though I am not quite as intelligent as you "intelligent" Chinese.
In my opinion, Blood and language is not important because there are some foreigners who get naturized to become Taiwanese citizen from south east asian. Most often I was mistaken by Chinese as Chinese simply because I have 20% of Chinese blood and speak Chinese. 80% of my 
blood are original people () in Taiwan.
The bottom line is the country recognition.
If you ask me, I am an US citizen and American is my country now but I used to have Taiwanese passport.
Let Taiwanese living in Taiwan decide their own fate now if they want to stand up or not. 
No worry, Taiwanese may become Chinese soon. Your dream will come true to go back to "mother land".
You may want to asked you real Chinese frients (I mean real Chinese Chinese, not Chinese Twainese) if they want to live in China as Chinese citizen. From my Chinese American friends, their answers are "NO".
)
</content></comment>
<comment><content>
You own country identification is nothing to do with where you were born or language you speak.

For example: my grandfather were from Fujian too. I grew up
in Taiwan but I am an US citizen now. US is my country because I live in US and recognize US as my country. I hope you get the idea.
</content></comment>
<comment><content>
I am not Chinese because I never been to China or hold Chinese passport.

You own
country identification is nothing to do with where you are born or language you
speak.

BTW: my grandfathers
were from Fujian. I grew up in
Taiwan but I am an US citizen now. US is
my country because I live in US and recognize US as my country. I hope you get the idea.
</content></comment>
<comment><content>
And FYI i am not from mainland china before you make any wild guesses. I just love Chinese culture and have lived in Taiwan, Hong Kong and china in the past. Your words completely lost me here because my impartial viewpoint is apparently offensive to you that you have digressed your contention therefore there's no need to go further. I was told not to initiate any political subject matter with the Taiwanese because most of them only recognise 2 colours aka blue and green. I am neither. So much for " Taiwaness democracy."
</content></comment>
<comment><content>
Students asked people to support this protest by showning up in front of presidential palace at 1pm on 3/30/2014 (Sunday).
We can tell if people are behind students by the number of people showing up. If lesss than 100,000 people shows up to protest, i would admit that Taiwan is doomed and Taiwanese have to take it own consequence of electing president Ma in the first place.
I guess we don't need to wait to tell until the congress election later this year.
</content></comment>
<comment><content>
KMT party/congressman had executed Ma's will in congress in unlawful act against people will first before students did this unlawful act.

It is very similar to UKrain whose president were ousted because then-President Viktor Yanukovych rejected a landmark free trade and association deal with the European Union in exchange for expanded Russian economic support agaist people's will. Despite the unique circumstances surrounding the Ukrainian crisis, an uncannily similar situation may be brewing in Taiwan. I don't know if the outcome will be the same as that in Ukrain though.
My guess, probably not. President Ma will show his dictatorship and crash down the peaceful demonstration of students by force with riot police. Students are fighting for their future - job and democracy. People in Taiwan do not want to become the second Hong-kong where all the anti-chinese demonstrations seem too late today after Hong-kong become part of China.
</content></comment>
<comment><content>
At least, students are peaceful. In the demonstration, there are opportunist or people with differnt motives who may take advantage of this opportunity. I don't think you suggest students throw bomb or carry gun/weapon against police.
Do you?
</content></comment>
<comment><content>
1. This is the so-called cultural difference between Chinese and American. FIrst you take all the crap (to show you're humble and modest as Confucius said), then you try to persuade them with reasons and answer all their questions (this has been done for a few days already), the last you use the force (which, compare to how the US dealt with riots or people who just barged into White house, Taiwan's police used Water and police batons). 
2. The taxpayers didn't allow anything, it's simply because while these "terrorists" were burning books, vandalizing our Legislative Yuan and cabinet buildings, we were WORKING, doing what a lawful citizen supposed to do, making an honest living. I guess this is one of the benefits of being a student...forget about paying the rent and taxes, supporting the family, let's go hang out in our National's Capital buildings and get some media exposure, better yet, we can get on news on CNN or maybe get invited to the White House! 
sorry I got carried away. But I think I've answered your question.
</content></comment>
<comment><content>
Point taken. I just wish there were some effective opposing voice that would stop this BS already. Taiwan is trapped in its own game and it's mostly self-inflicted. It's a shame though.
</content></comment>
<comment><content>
the opposite voice are coming out on the street tomorrow, simply asking the little brats to leave our legislative Yuan building so the people of Taiwan can still have a functioning government WHILE re-examing the trade pack. There are still hopes in Taiwan :)
</content></comment>
<comment><content>







</content></comment>
<comment><content>


boring
</content></comment>
<comment><content>
its DPP at it again, it has nothing to do with trade or china. DPP couldn't do a better job if they were in that position. probably worse. the student are pawns, and they dont even know that they have been used. they dont even know what they are exactly protesting. they dont even know whats exactly written in that trade deal. this whole thing is just DPP driving taiwan society into the ground. DPP has always been violent and unreasonable. you just can reason with DPP, they dont want it either.
</content></comment>
<comment><content>
Sorry, I have some different opinions with you. I think no matter the Ma government or the opposite party did poor job on the work, so the protesters decided to stand up for struggling their right. Also, I think the protesters know what they do and the trade comment. I hope the president Ma can do something, and not escape from the different opinion from the people, just like the president Li did ( communicate with students )24 years ago.
</content></comment>
<comment><content>
Thank you for your reply. I would make two explanation. The first one, I would say that no matter the communication with the protesters is effective or not, if the president Ma doesn't try to talk with the protesters in legislature, he never know what they need exactly, even try to convince them or reach agreement. The second one, now in Taiwan, there are not only the two voice(trade and non-trade). In fact, lots of people like me think that in the international times, Taiwan also need trade with other countries, however, in the case, the president Ma ignore the opinions from the relative industry and professional economists, and even he use his power and the same party(KMT) were the majority in the legislature, then he can force them to do what he want, so what I disagree is not the trade with China, is the process of the trade by the government.
</content></comment>
<comment><content>
I admire the protesters have the right and courage to fight for what they believe, and hope president Ma could face the problem positively and communicate with the people ASAP, don't make the police be your bodyguard.
</content></comment>
<comment><content>
Sometimes I just wonder whether western democracy is suitable for Chinese in general. ROC is an example where western democracy fails. It creates chaos and disorder in Taiwanese society. Occupation of legislature is definitely unlawful but police take no action to vacate the building. Had it occurred in Capitol Hill, the students will be brutally driven away or likely be shot. Police inaction shows that ROC is not a true democracy. In a true democracy, every unlawful act shall be curbed right away.
</content></comment>
<comment><content>
based on our data, it will take 80 to 100 years to make unification nation if there are no difference in culture, language, race, location and religion. unification will never occur for any major existing deviation above. if Twn both sides are similar in culture, language, race, location and religion, this kind chaos will continue on/off in the next 50 to 60 years.
</content></comment>
<comment><content>
Don't discredit the hard work others did for Taiwan's democracy. Just because the current government's incompetence to reinforce public authority, doesn't mean it won't work with the next one. Have faith!
</content></comment>
<comment><content>
it's not democracy to just vote. there shall be a system behind to bind people together. this system shall bring health and wealth to everyone. otherwise, people and nation will go down. philippine history can verify it. Thai and Twn will follow philippine path if no such system. EU and US do have this kind system.
</content></comment>
<comment><content>
bring health and wealth to the people? you mean our National Health Insurance? Does US have a complete healthcare system for every citizens prior 2014? We need to get involved with international trade in order to create more opportunities to the next generation for the wealth care, this is what we are fighting for right now (at least on the table).
</content></comment>
<comment><content>
spending resource in nonsense fight and protest will hurt yourself even more. observe, learn and even improve what US and EU are doing. that's the way u shall go. a tip to everyone.
</content></comment>
<comment><content>
CCP China has merged 116 US Companies from 2010 to 2013. Even a lot of Americans lost their jobs because of its tricks.
Taiwanese has right to stop losting their jobs because of CCP China's tricks.
</content></comment>
<comment><content>
Under President Ma, Taiwan never even spent time formulating economics plan especially for young generation while Korean, Japan, Singapore, Malaysia, even Vietnam put so much efforts. Only Taiwan and Thailand were the nation which political leaders were busy making own money and forget to spend time for their job for people. You called 2T are left behind. China is not so much the cause of Taiwan younth can not find decent job.
</content></comment>
<comment><content>
And if the price is too high for China to take control of Taiwan directly, then it will allow Taiwan to continue to decay, to fall apart, and to die a slow death as long as it is still nominally belong to China then Taiwan will be somewhat like Phillipine today, burdened by corruption, in-fighting, incapable of joining the world development toward modernity or prosperity.
</content></comment>
<comment><content>
anti-trust, SEC, whistleblower, 401k, IRA and etc bind wall street with all Americans. strong wall street= strong spending. the power of consumer spending made all countries head down. can TW reject US beef?
</content></comment>
<comment><content>
DJ got 8% yearly return in the past 30 years even 50 years. that's the power of US, not the military, not tech. not Obama, wall street spent 200 yrs to build completed law system as we have today. EU spent 500 years.
</content></comment>
<comment><content>
Every Taiwan company left Taiwan for cheap labor in China are some of the fact Taiwanese people had lost such jobs. Even elementary school children knows. You should be shamed even asking such question, Ard Susa.
</content></comment>
<comment><content>
I thought I am the funniest woman on this board yet apparently I lost. I give my brain fart prize to you. I wish entire China investor short Taiwan stock to bring Taiwan's realestate price go down.. That will be big help China can give to Taiwan people to afford decent house.
</content></comment>
<comment><content>
most high GDP growing countries will be in trouble sooner or later. historical data verified this conclusion. JAP and TW already this case, KO and CN will follow soon. US imports things to lower GDP on purpose. this theory built in 1970. few people know it. not even in school.
</content></comment>
<comment><content>
DJ got 8% yearly return in the past 30 years even 50 years. the return of real estate in US is around 6% in average for past 30-yr. US house price is not as crazy as the countries without fair stock market.
</content></comment>
<comment><content>
u do not have a fair stock market. money has nowhere to go except real estate. that's the major reason to boost house price. Jap and Chin are the same.
</content></comment>
<comment><content>
FORMOSAN ASSOCIATION FOR HUMAN RIGHTS

SECOND STATEMENT ON 
STUDENTS OCCUPATION OF LEGISLATIVE YUAN (PARLIAMENT) IN TAIWAN

The occupation of the Taiwanese students, which started in the 
evening of March 18, 2014, inside and outside of the Legislative Yuan 
(Parliament), has entered a full week in Taiwan. The maximum amount of students, 
plus the protesters, was estimated up to 50,000, this past weekend. Perhaps, 
this figure does not catch too much attention in the world or even in Taiwan; 
yet, the meaning of this action with the occupation of the Legislature building 
and a failed occupation of the Executive Yuan (Administrative Department) is a 
ground breaking event in the history of Taiwan.

The main demands of the 
students are two:

#1. Return of the Service Trade Pact/Agreement that Ma 
Ying-jeou and KMT ruling party rushed through the Legislative Yuan with illegal 
manipulation and force in the process.

#2. Legislate a mechanism to 
regulate any Agreement or Treaty to be signed between Taiwan and 
China.

The actions of the students are aggressive, yet, non-violent. The 
actions of the police toward the students have already caused injuries of more 
than 100 students and protestors over the course of 7 days so far.

The 
students painted a slogan on the wall of the Legislative Yuan, which goes: When 
dictatorship is a fact, revolution becomes an obligation. In the minds of the 
students, this is a revolution. Perhaps, this is a mild revolution so far, 
except, the violence has come from Mas regime. Can the world stay silent or 
distance themselves from these passionate students who are willing to risk their 
lives in front of the barb wires and the police of Ma Ying-Jeou?

We call 
for the attention and understanding of the world to the root cause of this 
event, which lies in an illegal entity of the Republic of China based on a 
foreign constitution of China, which is now in exile in Taiwan. The illegal 
administration of Taiwan, namely the Nationalist Chinese Party (Mas KMT), not 
only massacred tens and thousands of Taiwanese (Formosans) in 1947, but is also 
currently stealthily selling out Taiwan through all kinds of unfair deals with 
China. The unfairness of all the negotiations between the ROC and PRC 
(Peoples Republic of China) means both parties (KMT and Chinese Communist 
Party) are conducting either trades or political business without taking 
Taiwans best interest in heart which is the sovereignty of Taiwan. When 
Taiwanese peoples nationality and constitution are deprived, their human rights 
are bound to be violated by the enemy outside and within. Taiwan is not another 
Hong Kong or
Ukraine, yet, seems to follow the same path if the international 
community continues their eye-closing policy.

Let us stop Ma regimes 
police from blood-shedding the students and protestors in this event. Listen to 
the tender cries of the students or protestors for a just and peaceful 
resolution in treating Taiwans future. Seventy percent, or more, of the 
population in Taiwan express their desires, in the polls again and again, to be 
called Taiwanese. When these students are chanting We are Taiwanese in their 
protest against an unfair trade agreement between Taiwan and China, would we be 
so nave to regard the trade issue as a pure domestic business one? The fear of 
being annexed or absorbed by China through unfair trading practice reflects the 
Taiwanese national identity vividly here today!

We believe the U. S. and 
the world need to help let Taiwan be Taiwan! We firmly believe that it would be 
the best resolution to keep Taiwanese free from violations of their human rights 
for a long time to come!

J. David Hung
President
March 26, 
2014

7612 Chipwood Lane, Jacksonville, FL 
32256, WWW.FAHR-USA.ORG
</content></comment>
<comment><content>
the funder should be Mr. L based on our intelligency report. Mr. L rejected visit from Mr. M week ago. most students received training from a institute owned by Miss T. but Miss. T rejected congressional review of her version of trading agreement with China in her ealier polictial position. this activity will hurt herself. she may not support this event agressively.
</content></comment>
<comment><content>
Would you pass FTA first? then Pass ECFA or this secret contentious trade agreement!
China just is 1 country of 181 countries in the world. This is a law! Anti trust Law!
</content></comment>
<comment><content>
this is a democracy proposal. people can make selection based on their preferrence. students denied the right for whom favor trading now. government also denied the right for whom against trading. both sides have no democracy mind. if there are 2 zones, everybody happy. people will vote by foot sooner or later.
</content></comment>
<comment><content>
marriage as if a wall to seperate people into 2 groups. 1 side single and the other side married. but both sides are trying to goto the other side. any person shall have the right to make choice and right to move his/her feet.
</content></comment>
<comment><content>
if you do not like 2-nation proposal. how about special zone? each city will decide to accept trade agreement based on vote from local residences. set a 5-yr term. trading and non-trading compete. review the outcome 5-yr later.
</content></comment>
<comment><content>





































!



---

 1624


1624
 




1544







() 

1624



1621


1621



16212014393

1621





() 

1624-166137

1624






3718 

 1642

19







() 

1661-1895234







234 







1500


() 

1895-194550

 


50 








() 

1945-201469 
1945


1949
 



 


 



69  








228
1949













1
 

2










:
1)1661
16621661
1662

(2)






3)



1661


41949




1949





5) 1945



(6) 


</content></comment>
<comment><content>
Of course any domestic affairs of countries always concern the US and when it comes to global economy/markets we know very well who "invented" this game and its rule. Globalisation = corporations. I am just saying.
</content></comment>
<comment><content>
Basically, it says to answer the question, "Who really owns Taiwan? and who can really call themselves Taiwanese?"

Throughout history, Taiwan is won by force. Before Dutch, there is aboriginal, then comes the Dutch/Portuguese/Spaniards. After Dutch, there is the Chinese. After the Chinese, there is the Japanese. After Japanese, there is Chinese again. Taiwan society in modern day is a very Chinese society. It is a fact...blah blah...

so in conclusion, don't make up revisionist history and claim anyone really own the place.
</content></comment>
<comment><content>
infect they are lots of people in Taiwan hate of those student by the time they say represent Taiwanese we want them back to school

does every one knowing that what those student done in Taiwan

in Taiwan first student occupied the parliament them say :occupied .aftfer stealing the money and food breaking law take note role play in parliament when the police arrival police try so hard to let them leaving but student are Persist occupies government parliament police ask them to leaving those student defy the police when the police star using Violence student saying :no violence Continued defy police when the police using violence they are crying yell like baby them lots of Taiwan people stand up say no violence they are our future funny what 's real the student protest are breaker of Taiwan law and society
</content></comment>
<comment><content>
infect they are lots of people in Taiwan hate of those student by the time they say represent Taiwanese we want them back to school

does every one knowing that what those student done in Taiwan

in Taiwan first student occupied the parliament them say :occupied .aftfer stealing the money and food breaking law take note role play in parliament when the police arrival police try so hard to let them leaving but student are Persist occupies government parliament police ask them to leaving those student defy the police when the police star using Violence student saying :no violence Continued defy police when the police using violence they are crying yell like baby them lots of Taiwan people stand up say no violence they are our future funny what 's real the student protest are breaker of Taiwan law and society
</content></comment>
<comment><content>
To CNN,

I'm disappointed about the quality and integrity of the CNN reporters. Right now I'm not currently in Taipei, but as a reporter, isn't it your DUTY and obligation to interview BOTH SIDE of the stories? This article only gave half of the information, solely from the point of views of the so-called "student leaders". It seems whoever knows how to make sensational news headlines, makes the loudest noise, who has the justice? The kid said he represents most Taiwanese people's voices and most Taiwanese people agree with his course of action, regardless this is completely ludicrous, You, as a professional reporter from an international reputable news media, didn't even find one (or more) real tax-payer Taiwanese and listen to their opinions, people who actually WORK, and ELECT these politicians to do their jobs. You provide the average readers with no choice but digest your sensational newsline, one-sided "gossips", and not much of content of what really went wrong in this Sunflower movement. It's a disgrace for an international media like CNN.
</content></comment>
<comment><content>
I love Taiwan. Taiwan is one of the best country and loved by many foreigners. Why risk such loved country be corrupted and damaged by the evil nation of China? KMT supports all says for "MONEY!" If money is everything and most important more than the life and freedom of your child and future of the great country like Taiwan? KMT people elected president Ma and still supports even after countless corruption and downturn of economy. While president Ma was in charge, Taiwan saw more corrupted officials arrested while nation and people suffer economically and human rights. People should not forget some Taiwan people killed himself because his land was taken by government breaking law. Such fundamental human right is not even cared by the president Ma and KMT. Now KMT and its followers insist students are violent, stupid, and used by DPP. KMT will destroy Taiwan one day. People must stand up now to stop it! I am so shamed to see president Ma's wife who always acted as a lady with humanity now behind the dark force to attach student who are child of Taiwan! Shame on you 1st lady of Taiwan! You are nothing like "Aung San Suu Kyi" who stood in front of gun for people who you said you admire. You are the one pointing the gun at student instead!
</content></comment>
<comment><content>
Because of corruption, KMT fled from CCP in 1949.
Because of corruption, KMT bow to CCP in 2014.
1949 
2014 19492014 
</content></comment>
<comment><content>

</content></comment>
<comment><content>
What a great point. KMT is cancer of Chinese society. Sadly many Taiwan people who obsessed with money are blind. Sadly many of those are adult and finally forced student to take such drastic action. I was so concerns with Taiwan voters cheer politicians who sing karaoke or eat beef noodle to portray themselves as one of voters and vote them based on such stupidity. That attitude and stupidity are main cause of Taiwan's downfall today. That has to change!! Don't blame on student, blame on yourself Taiwan people but still have time to change it!! Next election.
</content></comment>
<comment><content>
True, KMT surely can get some benefits after selling Taiwan to CCP. It's the student's right to stand up against the under table deals if any. it's their future! to fight for but don't wait until next election, that'd be too late already! Who can save Taiwan after being sold?
</content></comment>
<comment><content>
everyone shall have the right to make choice. some preferred "sold" and some preferred "bought". let people make their own decision. split this island to 2-nation. let them vote by foot.
</content></comment>
<comment><content>
It was occupied by the Executive Yuan currently few days, I do not know how suddenly thought of a very terrible thing "smearing." Day sit-in at the Executive 
Yuan, the DPP(Democratic Progressive Party) also have the elders, I would like to ask these few elders, you do not know the provisions of Assembly and Parade 
Law assemblies are not in the "Executive Yuan" it?

I think the path: first rally at the "government" will be expelled place. If someone is injured and dead, they can blame to the government that there is no 
"human rights."Taiwan's government did not "human rights" to the international press. Like the Tiananmen Square incident, so China has been discredited, and 
then being squeezed. Forcing the government substitutions or other purposes.

These are designed to interested parties, please do not be fooled. Taiwan is a very good country.
That day many policemen were injured in the attack. Although the student was also seriously injured, the day no deaths.
I think this approach has been pretty good. Taiwan is a very good country.
</content></comment>
<comment><content>
President Ma loves China more than Taiwan judging from his actions. He knows that a cushy retirement home is waiting for him in China after he leaves Taiwan. There is little doubt that President Ma is nothing more than a CCP stooge. His political party is also just an extension of the CCP in Taiwan. The students in Taiwan need to make sure that the economic agreement with China is shot down. I am glad to see the Taiwanese students and the Hong Kong students band together to tell China that Taiwan and Hong Kong deserve a better future than China's.
</content></comment>
<comment><content>
To the world of good people, this poster "IamIm38" is the great example of mainland Chinese you see everyday in your life. Some of them live next door or sell Chinese foods on the street of your town. Just remember this is who they are. Behind their smile, their soul is filled with what IamIm38 say here against all other nation.
</content></comment>
<comment><content>
What are you smoking again... Taiwan people vote for KMT not because they want to unit with CCP... dumb axx. That is what I always say... If you are not Taiwanese...don't comment!
</content></comment>
<comment><content>
You can say whatever you want... you know.. talk like this with a Commie tone... that is 100% exactly the reason why Taiwanese never like your type of Chinese in PRC... have you google recently on the % of Taiwan people really want to unite? you should do some homework before commenting on such old and 'lame' comments.
</content></comment>
<comment><content>
I'm Chinese nationalist not communist.. my great uncle was KMT air force pilot in the 40s..

Like I said.. the land of Taiwan belongs to us.. u can be whatever u wanna be..
</content></comment>
<comment><content>
The only thing that allows Taiwanese to wash away the shame of having to share Chinese blood is the fact that they took the best of the Chinese culture and combined it with Japanese manners and politeness thanks to 50 years of Japanese occupation in Taiwan.
</content></comment>
<comment><content>

,
</content></comment>
<comment><content>



</content></comment>
<comment><content>
dumblerbipolar disorder

PRC
</content></comment>
<comment><content>
deadbeef, you are revengeful. This massacre occurred over half a century ago. Move on with your own life. The CCP always remind their sheeps of this event whenever there is present turmoil happening locally to divert attention.
</content></comment>
<comment><content>
PRC80%
</content></comment>
<comment><content>
not all the Taiwanese people are against the china trade.... these students are coming from a small internet community call "BBS/ PTT" and most of people from BBS or PTT are hire by DPP.....

they do not allow other people's voice

very rule to any of other voice

the news reporter should really be careful of what they heard and what they wrote before they post on news feed....
</content></comment>
<comment><content>
Mainland Chinese is the #1 immigrant to Canada for the past decade. Just search "canada immigrant data" click on first two links on google and open the PDF. I wonder who is Mo Ro N now. Haha you fake Taiwanese wannabe, you admit you are from China but using a Taiwanese profile to smear Taiwan and talk trash on cnn.

Did you not read the article "Chinese overwhelm U.S. visa program" on CNN? Do you want me to hold your hand and direct you to the data on Australian immigration website as well?
</content></comment>
<comment><content>
Still fighting? Taiwan dumblers, LOL.

You need to save energy, it will drag on for long time so no need to be so emotional. At the end, you have two choices: Thailand or Egypt model, or the worst, go Ukraine. I know your heart will bleed heavily but this democratic choice you've made, so take it. Good luck on your way to hell, LoL
</content></comment>
<comment><content>
The only thing that allows Taiwanese to wash away the shame of having to share Chinese blood is the fact that they took the best of the Chinese culture and combined it with Japanese manners and politeness thanks to 50 years of Japanese occupation in Taiwan. It is shameful to have Chines blood after all. The whole world knows this.
</content></comment>
<comment><content>
DJ has 8% return in the past 30 yrs. money went to wall street instead of real estate. lower land and house price made everything cheaper and stimulated the economy. TW money had nowhere to go and real estate was the only destination.
</content></comment>
<comment><content>
fair stock market needs completed law. anti-trust, SEC, whistleblower and etc. the law made a net to bind everyone together. none of them in TW or not really be enforced.
</content></comment>
<comment><content>
2 political entities instead of 2 nations may be a better term. one accepts trade deal and one rejected. this will give flexibility to handle all future trade issues. also competition is good to the economy. everone can select whatever they preferred. this is real democracy. chaos is not democracy.
</content></comment>
<comment><content>
HISTORY OF CHINA AND TAIWAN "Is Taiwan is Province?"
Taiwan is Province - long long time ago when mostly native people were living there and the dynasty did not care about investing in them.
Taiwan is NOT a Province - When the Dutch, French, Portuguese took over in the 17th century
Taiwan is NOT a Province - When Koxinga (Zheng Cheng-Kung) a ming royalist fled the Ching dynasty's rule and defeated the Dutch. Koxinga's father is considered a PIRATE in China.
Taiwan is a Province - When Koxinga's son was defeated by the Ching dynasty's rule
Taiwan is NOT a Province - When the Ching dynasty was defeated by the foreign countries and gave Taiwan to Japan as a gift
Taiwan is a Province - After USA nuclear bombed Japan
Taiwan is NOT a Province - After Chiang Kai Shek fled to Taiwan from the Chinese communist rule. But Chiang Kai Shek called Taiwan (R.O.C= Chung Hua Min Country and also called Taiwan, Taiwan Province= Taiwan Sheng)........
Here you go, think about it before you open your mouth and ask for some more ...
</content></comment>
<comment><content>
First the organizers spread misinformation about the trade agreement all over chat forums, FB to flame the protest, then they went on to propagate lies about police beating up rioters by planting wrong pictures or used footage from many years ago. 
Then it turned out that the four main so-called "student" leaders are all affiliated with DPP and are all studying under the Professor, Yiao, who was the political adviser (think Karl Rove) to former DPP Presidential candidates, Miss Tsai. 
This is not a true student protests, but a political ploy for DPP to gain votes in the upcoming 2016 election as well as for Miss Tsai to take back power from Su within DPP. 
This is like a big Taiwanese soap opera!!
</content></comment>
<comment><content>
if L help middle TW won the election from this student event, his leadership position will be superior than S, C and another T. L showed up today. we do not know exact message he delivered. but high related to the talk with M.
</content></comment>
<comment><content>
At the end of the day you are all Chinese, if you don't get along with each other who would? There are others who will use your differences to manipulate and create a worse situation than it is.
</content></comment>
<comment><content>
it was that troll calling himself James Brzyck calls me that and you. No idea why but my guess is usually when someone has no more facts to support their arguements they will resort to name calling, That's the only way they know how. It is childish and they have never really moved on from being a school yard bully. Sad but true !
</content></comment>
<comment><content>
stones and sticks may hurt me, but words will never touch me. and mama FeiZai falls in the same category. BTW when you have to resort to name calling, you already lost your argument cos you have no more points you can make in a acceptable democratic manner and that makes you a loser.
</content></comment>
<comment><content>
It is the young of the WORLD protesting........of ALL these countries.....hello....anyone there...hello...after all the white old fart Republicans are finally dead from natural causes...the USA will become normal.......OLD Chinese will not ever get along with the new Chinese ( young ).....hard to train an old dog new tricks.......
</content></comment>


</comments>
