<?xml version="1.0" encoding="UTF-8"?>	
<comments>
<topic id="Raw-Topic-10" category="2" />
<doc id="Raw-Topic-10_05"></doc>

<comment><content>
I find it odd that Ma speaks of democracy when over 70% of Taiwanese favour a line-by-line review of the pact, something the KMT originally acceded to before reneging and attempting to force the pact through (again). One of the core tenants of modern democratic theory is the right of people to protest, particularly when the government fails to adhere with basic democratic principle.
</content></comment>
<comment><content>
As a Taiwanese, I felt deeply sad about this unnecessary violence. Facing controversial trade policy, Mas government took no action over protesters occupying Legislative Yuan for 5 days. Its not acceptable anymore for many silent people that protesters broke into Administrative Yuan last night to wreck and steal. Will the police only evict them using 7 times of water cannon if this happened in White House or PentagonActually, most wounded people were hurt slightly, without treatment needed!
Things important to know is that the cross-strait trade agreement is a fifty-fifty issue, like everything related to mainland China. The line-by-line review is not practical at all in such free trade agreement. After the ruling KMT promised back to line-by-line review, protesters still demanded to cancel all pacts already formulated. Its fully believed that DPP got involved in this Students rally , which always gets sympathy from media. Even, in my opinion, they rumored evilly to call for peoples fear and suspicion over China. Only if violence be blamed first, rationality will be possible to solve this dilemma.
</content></comment>


</comments>
