<?xml version="1.0" encoding="UTF-8"?>	
<comments>
<topic id="Raw-Topic-10" category="2" />
<doc id="Raw-Topic-10_04"></doc>

<comment><content>
the truth is the President Ma give direct order to the National Police Agency to scatter the crowd, and if necessary use armed forces, of course the police cannot work with army so they can only use the so-call "anti-riot police" anyway i don't know who gave the order, maybe the head of NPA, suddenly it went crazy and lost control, the police began to beat the students and many injured...
</content></comment>
<comment><content>
This is NOT another Tienanmen. This obviously is a very biased report of the situation. I don't condone violence but the Police has clearly told these people sitting on the floor "" (don't go on sitting, you'll be hurt), but these people have decided to ignore authority. It is important to remember that as students, we are also adults,and the law is the law. We are NOT immune to it. Protesting for a...
Read more 
</content></comment>
<comment><content>
Seems to me a non-violent protest steps over the live when mobs take over buildings, streets and other areas. Then you need police (who are also citizens) to keep order.
</content></comment>
<comment><content>
Stop compare this activity with Tienanmen.
 CNN if you are smart enough you should go back to a check all reports.  Those protest students' request keep change all the time.  Until now what's their focus?
 Break into Legislative Yuan and Executive Yuan is that legal? Even damage the property of Legislative Yuan, use those chairs to block doors......
 Are those students really want to protest the agreement?
 The two leader of protesters also appear in varies of protest activities....
 Please...Please....check your source before you publish it!!!
</content></comment>

</comments>
