<?xml version="1.0" encoding="UTF-8"?>	
<comments>
<topic id="Raw-Topic-10" category="2" />
<doc id="Raw-Topic-10_10"></doc>

<comment><content>
This whole thing just highlights the failure of taiwan's educational system. How did we produce a generation of students who think they're above the law? Who have no grasp of economic principles yet demand to influence the economic policies of our nation? It makes me sick and ashamed of our people to see some of them acting like such uneducated hooligans.
</content></comment>
<comment><content>
All Taiwan people can and should be able to make their own future,and not deliver it to the hands of the few wealthy.
"The entire money society is a false society" - ****bit.ly/1eIkJk8
</content></comment>
<comment><content>
i'm a chinese living in USA x over 40 yrs, in USA, if you students occupy/ransacking congress or white house as in taiwan, protesters occupying airport as in thailand, throwing eggs to president, flashing insulting signs or verbal insults in background of president during his TV interview as in HK, you will be certain that US security will most likely shoot you in the beseiged congress ,airport, security here will use brutal force if you throw verbal/nonverbal insults in front of TV close to president. both US democrat and republican politicans will definitely endorse such shooting/brutal police force in such circumstance. only in south east asia, that students can ransack government offices, and eccentric politicans threw things or interrupt with grosteque, dramatic banners/placards during legislative/congress hearing, these people abused democracy, insulted authority or representative, hurting image of their countries, and then still cry out that their deomcratic rights not respected or excercised.
</content></comment>
<comment><content>
Gullible kids with misguided enthusiasm about sums it up. 
The last politician in Taiwan who encourage this kind of divisive and confrontational behavior under a guise of "democracy" was Chen Shui-bian. He ended up convicted of embezzling hundreds of millions from the people of Taiwan. It was a solid case with the US Department of Justice, Singaporean, Swiss and many other law enforcement agencies aiding in the investigation and providing evidence. 
It is pretty clear that what is going on is fanned by DPP politicians with personal gain, not the welfare of ordinary Taiwanese, in mind.
</content></comment>
<comment><content>
Do not believe what you have seen on main-stream media. Police blocked the reporters out side before they start their violent attack on unarmed civilians. The journalist association has published a statement condemning the violation of journalists' right. People tried to upload videos of police's violent acts but most of the videos were deleted right away. The police assault the unarmed civilians on their heads, kick and punch people even when they are down on the ground.... The police also refused to let the medical team members and lawyers to help, and even attacked one of the doctor and also a journalist. The police attacked indiscriminately on everyone including women and elderlies. It is clear that the police had abused their power which should be condemned by all people no matter you support or disprove the trade deal.
</content></comment>
<comment><content>>
Watched the event live yesterday in Taipei. The police were very professional in handling the situation. Only using necessary force after giving the demonstrators more than enough warnings to leave the area. Even when they forcibly remove the ones laying down, they gave them a last chance to move away by patting them and asking them to leave before using force to remove them. What the demonstrators (students AND DPP members) did were simply illegal and not what democracy is all about. People elected these legislators to pass laws for them in the parliament. If they are not doing a good job then elect someone else during the next elections! If such actions persists than Taiwan is really no different than Thailand, where the minority in the government chooses to use demonstrations and riots to disrupt the government. The KMT government has shown restraint in trying to resolve the matter peacefully when the students illegally occupied the parliament. They crossed the line further when they decide to occupy the government HQ.
</content></comment>
<comment><content>
The passionate, yet exploited, youths care for their country. But not by the way of shutting down the government. For the people who are supportive of the protest, please count the number of mobile devices, PCs/Laptops, TVs, and other appliances in your households and calculate the percentage of items that are Taiwanese brand. Taiwan businesses do not have the capital reserves as some of its neighboring countries do and these businesses need all the support they can get from Taiwan's 23M population, which is half that of South Korea, one-sixth that of Japan, and a fraction comparing to that of mainland China. Taiwan companies struggles to gain success overseas, strategies aside, because such ventures are capital intensive.
The trade agreement does not prevent Taiwan from growing its businesses in the Americas, Europe, ASEAN, and other markets. If Taiwan's citizens are concerned with economic reliance on China and other consequences, then support Taiwan's businesses so they may grow overseas, innovate, and gain more leverage. HTC has 35.4% market share of the smartphone market in its own turf and the company is ailing. Be concerned with that. 
Taiwan's past leadership squandered two decades of opportunities and its competitive advantage is eroding. Politics and policies aside, the people need to learn from it. The Asian Tigers are a term of the past. Some of these tigers have propelled themselves to the next phase of development. Taiwan needs to do the same.
</content></comment>
<comment><content>
If the public do not like any policy of the KMT then it is up to them to vote the KMT out of office in the next election. This is democracy. But to occupy the legislative assembly in order to prevent the law going through is the act of rascals.
</content></comment>
<comment><content>
Do you really understand the consequence of signing this trade agreement? It is no use crying over spilt milk. This agreement would not be removed and changed if it is signed even in the next election. So you mean the Taiwanese should do nothing but wait several years even though the government do something is probably harmful?Ridiculous. Occupying the legislative council is one of reasonable ways to express their strongly dissatisfied. The freedom of peaceful assembly is written in the Universal Declaration of Human Rights. Rascals how?
</content></comment>
<comment><content>
Occupying legislative assembly by force in order to prevent the vote taking place is peaceful? Secondly, when you say the trade agreement is "harmful", do you or the students have empirical evidence to support that claim? Further, on day one, the Ma administration has said that one of his key policies is to strengthen trade links with the Mainland and yet the public still voted for him and the KMT. And let me also remind you that it is not just the KMT party members who have business interests in the Mainland. Members of the DPP have just as big a stake...
</content></comment>
<comment><content>
It's too bad that it has come to this, but these students have only themselves to blame for taking such an irrational attitude towards protesting............the problems with these situations is that ignorant people protest just for the sake of protesting and without really understanding the underlying issues of what the government is trying to do........what makes it worse in Taiwan is that these students don't even have enough experience or intelligence and exposure to the real world before making such a big chaotic fuss.
The same thing is brewing in HK but the only difference is that we have idiots like the organizers of Occupy Central and the Pan Dems provoking nave people to go against the government..............Yes, we all know the HK government is incompetent, but so what?.............just live with the fact we're stuck with them until the end of their term.............
</content></comment>
<comment><content>
Sorry, but the ruling party promised to submit the trade pact to legislative review, and then reneged. That is not the sign of a government that respects democracy. The pact is awaiting ratification by Taiwan's legislature. Far from reviewing it, the government presents it as a fait accomplit, with Ma saying that going back on it would undermine Taiwan's economy and damage its international credibility.
So get your facts right and understand just WHO is riding roughshod over democracy please.
</content></comment>
<comment><content>
"The pact is awaiting ratification by Taiwan's legislature."
If the govt was not democratic like u said, how come the pact is awaiting ratificaton by the legislature?
U are confused, dai. Or maybe, , u are trying hard to confuse all of us.
</content></comment>
<comment><content>
The government had pledged to review the pact article by article (as 70% of the citizens are asking for), which it finally decided not to do. Like it or not, when you enjoy a 9% popularity rate, you'd better consult all interested constituencies when passing such a controversial law...
</content></comment>
<comment><content>
well like it or not, if you vote for someone that turns out that you dont like..... u just gotta stick with it until the next election. PERIOD. 
This isn't "democracy" its nothing but demagogue. I suppose Polybius is right after all that democracies are inevitably undone by demagogues. "every democracy eventually decays into "a government of violence and the strong hand," leading to "tumultuous assemblies, massacres, banishments".
</content></comment>
<comment><content>
Honger, so ChenSuiBian isolated China? Oh dear. I hope China can un-isolate itself. It must be feeling very lonely all these years later! Lets hope Taiwan doesn't do anything else to hurt China. Maybe it will kick The PRC out of the UN and make it compete at the Olympics as Taiwan Beijing.
Anyway, there's one thing we can all agree on here. Democracy is evil. People can't be trusted to have power. Power is for CCP officials and people who own big houses on The Peak.
</content></comment>
<comment><content>
Ah "Democracy" ! 
And this what stupid Hong Kong Pan-Democrats are calling for here in order to wreck the place, with their overseas financial and moral supporters hoping the ensuing chaos will also spread to the Mainland.
We will never be ready for their idea of democracy because it simply doesn't work. Repeatedly we witness ,worldwide, that losers in elections can seldom accept that they have lost.
China, please never give in to these ignorant buffoons.
</content></comment>
<comment><content>
Taiwan - once the leading tiger two decades ago with the highest foreign reserves - have stagnated and fallen far behind its Asian neighbours under ChenSuibian's leadership of isolating China.
The trade pact clearly benefits Taiwan more, but the opposition has successfully twisted the facts and students are ready to swallow it, using it as an excuse to vent anti mainland sentiments.Taiwan cannot afford to ignore China's economic presence, politics asides. It has paid dearly the past two decades, and will continue to do so if nothing is done.
Ma is right, is this democracy? Like in Thailand, the opposition is tryng to create mayhem and disorder to seize power through street riots and unlawful occupation of government offices.
Come summer, the same scenes will be enacted this side of China.
</content></comment>


</comments>
