<doc id="Raw-Topic-10_01"> 
<news_source>
ABCnews
</news_source>

<date>
March 23, 2014
</date>

<author_source>         
</author_source>

<headline>
Police Move in on Taiwan Protest Over China Pact
</headline>

<text>
<p>
Baton-wielding riot police on Monday cleared Taiwan's Cabinet offices of scores of angry protesters opposed to a trade pact with China, escalating tensions over the island's rapidly developing ties with the communist mainland.
</p>
<p>
Authorities said they arrested 58 protesters and that 137 were injured, including 24 that were hospitalized. The crackdown came five days after mainly student demonstrators occupied the nearby legislature to protest the ruling party's decision to renege on a promised line-by-line review of the trade agreement.
</p>
<p>
Political protests in Taiwan are common, but violent confrontations relatively rare, reflecting the high level of civil discourse resulting from the transition from one-party dictatorship to robust democracy in the mid-1990s.
</p>
<p>
The protests have been mostly peaceful, attracting tens of thousands of supporters to the government center.
</p>
<p>
China's government has not commented on the protests, although an editorial Monday in the official newspaper Global Times was harshly critical.
</p>
<p>
"The Taiwanese students lack the courage and determination to commit to regional economic integration, fear losing out and change and only wish to defend the status quo," the editorial read, contrasting Taiwan's hesitation with South Korea's embrace of the Chinese economy.
</p>
<p>
Early Sunday, Ma rejected protester demands to shelve the trade pact, which would open dozens of service sector industries to Chinese investment. It was signed in June by representatives from Taipei and Beijing, but still awaits ratification by Taiwan's legislature.
</p>
<p>
Ma said that rejecting the pact now would undermine Taiwan's credibility and harm its economy, which has become increasingly tied to Chinese markets.
</p>
<p>
Student leaders insist tying Taiwan too closely to China will harm Taiwan's hard-won democratic freedoms and pave the way for China's eventual takeover of the island.
</p>
<p>
China and Taiwan split amid civil war in 1949 and Beijing has long sought to assert its control over the island, using military force if necessary.
</p>
</text>
</doc>
