<doc id="Raw-Topic-10_07"> 
<news_source>
The Guardian
</news_source>

<date>
March 24, 2014
</date>

<author_source>  
</author_source>

<headline>
Dozens arrested as Taiwan riot police clear protesters from cabinet offices
</headline>

<text>
<p>
Baton-wielding riot police cleared Taiwan's cabinet offices of scores of angry protesters opposed to a trade pact with China, escalating tensions over the island's rapidly developing ties with the communist mainland.
</p>
<p>
Authorities said they arrested 58 protesters and that 137 were injured, including 24 hospitalised. The crackdown came five days after mainly student demonstrators occupied the nearby legislature to protest the ruling party's decision to renege on a promised line-by-line review of the trade agreement.
</p>
<p>
Political protests in Taiwan are common but violent confrontations relatively rare, reflecting the high level of civil discourse resulting from the transition from one-party dictatorship to robust democracy in the mid-1990s.
</p>
<p>
The protests have been mostly peaceful, attracting tens of thousands of supporters to the government centre.
</p>
<p>
China's government has not commented on the protests, although an editorial in the official newspaper Global Times criticised the students' action.
</p>
<p>
"The Taiwanese students lack the courage and determination to commit to regional economic integration, fear losing out and change and only wish to defend the status quo," the editorial read, contrasting Taiwan's hesitation with South Korea's embrace of the Chinese economy.
</p>
<p>
On Sunday, the Taiwanese president, Ma Ying-jeou, rejected protesters' demands to shelve the trade pact, which would open dozens of service sector industries to Chinese investment. It was signed in June by representatives from Taipei and Beijing but awaits ratification by Taiwan's legislature.
</p>
<p>
Ma said rejecting the pact would undermine Taiwan's credibility and harm its economy, which has become increasingly tied to Chinese markets.
</p>
<p>
Student leaders insist tying Taiwan too closely to China would harm Taiwan's hard-won democratic freedoms and pave the way for China's eventual takeover of the island.
</p>
<p>
China and Taiwan split amid civil war in 1949 and Beijing has long sought to assert its control over the island, using military force if necessary.
</p>
</text>
</doc>
