<doc id="Raw-Topic-10_06"> 
<news_source>
SBS
</news_source>

<date>
March 24, 2014
</date>

<author_source>       
AAP
</author_source>

<headline>
Taiwan police use water cannon on crowd
</headline>

<text>
<p>
Taiwan riot police have used water cannons to dislodge hundreds of demonstrators who stormed government headquarters, dramatically escalating an ongoing protest against a trade pact with China.
</p>
<p>
After nearly a week-long occupation of Taiwan's parliament, the protesters late on Sunday also infiltrated the Executive Yuan where the cabinet is located, pulling down barbed-wire barricades and using ladders to break into offices on the second floor.
</p>
<p>
The assault came after President Ma Ying-jeou refused to back down on the trade pact, which he argues is vital for Taiwan's economic future, rejecting opposition claims he is effectively handing the island over to Chinese control after six decades of political separation.
</p>
<p>
About 1000 officers were deployed overnight to forcibly remove the protesters from the Executive Yuan. Premier Jiang Yi-huah, whose office is located in the building, said at least 110 people were injured, including 52 police officers, while police arrested 61 people.
</p>
<p>
"Suddenly water was spraying at us and it was very powerful. My glasses flew off and I was very dizzy," protester Frank Hsieh, a former premier from the opposition Democratic Progressive Party (DPP), told reporters.
</p>
<p>
One injured male protester lay on the ground receiving medical care, while another was led away with blood streaming down his face, AFP journalists saw.
</p>
<p>
Police used riot shields to push the crowds back while some of the demonstrators tried to grab their batons and pelted them with plastic bottles. Two water cannon trucks were then deployed early on Monday, eventually subduing the crowd and clearing the building.
</p>
<p>
"The government denounces violence and dispersed the crowd according to the law. We will not tolerate actions designed to paralyse the government," the presidential office said in a statement.
</p>
<p>
But the DPP, which historically has favoured formal independence for Taiwan, called on Ma to respond to the protesters' demands and scrap the pact.
</p>
<p>
"Forcible dispersals will only cause more students and police to get hurt and are likely to trigger more outrage and protests," the party said in a statement.
</p>
<p>
Ma has overseen a marked thaw in relations with Beijing since he came to power in 2008 pledging to strengthen trade and tourism links.
</p>
<p>
"I must say that (the pact) is completely for the sake of Taiwan's economic future," Ma told a news conference on Sunday.
</p>
<p>
After the unruly scenes at the Executive Yuan, hundreds of police remained deployed outside the parliament complex where protesters remain holed up.
</p>
</text>
</doc>
