<topic id = "Raw-Topic-10" category = "2">
	<title> taiwan police evict student protesters
	</title>
	<doc id="Raw-Topic-10_01" hasComment = "N" />
	<doc id="Raw-Topic-10_02" hasComment = "N" />
	<doc id="Raw-Topic-10_03" hasComment = "Y" />
	<doc id="Raw-Topic-10_04" hasComment = "Y" />
	<doc id="Raw-Topic-10_05" hasComment = "Y" />
	<doc id="Raw-Topic-10_06" hasComment = "N" />
	<doc id="Raw-Topic-10_07" hasComment = "N" />
	<doc id="Raw-Topic-10_08" hasComment = "N" />
	<doc id="Raw-Topic-10_09" hasComment = "Y" />
	<doc id="Raw-Topic-10_10" hasComment = "Y" />
</topic>
