<comments>
<topic id = "Raw-Topic-28" category = "4" />
<doc id="Raw-Topic-28_05" />
<comment>
<content>        
Here is the lesson we teach our boys:

"It is OK to take you when you are a baby, and cut off 20, 000 nerve endings without anesthesia while you scream and bleed. It is OK to do this because no one cares. It is OK to do this because we will rationalize it by saying it is not as bad as female genital mutilation. We will teach you that you have no control over your own body."

Is it any wonder that so many boys grow into men who feel women should not be in control of their own bodies? We have taught our boys that they have no control over their own bodies and they can be cut in pain to please a God.

If we took the time to hear the screams of baby boys, and acted on stopping it, they might grow into men more willing to understand that NO means NO.

The body is a private temple for both boys and girls If we wish to stop FGM, we must stop MGM. IF we wish to stop MGM, we must stop FGM: We must stop saying one is not as painful, not as severe, not as bad. We will not stop one unless we stop both. We must listen tot he screams of baby boys and baby girls and teach them that their bodies are their temples alone.
</content>
</comment>
<comment>
<content>        
Why does everyone want to argue for or against this? The reason it goes on is because in England, only the women have balls. If the men had them, it wouldn't be allowed.
</content>
</comment>
<comment>
<content>        
It is not that the women have balls. It is that the feminists are nasty, arrogant, ignorant, self-centered feminists who leverage testicles to brag about themselves, like you just did. It is that the feminists are only concerned about themselves and not about the general welfare of all people, men and women. It is that most of the decent men in England don't give a rats A, about women because feminists are so self-centered and have clearly demonstrated a callous indifference to equity, in favor of gree and arrogance.
</content>
</comment>
<comment>
<content>        
It will continue to happen until it makes THEM sick to THEIR stomachs.

As long as your unarmed cops are grabbing their ankles and apologizing while their enforcement squads roam the streets posting "Sharia Controlled Zone" signs and slapping people around, you deserve everything you get.

Refusing to be men SHOULD hurt.
</content>
</comment>
<comment>
<content>        
Only that the operation is entirely a women's thing in traditional cultures. Mothrrs and aunts prepare the girls, the "surgeon" is a woman and men aren't even allowed near.
</content>
</comment>
<comment>
<content>        
Except it isn't, really. Yes, this is a practice performed by women, but it is done because of the belief and cultural practice that men will not marry women who do not get this done. The entire societal structure creates this, expressing that women are not full human beings, equally entitled to pleasure, but rather lesser beings who must be controlled by any means necessary.
</content>
</comment>
<comment>
<content>        
Never one to disappoint, the CNN trolls managed to hijack the story  and  get everyone started on the never ending male circumcision debate within the first 10 comments. Please folks, go find another comment string. These are two separate issues entirely.
</content>
</comment>
<comment>
<content>        
Maybe you are part of the less than 20% of the world (Muslims, Jews, Americans, Philipinos, and some sub-Saharan African grous) that believe in male circumcision as something worthy of pursuit. For the remaining 80% of the world, this cultural bond-enhancing practice is abhorrent and disgusting, as much as FMG is.

This is not about hijacking the story. This is about putting a mirror in front of you and making you take a hard look at yourself, when you are busy looking at others.
</content>
</comment>
<comment>
<content>        
In any civilized country, this act is no less legal than carving a person's eyes out. It must be stopped and dealt with as a violent crime. End of the story.
</content>
</comment>
<comment>
<content>        
Last time I checked, women have very little there to begin with... If a group wants to make a difference, focus on males, they have so much more to contribute to the removal process...
</content>
</comment>
<comment>
<content>        
The reason Muslims get away with chopping off a woman's genitals in England, is because only the women have balls.

Your police allow Sharia Enforcement Squads to slap people around and post "Sharia Controlled Zone" signs. Its no wonder they don't respect you.

That shxt lasts about 5 seconds in the United States. Why? Because we instantly swarm them with armed cops who put them in chains and throw them in a cage wearing nothing but a suicide gown.

In the US, when a Muslim acts like an animal, we either shoot him or cage him.

Go and do likewise!
</content>
</comment>
<comment>
<content>        
As long as leftist "experts" refuse to tie the practice to "a particular religion", genital mutilation will never be eradicated.
No aspects of this particular religion are to be criticized in a politically correct dream world.
</content>
</comment>
<comment>
<content>        
Same applies to male circumcision. A different particular, untouchable religion (to use your own words) also provides significant obstacles to the elimination of the practice. Actually, as it has been mentioned elsewhere, Islam does not require FMG (or male circumcision for that matter). Yet, its connnection to the cultures that perform both rituals is such that it becomes a de facto union of goals.
</content>
</comment>
<comment>
<content>        
If you wanted to abolish FMG in any given european country with a 10% muslim population, would you examine the baby girls from the 10% muslim population or the other 90% ? Would you consider it useful to routinely examine the entire female population to prevent FMG?
</content>
</comment>
<comment>
<content>        
As noted above, this is a tribal/ethnic practice and Muslim, Christian, and those who are still follow the local traditional religions do this. Members of the Coptic Church (a Christian sect) are known to perform FGM. Islam no more requires FGM than Christianity requires holding poisonous snakes or drinking strychnine (acts that certain Christian sects require).
</content>
</comment>
<comment>
<content>        
The persecuted copts of Egypt are forced to assimilate to the muslim majority. 
As far as FMG in european countries is concerned, leftist feminist politicians are caught up in a terrible dilemma between watching their sisters being mutilated and the fear of criticizing any aspect of the untouchable religion.
</content>
</comment>
<comment>
<content>        
Exactly. Abolishing religion would be the best, but least realistic solution.
In the real world it would be more useful to keep an eye on potential victims/perpetrators represented by a certain particular religion.
That is, if you are really interstested in abolishing genital mutilation, of course.
</content>
</comment>
</comments>
