<comments>
<topic id = "Raw-Topic-28" category = "4" />
<doc id="Raw-Topic-28_01" />
<comment>
<content>        
Indeed. I'd also be very interested to understand just who exactly these 'community leaders' are.
What are their credentials and who elected them?
By what means were they elected?
Who do they represent - are their constituents bound by certain geographical boundaries, ie post codes?
Within those boundaries, do they represent, for example, poor British or European people or just people from a certain region in the subcontinent?
What is their mandate - and what authority do they have when speaking for their comunities on various news channels or with neighborhood policing teams, who seem to enjoy granting them an audience?
How much weight does / should their opinions carry?
Answers on a postcard please.........
</content>
</comment>
<comment>
<content>        
I'm scratching my head about the "Reforms include holding parents responsible" sentence in the headline and further into the article.
Is it really the case that parents AREN'T currently responsible for facilitating FGM on their daughters under the present legislation?!
I thought the problem here was the lack of enforcement of the law, not a lack of law itself.
</content>
</comment>
<comment>
<content>        
Finally something is being done about the ultra-conservative and medieval practices that have been imported into the UK, the real scandal is how long it has taken. One also suspects this action will not go far enough though.
</content>
</comment>
<comment>
<content>        
Finally the damaging notion of 'Islamaphobia' is loosening its grip on this country. I hope we are far less hamstrung by the do-gooders on the left who think they have a monopoly on morality just because they don't bother interrogating anyone other than white men
</content>
</comment>
<comment>
<content>        
The left don't hold that specific religion to account, not because they are do gooder's with a monopoly on morality,
But because they are complete and total moral cowards.
</content>
</comment>
<comment>
<content>        
It should be noted that FGM, barbaric though it is, is not confined to those who follow Islam. The practice also has significant footholds in Kenya, Tanzania and Ethiopia, countries which are not historically populated by large proportions of Muslims.
I fully understand that some people are reluctant to criticise this practice for fear of being called Islamaphobic, but it is actually not confined to just Muslims.
</content>
</comment>
<comment>
<content>        
While this is true, it is also important to note that the majority of countries and communities where it is practiced are Muslim and it is mostly being spread via the spread of Islam. 
FGM was unknown in Indonesia before the arrival of Islam. Now, over 70% of Indonesian girls suffer FGM and 90% of adults support the practice. That is not a cultural practice, it is purely religious.
</content>
</comment>
<comment>
<content>        
On the other hand, death for apostasy, death for homosexuality, death for adultery, amputations, beheadings, unequal testimony between men and women in court, sharia gangs, and burqas are all uniquely Islamic.
It beggars belief that so many left-wingers in the UK will stay silent on these issues for fear of being "Islamophobic". It is not everyone, but those who do speak up on these issues inevitably become personae non gratae. Take Anne Marie Waters: a staunch defender of the NHS and Labour party activist eventually had to join Ukip because she refused to stay silent on the misogyny of Muslim communities in the UK. That is what the cowardice of so many lefties has done: forced activists who passionately care about human rights to join with Ukip. Now, everything she says will be written off as being crazy because of her party, when she is only there because Labour (and the Tories, and the Lib Dems) refused to actually take any of these issues remotely seriously. Shame on them all.
</content>
</comment>
<comment>
<content>        
As the "Pharonic" civilisation is long gone, there must be another reason why it is still so widespread. Why is it still being perpetuated and what is the major common factor in those countries and communities where it is still being practiced and what is the main reason cited by the perpetrators for carrying it out?
</content>
</comment>
<comment>
<content>        
What total toss. I'd describe myself as 'left', but I'm no moral coward. Complete opposite. I follow my morals wherever they take me, and confront my failings unstintingly. Bet you never have that issue.
I do come across lefties that are appalling apologists for Islam. I'm not one of them. I hate Islam as much as I hate all religions. But it is wrong and stupid to solely blame Islam for FGM. It's a great facilitator, but it's not the only cause. Hatred of women is the main cause, and as we know ALL people on the right hate women.
</content>
</comment>
<comment>
<content>        
Well said that man!
People are finally taking notice of the elephant in the room, though many who now see it want to call it a Hippo, as seeing a elephant could lead to an accusation of being called a racist!
</content>
</comment>
<comment>
<content>        
Wow. I didn't know Anne Marie had moved over to UKIP. There's one member who isn't ' racist' or a 'swivel-eyed loon'. Heard her speak a while back - she talks complete sense regarding this issue - I'd like to see the Guardian publish her views...
</content>
</comment>
<comment>
<content>        
If all of you are actually this outraged by the practice of FGM then why not make a donation to the charities working to tackle it (ones that you would, no doubt call left wing do-gooders)!! Organisations that are actually doing something about these issues raised here.. Like FORWARD UK for example.
t's such a contradiction to claim that "do-gooders" are the reason these issues aren't tackled, when in fact they are the only ones tackling them!! What are you doing about it?
Or are you just here to air your views about Islam?
</content>
</comment>
<comment>
<content>        
Being very interested in Ancient Egypt, I was fascinated by the term "Pharaonic" used in Sudan for the most radical form of FGM. 
The mystery is, that archaeologists of Ancient Egypt have found no evidence of FGM...No mummies of females (often wives, mothers and daughters of pharaohs!) have been found to have had FGM - and no references in the records and sources - and honestly, we do have an awful lot of literary records and sources for many periods in Ancient Egyptian history as well as visual evidence for most of their important rites. Furthermore, the Greeks and Romans came to be very fascinated with Egypt, especially its exotic (to them) religion, but their travel accounts and gossip never mention FGM.
All that there is, is an indication (written source), that in Late (Hellenistic and Roman) Egypt, a form of FGM may have been practiced on a few women as part of a local religious cult in Lower Egypt. It is very hard to guess what was involved and if it was the "pharaonic" sort as defined today. As far as I know, there is no evidence (certainly none I've found on the web) for Egyptians practicing FGM in their Christian centuries before the Islamic invasion - i.e. if Coptic Christians in Egypt currently do often practice FGM (but not in fact the Pharaonic kind!) it is not because their ancestors did before the Muslims and Islam arrived..
It is really very unclear, then, why at a post-Ancient Egyptian stage people in Sudan should have at some point have come to use this word for a practice that they either imported with the word (from where?) or perhaps already had (various forms of less drastic and some very drastic forms of both male and female circumcision (unconnected with Islam) are known in Sub-Saharan Africa in some tribes....how far back this goes into Ancient times is pretty hard to tell.
Whether we attribute the Islamic views directly to Mohammed or to early Islamic rulers and codifiers, obviously they did not spring out of the blue.- they represent a pick, mix, keep or change choice out of what wa??c???????s available.
Circumcision (either sex) isn't mentioned in the Koran at all, but is soon mentioned in hadiths and so on. The early Muslims certainly took up male circumcision as in practice a near universal requirement largely as part of what was taken from Judaism. But FGM was not part of Judaism...and while the hadith record in some scholars's views endorses FGM it is comparatively weak and ambiguous, which is a reason why FGM did not spread with Islam much beyond the MENA and not equally to every area there. (Interestingly it is now being spread as Islamic - e.g. in E. Africa and Indonesia!)
Anyway, I would speculate that the use of the term "Pharaonic" for infibulation in Sudan is misleading as regards an Egyptian origin. (It could easily be e.g. a later distortion of a local word - there are many examples in languages, or an adjective suggesting prestige). I also think that the spread of FGM of various degrees in Egypt, Turkey and so on was largely to do with influences from the Arabian peninsula brought by Islam, less as doctrine than as an element of Arabisation...
It is said that some Arabian tribes pre-Islam did practice male circumcision to some extent, and probably FGM. When talking about whether these and other practises are Islamic or not, the important point is not whether they pre-existed Islam but whether they were taken up and reinterpreted by Islam in such a way that they were spread as Islamic. The Islamic conquests certainly spread male circumcision to areas that had not had it before (e.g. Persia).
</content>
</comment>
<comment>
<content>        
Thanks for the reply it is very interesting. I was only arguing that the practice is not Islamic. I don't know the history and I have also never heard of it being used in Ancient Egypt, I suppose traces might show on some mummies if it had been. I do remember reading years ago that there is/was a tribe in Africa which appeared to have some beliefs related to those of Ancient Egypt, including some astronomical knowledge. I cannot remember the name of the tribe but I suppose there may be a connection there which might have fallen into disuse in the main Ancient Egyptian civilisation. I would certainly agree with you that is is now
being it is now being spread as Islamic - e.g. in E. Africa and Indonesia!) And also, unfortunately, the UK.
As regards male circumcision, that is a completely different subject. It is both Islamic and Jewish and as such may be originally a cultural practice. There is an argument for it being an aid to hygiene in an area of the world where water is in very short supply.
</content>
</comment>
<comment>
<content>        
Is wasn't originally. It is now.
Consider champagne, for instance. The second fermentation technique and "verre anglais" bottles may have developed in England but no one would try do describe champagne as "not French".
</content>
</comment>
<comment>
<content>        
I don't know anything about champagne. I know a bit about Islam. FGM is used in Sudan and other African countries and the Middle East where it was adopted from Africa. It is spreading in Indonesia. This information is from a muslim.
</content>
</comment>
<comment>
<content>        
I know a fair amount about champagne (and other sparkling wines). I also know a fair amount about Islam (and other religions).
Ditching the analogy, FGM was not invented by Islam. There are other cultures/religions that practice it but the vast majority of victims are Muslims. In addition most of the non-Islamic practice occurs in Muslim majority countries and the only body of authority to support it is Islam.
The fact that it is spreading in Indonesia is proof of its present Islamic nature. FGM did not exist in Indonesia before the arrival of Islam. Around 75% of girls are now cut. That is exclusively due to Islamic ideology. It is utterly irrelevant who invented it. It is like blaming the deaths in a high school shooting on China because they invented gunpowder. A lot of water has passed under the bridge.
Those who insist on denying the influence Islam has on the continuation of FGM are part of that problem.
</content>
</comment>
<comment>
<content>        
My point was that the practice is not originally Islamic. Yes, it was adopted by illiterate Muslims is obviously being spread by Islam but it is not used or even known in Pakistan which was set up as an Islamic country. If it has a "present Islamic nature" it also has a present Christian nature. If a (admittedly lapsed) Muslim had to explain it to his Muslim family who had never heard of it, it isn't Islamic in origin. That is the point I have been making, it might be irrelevant but that was the conversation. And if your final sentence is suggesting I am part of the problem I suggest you take it back. It is impertinent.
</content>
</comment>
<comment>
<content>        
It is very simple. The main (not the only, but the main) force behind FGM in the world today is Islam. It is the only religion or authority that actively promotes it.
Anyone who claims that Islam has no bearing on the problem, as it occurs in the world today, is indeed part of the problem.
it is not used or even known in Pakistan
Not true. It may not be present in the huge numbers in other Muslim majority countries, but it happens. 
</content>
</comment>
<comment>
<content>        
Evidently you know much more about it than people who live there. I followed the link to the publication. It is a Home Office publication and refers to Pakistani (etc) people in this country. I repeat, it is NOT practiced by Pakistani people. Admittedly the people I refer to are upper class but their servants do not follow the practice. The people who are here and possibly using it are not the educated people. They have been strongly influenced by the fundamentalist reformation sweeping through the religion at the moment. Probably the same goes for the other nationalities who are using it. The trouble is, most English people cannot distinguish between the classes of the people from the sub-continent, I believe that is your problem.
</content>
</comment>
<comment>
<content>        
This makes no sense. You say that it is practiced by Pakistanis in the UK but not in Pakistan? Whatever its origins, it is not a practice that people pick up in the UK.
The people who are here and possibly using it are not the educated people. They have been strongly influenced by the fundamentalist reformation sweeping through the religion at the moment.
The fact that they are uneducated is irrelevant. What educated person would subject their children to such torture? 
The fact that they are influenced by Islam is exactly my point.
It does happen in Pakistan. Denial is not part of the solution, it is part of the problem.
</content>
</comment>
<comment>
<content>        
I believe your problem is you seem to differentiate between the rights and respect we afford to people on the basis of class. The trouble is, I prefer to regard all as equally deserving.
</content>
</comment>
<comment>
<content>        
Well you have found a reference to a form of FGM among some of the remote tribal people. You obviously know nothing of the country if you imagine this is typical. The tribal people are very much separate and a law unto themselves. Thankyou for informing me of my problem of apparently being unable to treat everyone equally, I shall inform my immediate family who represent 5 nationalities and 3 world religions so they can be forewarned. Incidentally, a niece who is a dr working with sex workers in Pakistan isn't familiar with FGM in the country.
</content>
</comment>
<comment>
<content>        
I did not say it was typical, I said that it happened.
You absolutely denied that it happened at all - at least amongst your upper-class, educated friends. Well, good for them, and good for you and your one man peace mission. You're not Nelson Mandela are you?
The tribal people are very much separate and a law unto themselves.
You are aware that FGM is against the law in most countries where it is carried out? Does that make 90% of Egyptians, 98% of Somalians, 80% of Indonesians, etc, etc, "laws unto themselves"?
My partner is a midwife in a large British city. She has not come across FGM either so by your logic, there are no cases in the UK. Someone had better stop everyone wasting their time with this pointless campaign then, no?
</content>
</comment>
<comment>
<content>        
I think you should stop wasting your time with this pointless campaign to prove me wrong. And you do keep missing the point of what I am saying. By quoting 
90% of Egyptians, 98% of Somalians, 80% of Indonesians, You proved what I said about it being African, apart of course from the Indonesians which I have already given a possible explanation for so I am not going to repeat myself.
It is interesting that your partner has not come across FGM in her midwifery. My daughters friend had only been a dr. for a few months and had to treat a patient with it.
I assure you my marriage and that of my family is nothing to do with a peace mission but we are a good example of how people of different backgrounds and religions can get on by respecting others opinions. You should try it.
</content>
</comment>
<comment>
<content>        
I am not trying to "prove you wrong". I am trying to get you to understand the nature of the problem.
Egypt and Somalia may be in Africa (although Egypt has long been considered an Arab country) but - and here's the point - FGM is carried out almost exclusively by the Muslim population. Likewise with many other African countries. Indonesia, as you correctly point out, is not African. Nowhere near, in fact. Its huge FGM problem is exclusively and demonstrably caused by Islam.
There is no requirement to respect opinions, especially when they are wrong. It is more important to respect the truth.
You should try it.
</content>
</comment>
<comment>
<content>        
This act is already covered by laws, but they are not enforced, in case minorities are offended. Nothing will change, the same number of girls will be mutilated this and next year, no change. 
The liberals love of authentic primitives means nothing would make them actually do anything that would make them look illiberal (like accusing a minority), The laws lie on the shelf , no convictions will ever be made.
The liberals imported these people into the country, they should pay to throw them out.
</content>
</comment>
<comment>
<content>        
This practice could be stopped in a six months. Here's how: every girl in an at risk group has a compulsory inspection by a nurse in school every year. If anyone has cut out her clitoris with a sharp knife, she is immediately taken into care and her parents are sent back to whatever barbarian dump they crawled out of. It really is that simple.
Any "charities" that support "community champions" are a complete waste of time. That approach is not going to have any tangible benefits, but it will enable right on liberals to pat themselves on the back and say how inclusive they are, while right now somewhere in the UK a girl is being led into a room by her parents where a man she doesn't know is waiting for her who is going to ruin her life.
The government - whether it's Tories or Labour it doesn't matter at all - are showing themselves to be absolute cowards on this issue along with many others created by multiculturalism. They parrot on and on about how awful FGM is, but will not take the obvious course of action (see above). If they had the guts to tackle this issue we could lead the world on women's equality. But instead, we've got an expensive summit where people talk a lot and agree on how important it is to carry on talking about how important this issue is. Well thanks very much Theresa May. Thanks very much.
</content>
</comment>
<comment>
<content>        
The British Empire helped to eradicate many evil practices around the world, but there was often an economic price to pay by those whom we emancipated.
So these people may no longer have to suffer the pain of FGM and we can feel we have civilised them, but it's more than likely they will be economically exploited in some way in the future.
</content>
</comment>
<comment>
<content>        
Not really. George V told his children they were free to marry whoever they pleased (presumably because WWI resulted in the abolition of most of the other monarchies in Europe, who would have previously provided suitable matches).
</content>
</comment>
<comment>
<content>        
Do you have any idea how offensive it is to compare people who experience forced marriages to the royals? It really is not the same thing at all - forced marriage victims are kidnapped, taken to third world countries, threatened with murder by their families, then kept as slaves. It really is not something to joke about.
</content>
</comment>
<comment>
<content>        
Do you have no idea about history?
How the so-called royals operate?
How once a female had her first period it was time to marry her off as she could have kids?
That's pretty much how it still operates.
It's like Crufts - they get displayed at balls and events, paraded around like available fillies with a proven birth-line.
While I have little sympathies with the Royals - have a look at how Charle's emotional life has been fucked over by marrying hiim off to the best avaialble baby-producer instead of the woman he'd been shagging as a youngster.
What's love got to do with it?
Is it any different from other arrangements - the kidnapping is just more polite.
Who the fuck is joking?
</content>
</comment>
<comment>
<content>        
Although these measures are a positive step to helping young females, I am not convinced it will prevent FGM or forced marriages. We need to explore the misogynist cultural and traditional practices that regulate and control female sexuality.
However, I welcome more resource centres that can support young girls without judgment.
</content>
</comment>
<comment>
<content>        
Honest question: Are you saying that women can be misogynistic?
As I understand it the "cutters" are women and the cutting itself is generally organised by the women.
Surely rooting out the misogynist cultural and traditional practices that regulate and control female sexuality is preferable to "exploring"
</content>
</comment>
<comment>
<content>        
I thought it was pretty well accepted these days that women can be misogynistic? I mean, it often comes up in discussions about feminism and women's rights. I've definitely come across women with sexist opinions about women in my time... 

I any case, I'm a misanthrope, and still human (as far as I can tell.)
</content>
</comment>
<comment>
<content>        
Was wondering if Goldymarx was pointing at the patriarchal societies of the cultures that mutilate as being inherently misogynistic, or the women implicated in the act of mutilation as being "women who hate women".
</content>
</comment>
<comment>
<content>        
Why bother commenting on this piece?
Sensible comments on the impossibility of this 'traditional prcatice' being effectively stopped by 'education etc' will be moderated and we'll be left with the usual dross.
High profile prosecutions and deportations are the only way to address this abuse.
</content>
</comment>
<comment>
<content>        
Yet another reason to leave the farce that is the ECHR.
Child abusers have rights to a family life. I am sure that is what the ECHR was set up for all those years ago.....
</content>
</comment>
<comment>
<content>        
There you go again. This is only in your head. The European Convention on Human Rights was designed to set a decent standard for all free countries. It isn't 'a joke' unless you think fair trials or the right not to be imprisoned frivolously are a joke. There is no evidence that it is up to abuse, whatever you think about what is obviously your own private legal system.
</content>
</comment>
<comment>
<content>        
I've read cases involving rather liberal interpretations of Article 8(and there aren't anywhere near as many as the tabloids would suggest), but I think even the most creative human rights lawyer would struggle to play the 'right to family life' card in cases involving individuals who'd who'd seriously harmed/mutilated their own children.
</content>
</comment>
<comment>
<content>        
FGM only exists because some men think that their DNA is more important than the next man's. I have never suffered from any such delusion. I accept all the children my wife produces without question. If more men thought as I do, the world would be a happier place.
</content>
</comment>
<comment>
<content>        
I'd be pretty hacked off if I discovered my kids weren't mine.
Fortunately their propensity towards obnoxious behaviour, their laziness, untidy bedrooms and love of Arsenal FC make me confident they are the fruit of my loins.
No need for mutilation.
</content>
</comment>
<comment>
<content>        
I'm convinced I would be less interested in sex if my cltoris was cut off. Or pretty much any part of my genitalia to be honest. I think 'less interested' might well be a euphemism for 'so unpleasant you'd never willingly want to do it', but I'm sure the idea of women having a 'will' about anything in many religions/cultures would be found highly amusing. If you are raised for marriage and motherhood to be your inescapable destiny, whether you want it or not, with complete social pariah status being reserved for those that don't fancy that route, thanks, and then taught that 'no man will want you if your genitals aren't mutilated' then obviously you're going to get mothers/other females banding together to inflict it upon younger females. In a society where marriage really is a choice, nobody (in theory) is forced to have children if they don't want them, and being both marriage and child-free is a valid life choice rather than a personal cathastrophe, fewer girls might be having all or part of their genitals cut off for fear that no man will want them otherwise. Until the response is 'who cares' I don't think you're going to get anywhere with it.
</content>
</comment>
<comment>
<content>        
I thought it was because no one took much notice because it was not in the public eye. The majority of people had never heard of the practice until the BBC brought it to the masses with Casualty (or Holby City)
</content>
</comment>
<comment>
<content>        
I learned about the practice from an article by Jill Tweedie in The Guardian. She died in 1993 so the article was obviously written before then. A reader's letter, written in response, suggested that Jill Tweedie's mouthshould be stiched up.
</content>
</comment>
<comment>
<content>        
This is a horrible, criminal practice, and should be dealt with like any other behaviour of that sort....through prosecutions, education, and a generally zero tolerance attitude.
Same as we show towards smoking and drink driving, rape etc.
There needs to be a fundamental attitude change among 'the communities' concerned, and among the police and other services involved.
Why was this behaviour imported in the first place? Why was it tolerated for so long? How much is it going to cost us to deal with?
</content>
</comment>
<comment>
<content>        
14 million Muslim girls world wide, every year are forced into marriage, raped and forced to bear children. Muslim women and children are being sacrificed every where and in war zones. Bravo that this will be set up and implemented in the UK. Too much phoney liberal tolerance has to stop to save the lives of women and girls
</content>
</comment>
<comment>
<content>        
I'm beginning to think that those of a liberal persuasion should be excluded from working in the public sector. The amount of negligence and harm being done to vulnerable people is just too much to ignore.
</content>
</comment>
<comment>
<content>        
At last the authorities seem to be taking a really serious interest in these horrors. Not a day too soon. When I first found out about them, I just broke down and cried . . . couldn't stop. I remember sitting on some outdoor steps, and weeping, weeping. I couldn't believe such cruelty existed. And to expose your own daughter to them!
</content>
</comment>
<comment>
<content>        
Nothing much will change until FGM is notifiable by medical personnel, much as a gunshot or a knife wound is currently. Until that is done, we can't regard any action by government as being serious.
</content>
</comment>
<comment>
<content>        
These issues are far more important than offending religious or cultural sensitivities. Any government's overriding priority has to be that of preventing irreversible physical or psychological wrecking of young lives by genital mutilation, misguided "honour", forced marriages or other lunatic beliefs. Period.
</content>
</comment>
<comment>
<content>        
1. Regular health checks carriedout at all schools where vulnerable girls are to be found. 
2. Prosecutions for offenders and those that facilitate.
3. Then publicly name and shame the offenders.
4. Deport offenders.
5. Ban those we know to assist entering the UK.
</content>
</comment>
<comment>
<content>        
For this to be addressed properly we need to sort out the attitude of our social services departments. I remember reading some policies linked to in a previous discussion stating they won't necessarily take action in cases of FGM as it's part of a person's culture and the parents think they're doing right and 'aren't necessarily poor parents'. When this fear of offending is conquered and the law is rightly held to be more important, maybe there can be some progress. FGM won't be tackled successfully without targeting specific nationalities and cultures.
I do think that the parents of anyone who has had this done need to be locked up for a few years. I understand it's difficult that a girl/woman would want to do this to their parents but I think it would be better to be tough in this regard.
</content>
</comment>
<comment>
<content>        
Like most people here, I would love to see prosecutions for this barbaric crime, but I must say there are a few very simplistic solutions being thrown around for what is a far more complex issue than many people seem to acknowledge.
Some people seem convinced that the only reason for a lack of prosecutions is PC pandering to minorities and a fear of upsetting other cultures. If only it were that simple! That may be a nice bit of leftie bashing but the issue is too important to use for scoring political points. It is about the best way to protect a child.
If a stranger walks up to me on the street and mugs me at knifepoint, there is a very clear cut victim and a clear cut perpetrator. I have no doubt that as a victim of such a crime, I would have little sympathy for the mugger and would happily see him prosecuted and locked away. Throw away the key.
The victim/perpetrator relationship is not quite the same in a case of FGM. The perpetrator is generally the parent of the victim (even if the parent does not carry out the cutting, the parent or grandparent generally arranges it). So the first thing we need to acknowledge is that we are asking children to condemn and help prosecute their parents or other family members who they love and trust. That is never going to be easy or straightforward. Especially as many of the victims will be too young to realise the nature or severity of what is being done to them. They too will have been brought up to believe it is necessary and beneficial.
Getting victims to testify against parents is never going to be easy.
Someone will have to pick up the pieces if a childs parents are imprisoned. Who will look after the child? What psychological damage will be done to the child if she thinks she is to blame for her parents going to prison?
The parents committing these crimes do not see or acknowledge it as a crime. They genuinely believe they are doing something good, something necessary, and doing it for the best possible reasons. They come from a society and culture where a girl not having been cut could be ostracised within her community, would be unable to find a husband. They consider it essential to basic hygiene (of course it is not true, but if they have been told that since they were old enough to talk, and their parents were told it, and their grandparents were told it and every single person in their community genuinely believes it to be true). They come from communities where it has been done to all females for centuries without exception and without question. Of course they would want to do it to their children. They would consider themselves bad parents who fail their children if it is not done.
Given all that is prosecution of parents the right way forward?
Is it the best outcome for a child? Especially if she has already been cut C it is too late to save her. But what of her younger sister? She will need to be protected.
I dont know. I dont want to sound like I am defending or condoning parents C I most certainly am not. I just want to look at some of the wider issues.
Without any question, the woman (it is generally a woman) who does the cutting should be locked up. Regardless. No exceptions. The parents who order it done - certainly they should be prosecuted. But gaoled? I dont know. Named and shamed, as some people have suggested? Doesnt that also name and shame the victim? She probably still has to live in that community. And what if the parents have other children who have not yet been cut? How do you protect them if the parents are not jailed or the children taken into care?
I dont know. I dont claim to have the answers. As I said, it is a complex issue. Prosecutions are always necessary, in every case. There should be regular health checks at schools. In communities where children are at risk it must be known that there will be checks, there will be prosecutions, and those prosecutions will happen whether the child is cut here or sent home to be cut. The sentence of those prosecutions? I dont know. What will deter them? Prison. Maybe not.
The bottom line is that only through education will it be eradicated. Target community leaders. Target young men who will grow up in Europe, used to European women and will not want a wife who has been mutilated. Target the girls who were victims and let them speak against the barbarity of the practice. Target the mothers who think it right because it was done to them.
Above track down and target the cutters. Part of the prosecution must be leniency in return for information. You dont want to go to gaol? You dont want your children taken into care? Tell us who did this. Give us names of people here and back home
For those who do the actual cutting there must be no mercy. There will be countries where it takes place which has extradition treaties with the UK. If they come here to cut girls or if they cut girls from the UK who are sent back to have it done C bring them here for prosecution.
</content>
</comment>
<comment>
<content>        
This is also the case with child sexual abuse in the family. Children can feel horribly guilty, conflicted and sometimes damaged by the prosecution process. Like an FGM cutter, an abuser might not see his crime as abuse, but as loving act. Both are oblivious to the damage they cause.
There are consequences for the adult carrying out child abuse; jail and loss of contact with the child are just two. Society as a whole regards the abuser as entirely culpable and responsible for putting the child and the family in this position; it is not acceptable to sexually abuse children and there are no excuses.
I don't see why FGM should be treated any differently to child abuse. I don't think it is any more ambiguous or complex an issue.
As mentioned in a post above, making it a notifiable by medical personnel will help reporting. It will also make medics confident that they will have institutional support when they report it instead of fearing that management might bury it in the name of convenience.
I guess FGM might die out in the UK eventually, but it has been around globally for a long time so it may not. Having outreach work is good and necessary, but I fear will only go so far.
There is no medical justification for FGM at all. If a child has been mutilated, the parents must be held responsible. The parent(s) are the ones who should be prosecuted  and  have their children removed if necessary as they commissioned the act, or at the very least allowed it to happen.
With compulsory notification by medics and clear legal consequences for parents and families, I think FGM will die out pretty quickly.
</content>
</comment>
<comment>
<content>        
Thank you for a well considered, thoughtful  and  caring contribution. You are absolutely right, it is a complex problem with complex issues. Thankfully I am not in the front line services such as doctors  and  nurses, police, social workers, teachers etc. and am, therefore, very much a layman on the subject. However, even as a lay person I feel very strongly that doing little or nothing is not an option - if bigger boots have to be used  and  seen to be used then so be it. One option that I believe would be desirable  and  hopefully very effective is a suitable team of dedicated professionals tasked to conduct mandatory  and  regular educational sessions in EVERY school (faith based et al) as part of a state system requirement ideally with parental and/or community involvement and cooperation. Even if the latter points were not to be available then at least different perspectives and the laws of our land, including available penalties, could be reiterated so as to offset any claimed ignorance of these.
Would this and/or other measures work? I don't really know either but what I do know is that continued "pussyfooting" is not an acceptable option for the good of very many youngsters out there. Maybe, just maybe, we are starting to address the problem/s.
</content>
</comment>
<comment>
<content>        
Politicians created the Environment for this kind of thing to happen The countrys Education system will further deteriorate. I wouldn't waste the effort trying to turn it round it's not possible. Give Schools the allotted amount they need to keep going if they want to teach radical Islam or Scientology why should anyone care ,why is it important.
</content>
</comment>
<comment>
<content>        
Vile comment. Do not use child abuse to take out your personal vendetta. You think it's okay to spend money on indigenous pelroblems? and nbsp; Westminster pedo ring and public funded BBC that has been harboring pedophiles for decades? Talk about minority of child abusers!
</content>
</comment>
<comment>
<content>        
This is strange - Labour had 13 years to address this FGM problem.
They also had 13 years to crack down on the organised abuse of predominantly (can't say which ethnic group, but you know) girls in our Northern cities.
What did they do??
Is there a pattern?
I expect the mods will be on this comment like a flash.
</content>
</comment>
<comment>
<content>        
Sew up the back passage of every man that allows his daughter to be subjected to this vile practice and see how quick things change. .. Drastic but potentially effective..
</content>
</comment>
</comments>
