<comments>
<topic id = "Raw-Topic-28" category = "4" />
<doc id="Raw-Topic-28_06" />
<comment>
<content>        
What type of people even worse women would take a razor blade or allow someone to cut your child like this ?????
Do we really want these people in our society  !
Only 2 prosecutions in 2 years in the UK why so we dont offend Cave man behavouir 
</content>
</comment>
<comment>
<content>        
Sharia law roughly translated..'we hate everyone and everything different to us and perpetually degrade women'

It is not a law just a licence to hate
</content>
</comment>
<comment>
<content>        
It's a downright disgrace that these sort of things are allowed in this country, rather, not allowed, but having a blind eye turned with minimal outrage in the higher echelons..



When people migrate to this country, from now on, there should be a form of contract which compels them to abide by OUR laws rather than bring their own laws and customs and expect the indigenous inhabitants, i.e. the British citizens, to accommodate them and their beliefs.



If they want to live Western, they must be prepared to accept all things Western, not just the bits they think will be of benefit to them.  If they want to keep alltheir own customs and laws, perhaps they would be better in a country that will accept their customs and laws.
</content>
</comment>
<comment>
<content>        
From this article:



Diane Nammi from the Iranian and Kurdish women's rights organisation says "

"It happens in London, in Newcastle, anywhere in the UK, they are doing it mainly where there is sharia law and sharia courts, and so many young girls can be wife of a man as old as their father or grandfather."



Every time I have ever criticized Sharia law my comments have been banned and here we have it clearly stated what the main probelm is. 



In Iraq, they have lowered the marriage age to nine because this is what Sharia dictates and they have also made rape legal within marriage. So a nine year old can now be forced into marriage and the older man can legally rape her as often as he wishes. I also pointed this out in posts against the Iraq war which were also banned. 



Sharia was recently introduced into Brunei which had a secular legal system until this year. They stated that it is "their duty to Allah." They have now introduced stoning for sex outside marriage, cutting off limbs and death for leaving Islam (apostasy) as well as the rest of the usual Sharia laws. I hope now we can have an ope  debate about what laws Islam really has and their impact upon human rights.



The reason there are Muslims who support marriage at nine years old, as in Iraq, is to do with an historical fact. I cannot put that here as despite being a fact, it would be banned. But I suggest you google who Aisha was in Islam and her age at marriage. 
</content>
</comment>
<comment>
<content>        
Britain has a culture of heavy drinking, but when someone is caught drink driving it is against the Law, and there are consequences. The same must be applied to all other cultures. C.E.F.M/F.G.M. is illegal in Britain and there must be serious consequences for anyone who practises it. As far as Britain telling other Countries what to do, they should put their own house in order first. British Politicians have consistently changed Laws to accommodate other cultures, but it has all been one sided in some cases. The U.K. has a lot of Chinese immigrants, who have retained their culture, and integrated, without a problem. same with Polish immigrants.etc. Why some immigrants think they deserve, or have a right, to different treatment, eludes Me. Some immigrants take all the benefits of living in a civilised society, while flouting the Laws, and this is going to have consequences.
</content>
</comment>
<comment>
<content>        
There are many of us who do not know anything about these issues and blame the wrong group of people for such practices. That will not help eradicate such practices. Just as it is important to seperate fact from fiction we also need to separate culture from religion as both are not the same thing. None of the holy books from the main religions mention the allowance of FGM or Forced Marraige.These practices have been around for centuries and are pre most religions. For example with FGM it is mainly practised in 28 African countries amongst tribes including christians and mulsims. Its the same with forced marriage. Been around along time! Heard of shotgun weddings!
</content>
</comment>
<comment>
<content>        
As Sharia law allows for marriage at puberty and all that is needed is the consent of the guardian then clearly this is a religious matter. We also know what can happen to a girl who goes against the wishes of their parents in some of these cultures as we have seen a rise in "honor killing" in the west also. Islam also allows for polygamy and doweries are common. So to say this has no influence on the culture of forced and underage marriage is absurd. 
</content>
</comment>
<comment>
<content>        
Another waste of our money.This will never stop But for some unknown reason Britain has to stick its blinking nose in other peoples business and it always costs us the people of Britain.It just wont stop until religion is dead.
</content>
</comment>
<comment>
<content>        
The daughter of a friend of mine was upset when her 14 year old school friend told her that her parents had shown her a picture of a man and told her she would be marrying him during the school holidays. The girl was taken to India during the school holidays and did not come back so we did not hear of the final result.
</content>
</comment>
<comment>
<content>        
Never in a million years will this practice end 



Hell will freeze over first 



 Our government should concentrate on fixing our country first instead of  spending our taxes on  creating crazy projects to do with other countries
</content>
</comment>
<comment>
<content>        
Why is this taking place her in Britain?  It is not a British cultural trait and never was. If the Government want to integrate people from these Barbaric cultures they should at least make sure, they adopt our laws and obey them.

Go and try and hold this type of conference in any of the countries mentioned, Kurdistan or Iran and you`d probably be stoned to death for doing so.

I do agree with what they are trying to draw attention to and stop it, just annoys me when my Government expects people to respect the culture of these people who allow this to happen.
</content>
</comment>
<comment>
<content>        
if these people want to venture out into the modern world then they should abide by the laws of the country they they have been accepted in and not try to impose their own laws on the people and that country they want to live in .that was set in the place where they came from as they came from do not waver their laws when westerners reside in their country.TIME TO PUT THE FOOT DOWN AND STOP THEM TRYING TO IMPOSE AND FORCE SHARIA LAW IN OUR COUNTRIES AS WE DONT WANT IT HERE 
</content>
</comment>
<comment>
<content>        
This summit will no doubt do alot of good and highlight the issues involved in marriage as such a young age. aswell as the problems local customs bring . Mala Yusuf , the young heroine. well respected by all will bring good publicity to the event  which is an excellent idea and a GREAT testament to Britain that it is beinng held in london. 

The ONLY issue here is that unfortunately a certain religion allows of girls at this age and earlier barely reaching double figures to be 'given' away for marriage. Until THAT is addressed and the holy book rewritten  then there will always be some that use the ancient man made text as justification  for evil
</content>
</comment>
</comments>
