<doc id="Raw-Topic-28_10"> 
<news_source>
The Telegraph
</news_source>

<date>
July 22, 2014
</date>

<author_source>         
</author_source>

<headline>
UK's first Girl Summit aims to end FGM and forced marriage
</headline>

<text>
<p>
David Cameron is hosting Britain's first Girl Summit tomorrow - in a bid to end female genital mutilation/cutting (FGM/C) and child/forced marriages.
</p>
<p>
The Girl Summit, co-hosted by the UK Government and UNICEF, will focus on tackling violence against women in the UK, and internationally.
</p>
<p>
Home secretary Theresa May will lead the summit with International development secretary Justine Greening, alongside heads of state, survivors and charities.
</p>
<p>
In England and Wales, an estimated 66,000 women are living with the consequences of FGM/C C an illegal cultural practice where girls' genitalia are cut - with more than 20,000 at risk each year.
</p>
<p>
UN figures estimate that 125 million women and girls worldwide have been cut C and that at least 30 million more will be at risk over the next decade.
</p>
<p>
The UK Government will tomorrow announce measures on how we can change this here in Britain and globally, as well as releasing new figures.
</p>
<p>
It follows announcements, made by Cameron, that forced marriage and FGM/C would be "at the top of Britain's aid agenda" and that efforts would be made to tackle it here in the UK. He stated his aim to end both practices "within a generation."
</p>
<p>
As part of the summit, the Government is asking people to pledge their support through social media.
</p>
<p>
It already has 5,566 pledges which are being shared on Twitter with the hashtag #GirlSummit. Supporters include Mia Farrow, Jon Snow, Desmond Tutu and David Miliband.
</p>
<p>
An Instagram film has also been created in support of those girls and young women affected by FGM/C and forced child marriage around the world.
</p>
<p>
Called Freedom Is it is made up of Instagram footage, crowd-sourced from hundreds of submissions sent in, from across the world.
</p>
<p>
Last year, the Department for International Development launched a 35 million programme that will work in 17 countries to support the Africa-led movement to end FGM/C.
</p>
<p>
Justine Greening said: "It's fantastic to see so many people coming together to show their support for girls.
</p>
<p>
"There are too many girls around the world who are being denied the freedom to control their bodies and their futures.
</p>
<p>
"The Girl Summit is helping to drive momentum towards this unique opportunity that we have to end harmful practices such as FGM and child marriage within a generation."
</p>
</text>
</doc>
