<doc id="Raw-Topic-28_03"> 
<news_source>
SBS
</news_source>

<date>
July 23,2014
</date>

<author_source>         
</author_source>

<headline>
UN host summit to end child brides
</headline>

<text>
<p>
British Prime Minister David Cameron has called for a worldwide ban on female genital mutilation and child marriage as he launched the first UN-backed "Girl Summit" on issues that affect millions around the globe.
</p>
<p>
Cameron announced that parents in Britain would face prosecution for failing to prevent their daughters from being subjected to FGM, while setting out steps to tackle both practices in developing nations.
</p>
<p>
"Our aim is to outlaw FGM and child marriage everywhere for everyone," Cameron told the summit in London, to applause from an audience of experts and campaigners from around the world.
</p>
<p>
FGM, which affects tens of millions of women, particularly in the Horn of Africa, ranges from removal of the clitoris to the mutilation and removal of other female genitalia.
</p>
<p>
It can leave girls at risk of prolonged bleeding, infection, infertility and even death.
</p>
<p>
Cameron acknowledged that ending FGM and child marriage was no easy task, saying they ranked alongside the global health threats of polio and tuberculosis in terms of the commitment needed to tackle them.
</p>
<p>
But he argued: "All girls have the right to live free from violence and coercion, without being forced into marriage or the lifelong physical and psychological effects of female genital mutilation.
</p>
<p>
"Abhorrent practices like these, no matter how deeply rooted in societies, violate the rights of girls and women across the world, including here in the UK."
</p>
<p>
The summit, which is co-hosted by the United Nations Children's Fund, will produce an "international charter" calling for the eradication of FGM and child marriage within a generation.
</p>
<p>
Speakers at the event included Malala Yousafzai, the Pakistani schoolgirl who recovered from being shot in the head by the Taliban and is now a campaigner for girls' education.
</p>
</text>
</doc>
