<doc id="Raw-Topic-28_08"> 
<news_source>
BBC
</news_source>

<date>
July 22, 2014
</date>

<author_source>         
</author_source>

<headline>
FGM summit: Cameron calls for end 'in this generation'
</headline>

<text>
<p>
David Cameron has said female genital mutilation (FGM) and childhood forced marriage should be stopped worldwide "within this generation".
</p>
<p>
Speaking at a global summit in London, the prime minister said Britain had no "special magic" to stop the practices - so global action was needed.
</p>
<p>
Mr Cameron has also unveiled measures to tackle FGM in England and Wales.
</p>
<p>
As part of this, parents will face prosecution if they fail to stop their daughters undergoing FGM.
</p>
<p>
The domestic changes will not apply in Scotland or Northern Ireland, but governments there said they had their own plans to tackle FGM.
</p>
<p>
'Power of convening'
</p>
<p>
Mr Cameron told the Girl Summit the existence of the practices were "standing rebukes to our world".
</p>
<p>
"It is absolutely clear about what we are trying to achieve," he said.
</p>
<p>
"It is such a simple but noble and good ambition and that is to outlaw the practices of female genital mutilation, and childhood and early forced marriage, to outlaw them everywhere for everyone within this generation."
</p>
<p>
He said the summit was intended to use the "power of convening people to come up with ideas and commitments to outlaw these practices".
</p>
<p>
Hosted by the UK government and children's charity Unicef, the summit is being attended by international politicians, campaigners including the Pakistani teenager Malala Yousafzai, and women who have undergone FGM.
</p>
<p>
The summit is also looking at ways to end forced marriage.
</p>
<p>
'Big challenge'
</p>
<p>
Phumzile Mlambo-Ngcuka, executive director of UN Women, said the situation was improving but many girls remained at risk.
</p>
<p>
"The fact that 30 million girls are at risk of being cut in the coming years clearly means that we have a big challenge on our hands," she said.
</p>
<p>
Priscilla Karim, who was forced to undergo FGM in Sierra Leone aged nine, described her ordeal.
</p>
<p>
She said: "I felt the worst pain of my life and a heavy object sitting on my chest and I just passed out.
</p>
<p>
"It's like a taboo, they don't tell you about it. You cannot tell anybody."
</p>
<p>
Female genital mutilation
</p>
<p>
Includes "the partial or total removal of the female external genitalia or other injury to the female genital organs for non-medical reasons"
</p>
<p>
Practised in 29 countries in Africa and some countries in Asia and the Middle East
</p>
<p>
An estimated three million girls and women worldwide are at risk each year
</p>
<p>
About 125 million victims estimated to be living with the consequences
</p>
<p>
It is commonly carried out on young girls, often between infancy and the age of 15
</p>
<p>
Often motivated by beliefs about what is considered proper sexual behaviour, to prepare a girl or woman for adulthood and marriage and to ensure "pure femininity"
</p>
<p>
Dangers include severe bleeding, problems urinating, infections, infertility and increased risk of newborn deaths in childbirth
</p>
<p>
In December 2012, the UN General Assembly approved a resolution calling for all member states to ban the practice
</p>
<p>
Source: World Health Organization
</p>
<p>
It is estimated that up to 137,000 women and girls living in England and Wales could have undergone FGM.
</p>
<p>
It has been illegal across the UK since 1985, but the first prosecutions - which are currently ongoing - were not until this year.
</p>
<p>
Government measures to tackle FGM in the UK (except Scotland) include:
</p>
<p>
Training for teachers, doctors and social workers to identify and help girls at risk
</p>
<p>
Lifelong anonymity for victims
</p>
<p>
New guidance for police on handling FGM cases
</p>
<p>
A 1.4 million prevention programme, in partnership with NHS England, to care for survivors and safeguard those at risk
</p>
<p>
A new specialist FGM service which will include social services, to "proactively identify and respond to FGM"
</p>
<p>
The Scottish government said it would "carefully consider" Mr Cameron's announcement to "establish what steps could be applied" to protect women and girls there.
</p>
<p>
It said it was already working with the police, NHS and other organisations to ensure a "comprehensive approach to FGM in Scotland".
</p>
<p>
Northern Ireland authorities said new guidelines on FGM had just been published, and work was being done to "give effect to the guidelines and raise awareness of the issues".
</p>
<p>
An "international charter" calling for the eradication of FGM and forced marriage within a generation is also being unveiled, along with programmes to identify child and forced marriage in 12 developing countries.
</p>
<p>
Home Secretary Theresa May, Deputy Prime Minister Nick Clegg and Justine Greening, the international development secretary, are also appearing at the summit.
</p>
<p>
MPs recently said the UK's failure to tackle FGM was a "national scandal", and that failures by ministers, police and other agencies had led to the "preventable mutilation of thousands of girls".
</p>
<p>
Analysis
</p>
<p>
Jane Dreaper, BBC health correspondent
</p>
<p>
Female genital mutilation has become a prominent issue in the UK in the past couple of years.
</p>
<p>
No one knows for sure how many women and children here are affected.
</p>
<p>
But ministers have underlined that it is a form of child abuse - and the UK should do all it can to prevent it.
</p>
<p>
The prime minister is keen to demonstrate leadership on global issues beyond his increased spending on foreign aid, which has proved controversial at times.
</p>
<p>
Today's summit aims to eradicate FGM and child or forced marriage within a generation.
</p>
<p>
Is this doable? Summits like these sometimes fail to achieve their stated aims - but even when targets are not reached, there is still a sense of momentum and progress.
</p>
<p>
And that could make a significant difference to the lives of thousands of girls worldwide.
</p>
<p>
Unicef said 250 million women and girls alive today were married before the age of 15.
</p>
<p>
Executive director Anthony Lake said: "The numbers tell us we must accelerate our efforts."
</p>
</text>
</doc>
