<topic id = "Raw-Topic-28" category = "4">
	<title>UN-host-summit-to-end-child-brides</title>
	<doc id="Raw-Topic-28_01" hasComment = "Y" />
	<doc id="Raw-Topic-28_02" hasComment = "Y" />  
	<doc id="Raw-Topic-28_03" hasComment = "N" />  
	<doc id="Raw-Topic-28_04" hasComment = "N" />
	<doc id="Raw-Topic-28_05" hasComment = "Y" />
	<doc id="Raw-Topic-28_06" hasComment = "Y" />
	<doc id="Raw-Topic-28_07" hasComment = "N" />
	<doc id="Raw-Topic-28_08" hasComment = "N" />
	<doc id="Raw-Topic-28_09" hasComment = "N" />
	<doc id="Raw-Topic-28_10" hasComment = "N" />
</topic>
