<comments>
<topic id = "Raw-Topic-30" category = "6" />
<doc id="Raw-Topic-30_03" />
<comment>
<content>        
Just think, if only one of the perps had been Jewish, this all would have ended immediately.  
 
Unlike the horror of horrors of offending Muslims (which were the perps in every case but one) by acknowledging the were raping over 1000 little white girls, open anti-semitism is perfectly acceptable in the UK. So not only would the perp have been prosecuted, the Brits would be burning down synagogues. 
 
The British tabloids now return to their regularly scheduled program of bashing Israel.
</content>
</comment>
<comment>
<content>        
Rochdale is in South Yorkshire. 
 
South Yorkshire police have been in the press recently, for their *special* relationship with suspected prolific paedophile and TV celeb Jimmy Saville. Apparently, SY Police had a Friday morning breakfast club with jimmy saville - detectives would go to his house regularly and he would cook for them.  
 
When challenged about misuse of police resources, a SY Police spokesperson said it was all legitimate because at the time of the visits the police were on-duty in a community policing capacity!!! Err wtf? Cops went round to the same house every week for a chat about community policing?!!! I don't think so - i tried to report multiple fraud attempts to my local pigs, perpetrated by council managers and in an industry where people can disappear if people dont get the answer they want, and on two occasions the cops failed to turn up to the appointments! Community policing, my ar5e!  
 
South Yorkshire police also recently went to search the home of 60s r+r singer Cliff Richard. They tipped off the BBC before the warrant was executed. The BBC are currently embroiled in a spooks/VIP paedophile ring scandal - so the question is, who were the cops really warning that they were about to search cliffs house? The BBC as a corporation? The spooks? Or the paedophiles themselves? 
 
Lastly, during the Cold War, the BBC and MI5 operated security vetting of BBC staff. People would find they couldn't get work or promoted regardless of how good they were*. The spooks would put Christmas tree pictures on a persons HR file if they were untouchables. Anyway, when this came out in the 1980s, it was claimed that only a handful of people got vetted. But later it emerged half the BBC was. Why is this relevant? Mi5/special branch were closely involved with these paedos- mi5 had its own office at Television Centre. ts inconceivable that they didnt know. Its entirely conceivable that they set the whole thing up so they could blackmail media types when needed. 
</content>
</comment>
<comment>
<content>        
What can you do? If you take action against the perpetrators, you'll be branded as a racist. If you don't do anything, you're accused of failing the victims. Extreme political correctness is causing this, and many other tragedies.
</content>
</comment>
<comment>
<content>        
The silence from the benign acquiescence by the government and politicians in Britain regarding pedophilia is pathetic. 
 
Recent stories and headlines of the thousands of exploited children at the hands of British celebrities from inside the BBC over decades; The losing of files and dropped investigations of pedophilia by top government officials and men of power in Britain which are squashed in committees investigating these crimes is pathetic.  
 
It is almost if there is a quiet acceptance by many among the elite and now the not so elite towards condoning pedophilia in British society. 
 
The government in Britain never seems to be beginning any serious investigation into pedophilia by their connected folks.
</content>
</comment>
<comment>
<content>        
Shameful and disgusting. The rot from within, as described in this story, will surely bring Great Britain to its knees. Failing to protect little girls from these monsters shows how low society can go in the quest for political correctness. They are willing to sacrifice these young girls so as not offend these obviously Muslim invaders.
</content>
</comment>
<comment>
<content>        
This is why the PC stuff is so dangerous!! No one should allow themselves to be afraid of being called 'racist' when they tell the truth about or pursue certain members of a group that happens to be black, Pakistani or Islamic or whatever. We, as a society, have to stop the fear generated by the PC police so that we can all step back and be objective. If terrorists or evildoers are predominately Islamic, black, Pakistani or whatever, there is absolutely nothing wrong with profiling people on that basis, for example.
</content>
</comment>
<comment>
<content>        
Faux Muslim "outrage" at their hosts. 
 
These Pakistani muslims are now playing their usual double game. Now that they've been caught in paederasty as provided for in their Koran, but this time inside a Christian country, it the fault of the Christian community that no action was taken to prevent this Muslim practice. 
 
It's always someone else's problem, when Muslims are involved. 
 
Britain's Third World colonials have been trying to get inside the U.K. since the end of WWII. Now look at the mess they've got on their hands with these unwanted Pakistanis behaving as they do back home in Pakistan. 
 
Damned if they do, damned if they don't.
</content>
</comment>
<comment>
<content>        
Surprise! Britain has a sexual child abuse problem. Has anyone ever heard of Rikers Island in New York City? Here is a recent report from the U.S. Department of Justice concerning abuse of prisoners on Rikers Island. Much of the report focuses on abuse of minors that run the gamut of abuse, including sexual abuse. And this is just one prison facility, of many in the State of N.Y., among 50 other States, in the USA. 
http://www.justice.gov/usao/nys/pressreleases/Augu... 
 
Here is a report about the death of an 18-year-old on Rikers Island. He was beaten and stomped to death via a system called "The Program". The fact that this system has a name should tell you how deep-seated this crime is. http://www.motherjones.com/politics/2013/05/americ...
</content>
</comment>
<comment>
<content>        
This is so wrong and the people of Britain are so intimidated by the Islamists that they don't even protect their own daughters. I know that all Muslims aren't like this, but too many are. And anyone who complains is immediately called a "Islamphobe". Well I'm complaining and I don't care what you call me. This is how some Muslims treat women, and it is disgusting. This is a culture which justifies honor killings. No wonder the entire Muslim world is falling apart. How people treat women and children show you how they will order their society. It is sad that formerly proud Britain has fallen so far.
</content>
</comment>
<comment>
<content>        
Among "conservatives", it is often 'PC' that a man has dominion over his wife and can discipline her and the children as he sees fit. We have millions of cases of wife and child abuse in this country that we could attribute to conservative Chrisitan 'PC'. 
 
It would be so wonderful to discuss the specifics of this story without trying to turn it into a bludgeon against those with different political leanings. It is not a liberal idea that 'race' is an excuse for child abuse.
</content>
</comment>
<comment>
<content>        
You don't want to "to discuss the specifics of this story without trying to turn it into a bludgeon against those with different political leanings", yet you name Christian conservatives as those most prone to this behavior, as though this group holds dominion over such behavior by divine right. The "dominion" that you refer to is a misreading of Scripture, which does happen, but it is not prevalent; the real meaning most espouse is equal submission to one another, as it is written, except that the man is ultimately accountable for the safety and security of the family -- the 'head of the wife' -- one with the strength and ambition to guard his family against predation, so "husbands should love their wives as their own bodies", should remove any doubt that the wife is equal in value to her husband in the Christ-centered family.  
 
To posit that this is a "Christian PC" problem is therefore not true. Some men may twist things to their own selfish gain, but this is prevalent in just about any family, but most especially true in Islamic society, as we see here. Many Pakistani men consider themselves "wealthy" and men of good report in their neighborhoods if they have a "boy" to play with in their possession, and so prostitution is only an extension of that characteristic that they bring with them; it is cultural.  
 
The only thing "PC" about this whole scenario with regard to the children in England is that law enforcement will be labeled as "racists" if they were to single out this culture which is known for it's abuses against children. A similar scenario will plague the U.S. in the not-so-distant future, since similar scenarios do play out whenever there is a vocal minority group that does not get their way.
</content>
</comment>
<comment>
<content>        
Actually, I'm pointing out that it is wrong to turn child abuse into either an issue of religion or to pretend that PC thinking is a problem of one side or the other, and these moves are an attempt to change the subject. 
 
If police officers were to single out the culture rather than the perpetrators, yes it would be racist. 
 
We don't know enough yet to know why the city council member used fear of racism accusations as his excuse, how widespread this move is, or why families of the victims didn't push hard for a systematic campaign to stop these crimes. Why don't we focus on that instead?
</content>
</comment>
<comment>
<content>        
Re: 
"...similar scenarios do play out whenever there is a vocal minority group that does not get their way." 
 
We've had that here with the semi-automatic rioting and looting by the Blacks quietly approved in the background by the likes of Sharpton, Jackson  and  Co.
</content>
</comment>
<comment>
<content>        
Yes, I agree that the focus should be on the actual issue, but there are so many variables and so many to blame (as we have discussed already) that there may never be a resolve, just more politicking to take advantage of the situation without resolving it.
</content>
</comment>
<comment>
<content>        
how much of this is culture? I don't mean that in a derogatory way. I've seen and read some things on cultures around the world and when the female species is not valued from birth, females are often exploited, abused and killed. when females are scarce some of these cultures abuse boys in a like manner. this is a big issue, but it is a broad issue as well. When you have people trying to kill girls for being educated, it relates to this as well. when you have a culture where that sell off girls as early as 8-9 in a faux marriage to a man 20 years her elder, you breed these problems. then you compound that with folks not doing their jobs because they think poor people are already disposable, this is what you get. 
 
Lastly, the racist thing is a cop out. Serial killer and habitual criminals are not exclusive to race. these folks just did not give a damn about who was doing this and who the victims were.
</content>
</comment>
<comment>
<content>        
My heart goes out to the victims and I hope they can somehow find a way to heal in time. 
 
To those who enabled this to go on, I wish Fate to repay them a hundred fold. For those who did this, I hope they get it a thousandfold--and may the punishments be unique, special and ironic. 
 
I'm turning to Fate as it's clear the British authorities won't do sh*t about this sort of thing apparently, even up to and including letting those guilty of the abuse off without even the pretense of a slap on the wrist. It truly does leave one questioning whether or not these people really think abusing children in this manner is a problem, or if it's just something to look away from.
</content>
</comment>
<comment>
<content>        
Damn, i thought this was a follow up to the horrific incident at the orphanage reported a few months back. this is a problem that i do not think is unique to Britain.
</content>
</comment>
<comment>
<content>        
Did you see the word Muslim associated with this anywhere? Asking because I didn't. Just cause they were of Pakistani descent does not make them Muslim anymore than being an American makes one a Christian. 
 
Honestly, where's your outrage towards the perpetrators solely for being scum?
</content>
</comment>
<comment>
<content>        
"Did you see the word Muslim associated with this anywhere?" 
 
I don't have to because I already know this story from the British press. By being too PC this article, along with many others, are in effect telling half truths.
</content>
</comment>
<comment>
<content>        
Seriously? You find it difficult to grasp how people from the Islamic Republic of Pakistan could possibly be Muslim? I suppose you also find it difficult to believe that Islam doesn't treat women very well.
</content>
</comment>
<comment>
<content>        
This is bigotry at it's worst. A very localized phenomenon tells us nothing about the faith of over 1 billion people world-wide. Or are you still blaming all Jews for the death of Jesus?
</content>
</comment>
<comment>
<content>        
Well, I don't welcome the news that it is found elsewhere, but I appreciate being better informed. I still will contend (unless proven wrong) that it is not problem of religion. I grew up in a Midwestern city with Muslim residents (also Lebanese descent) since the late 19th C, and we never had a problem like this.
</content>
</comment>
<comment>
<content>        
actually they got one a few weeks ago, they busted him because he had a mail box full of kiddie porn, google turned him in by contacing the fbi 
 
"A registered sex offender in Texas was recently arrested after Google tipped off police about images the web giant allegedly discovered in the man's Gmail account. 
 
John Henry Skillern, 41, had kept child porn in the email account, according to police. He is charged with possessing child pornography." 
</content>
</comment>
<comment>
<content>        
Even in Switzerland, a very rich country, we have had tragic cases of young children and babies dying from hunger because their parents were out finding and taking drugs ... with the money given them by social services! 
 
The feel good leftist "rights" parents in general, especially mothers are what keeps officials from being able to act.  
 
Maybe it is time to have real children's rights ... but I'm sure they would be called racist or inhuman although child abuse is a problem in all of any society. 
</content>
</comment>
<comment>
<content>        
I can't believe that you turned this issue into a "Liberal" problem; as if, "Conservatives" don't do this sort of thing.  
 
Recent history has shown us that conservatives are just as prone to get involved with sexual child abuse as any other group would. In fact, the more "conservative" (translation: up tight) you are, the more prone you are to this sort of behavior. Remember the rash of "Conservative Christian Preachers" in America who were "dethroned" because of their sexual perversion? Incidentally, ALL religions have laws/rules/commandments that prohibit certain types of sexual behavior. Why is this so? Because, ALL of mankind has a habit of doing just such things! All that is needed for perversion to occur is opportunity; the idea that, "no one will know"; "no one can see" is a major reason. A "cover" for this type of behavior is the cloak of respectability. The more "respectable" one might be, the more no one would suspect. That's what makes perversion a universal problem. And yes, it is a world-wide problem.
</content>
</comment>
<comment>
<content>        
If we had a serious investigation into what goes on in some of our cities, would we come out cleaner? 
 
From experience over the years, I fear that we have allowed a sub-culture of child abuse of all kinds in some circles (but also in the higher socio-economic groups). From child prostitution among the illegal immigrants to abuse by family in richer families.... Parents leaving kids while they drink or use drugs .. the whole gambit of abuse is real among us too. 
 
The ONLY thing that counts today is a woman's "rights" ... There are NO children's right to be raised by parents capable of educating them, no means for the State to intervene except in the most serious cases.
</content>
</comment>
<comment>
<content>        
1400+ children over such a long period of time. Did race or religion have influence in the decision making? Is Church of England active in the city of 250,000? This equates with the debacle the Catholic Church has condoned with priests and young boys in America; and, single expectant Catholic mothers in Ireland; The 109 young women being kidnapped in Africa. Is there any prosecution going on now? I . Let's see. John McCain and the gay guy from SC want us to bomb inside Syria but they didn't say a word about the young women in Africa. I am overwhelmed with despair.
</content>
</comment>
<comment>
<content>        
This is about a particular culture that certain immigrants share. You can't talk about it in Europe; its not PC to discuss it. 
It is culturally insensitive to even condemn this sort of thing. 
See sweeden goes insane on youtube
</content>
</comment>
<comment>
<content>        
The world has NOT changed and it will NEVER change as long as there are powerful individuals: the perpetrators, the officials and their diseased and dishonest minds and the powerless individuals: the victims, those scared to report, and their weakened minds and bodies.
</content>
</comment>
<comment>
<content>        
and the Brits have the NERVE to complain about our prison system being overcrowded and unfair. NO WONDER they dont have that problem. 
 
i was sexually abused as a young child, and i would probably have ended up in prison if anyone had laid a hand on any of my four children. i thank God they did not. 
 
1,400 incidents that were not prosecuted or even checked into... there is not even a word in our language for this.
</content>
</comment>
<comment>
<content>        
Actually...the U.S. does have a word for it: Arizona...close to 7,000 instances of child neglect and abuse were misfiled and never addressed in that state....so the UK has hardly cornered the market on child abuse and neglect. Looks like an overcrowded prison system does little to abate child abuse anywhere. It might also be relevant to add that most if not all of the Arizona abuse was committed by good Christians.
</content>
</comment>
<comment>
<content>        
Hi, I'm English and I live in the north west of England. 
 
Pakistani Muslims have been grooming and sexually assaulting children in every city and town in which there is a Pakistani population. I have on many many occasion watched Pakistani Muslim men drive up to 13 year old white girls at bus stops in broad daylight and attempt to get these school children's phone numbers. The first time I noticed this was back in 1999. 
 
The police, social services and Politicians know the scale and impact this is having on children.  
They're systematically sweeping it under the rug to avoid racial tension. 
 
Bradford, Birmingham, Blackburn, Rotherham, Leeds all of these are connected by an on going Asian peadophile ring. The police have done nothing and will do nothing. It still exists and operates today. 
 
Want to report the entire network, simple sit outside any Pakistani take away with kids known to wander the streets. You'll find them all.
</content>
</comment>
<comment>
<content>        
So has the Catholic Church, for literally hundreds of years. I'm still waiting for us to arrest these paedophile rings and take the church to task over it and close them all down. They're clearly a hot bed for paedophiles, even the Pope admitted this.
</content>
</comment>
<comment>
<content>        
Infidel vs. apostate vs. atheist vs. sunni vs. shia vs. whabi vs. gimme-strength.  
 
Rachel, Islam is a 7th century nonsense tale about a talking arc angel with the good Jewish name "Gabriel" talking to a middle aged self confessed illiterate, who claims to share, 2nd hand, the thoughts and sayings of a sky wizard. 
 
Rachel, try modernity before you die. It is so much better. 
</content>
</comment>
<comment>
<content>        
You don't seem to know much about the life of the man who over a billion people consider to be the ideal man. A 9yr old bride, two Jewish brides, one a recent widow, marrying his adopted son's wife, the thing with his aunt. Really very interesting and worth knowing.
</content>
</comment>
<comment>
<content>        
The real problem is that Saudi Arabia provides billions of dollars exporting their fascist Wahhabi version to the rest of the world in the form of free 'religious schools', masques, teachers, etc. 
In the name of religious freedom, can we have any limits on what is taught to children? 
Chances are if you have a masque in your community it was paid for by the Saudi's and will be teaching the children Wahhabi Islam Old School Style.
</content>
</comment>
<comment>
<content>        
I agree that the export of Wahhabi spreads a fundamentalist Islam in regions where it used to be more flexible and responsive to local culture. 
 
On the other hand, your claim that US mosques are built with Saudi money and align with Wahhabi needs documentation.
</content>
</comment>
<comment>
<content>        
There are very good jails available for these Muslims, practicing their traditional way of life. The UK must be willing to send all the previously and newly arrested people to these places in the US or Egypt, if the facilities do not exist in UK. They would be dead very quickly, within a few days.
</content>
</comment>
<comment>
<content>        
Absolutely disgusting, bent far enough and low enough to appease the Pakistani Muslim. The history of the British is to just side with Muslims anywhere in the world, and this is the result. If I was British I would be in full mode revolt
</content>
</comment>
<comment>
<content>        
We have freedom of religion. Do we still have freedom of speech? 
Is it intolerant to speak out against the intolerant? 
Is it child abuse to teach children certain things? 
Look up "Free Saudi Textbooks"
</content>
</comment>
<comment>
<content>        
The PC answer is to COEXIST,  
All cultures are equally beautiful and all religions are the same. In the UK almost no mention of religion or culture is made when reporting on this story.  
I urge everyone to learn about Islam. What is happening in the world today is much like the profits life story. Truly Aisha the profits 9 year old wife might have a different view of this story. 
Or bury your head in the sand and refuse to have tough discussions because someone would surely be offended by them.
</content>
</comment>
<comment>
<content>        
These are Pakistanis 
Rotherham is not the only town to be infested with these Muslims degenerates in the UK 
Sexual grooming off native British girls is a norm with these people 
They look upon the native population as some form of 'lower caste' 
They don't dare do this with Pakistani girls- they or their daughters would be murdered by the parents or relatives and then back to Pakistan to hid (with honor!!) 
They are a scourge to civilized society 
Be warned. 
Sweden too has similar problems
</content>
</comment>
<comment>
<content>        
Yes, your rights as a non-believer are not the same:  
A Kafir is a non-believer, an infidel, or an ingrate to the Islamic faith. A Dhimmi is alway a Kafir. But a Kafir is not always a Dhimmi.  
From Wiki: In the Islamic doctrinal sense, the term refers to a person who does not recognize God (Allah) or the prophethood of Muhammad (i.e., any non-Muslim) or who hides, denies, or covers the "truth". The Quran also uses the word for Muslims; in Sura 2 Verse 256, it asks them to take upon themselves the action of "Kofr" of all unjust idols, persons or powers. 
 
It is usually translated into English as "unbeliever" "ungrateful" or "obliterator." In recent times, the term is seen as derogatory, which is why some Muslim scholars discourage its use and suggest the term "non-Muslim" instead.[1] 
 
A Dhimmi is a person who is a non-Muslim in a Muslim dominated society. Dhimmi is the subordinate legal status given to the kafir to "protect" him. Why is protection needed? Because Muslims are called upon to kill infidels as the general rule. The creation of the Dhimmi status was a way to offer protection to the infidel in exchange for fees or taxes, and a reduced level of cultural benefits or freedoms, like voting. If you are an infidel, it is a good idea to be a Dhimmi in a Muslim culture. Without being a Dhimmi you would be in violation of the rules, and the "other" option would be on the table, so to speak. 
</content>
</comment>
<comment>
<content>        
my opinion is that any religious group that authorizes you to murder is nothing but a cult. 
 
it could be a small group 5 or 10. or 100. or 1000. killing is still killing and murder is still murder.
</content>
</comment>
<comment>
<content>        
c
</content>
</comment>
<comment>
<content>        
c
</content>
</comment>
<comment>
<content>        
c
</content>
</comment>
<comment>
<content>        
c
</content>
</comment>
<comment>
<content>        
c
</content>
</comment>
<comment>
<content>        
c
</content>
</comment>
</comments>
