<comments>
<topic id = "Raw-Topic-30" category = "6" />
<doc id="Raw-Topic-30_02" />
<comment>
<content>        
The police knew and did nothing, so as not to offend the muslem community, who were the perpetrators. Happens a lot in Britain. Criticizing islam community is frowned upon as racist, even as they rape little girls.
</content>
</comment>
<comment>
<content>        
How is it that they would differ from the baptists, catholics, satanists, methodists, etc. Happens a lot in the UK, Busting priests for the same thing against little boys. Such a hypocrite, look to home before you judge any other religion. Sheesh!
</content>
</comment>
<comment>
<content>        
Can you tell us the name of one town in England, population around 250,000, where the Christian men collectively abused over 1,400 children over the last 16 years? What town did you say? I can't hear you. 1,400 abused children in 16 years is not one or two isolated incidents by one or two pedophiles.
</content>
</comment>
<comment>
<content>        
The demographics of Rotherham, England show 1.1% of the population is Pakistani. That equates to a Pakistani population of approximately 2,573 (1.1%*257,280~2,573) perpetrating as many as 1,400 acts of sexual abuse over the 16 year period which is significantly greater than your 1/5000/year figure. It's about 1/29/year. Certainly many of the acts would be repeated again and again on the same victims perhaps for years.
</content>
</comment>
<comment>
<content>        
The police aided these abusers. Are the police in Rotherham also Islamic? If not, then I would name the town of Rotherham as a place where white men, who were most likely Christians, collectively abused over 1,400 children over the last 16 years.
</content>
</comment>
<comment>
<content>        
The report does not say the majority of abusers were white policemen nor does it even say any of the abusers were white policemen. They did shamefully turn their heads and allow the abuses to happen. Do we blame everyone in Chicago because three teens were killed yesterday on the south side by gun violence and no one prevented it? I don't think so. You blame those that pulled the trigger.
</content>
</comment>
<comment>
<content>        
A catholic priest is one person with a problem. A whole community of men with the same perverted belief system is a whale of a different story.
</content>
</comment>
<comment>
<content>        
This is what happens when abuse of women is required by an evil cult or "religion", such as Islam. Abused mutilated mothers raise resentful men filled with hatred of women, and ready to kill themselves and others. The superstition and abuse is required by the ruling Salafis in the Gulf, like Saudi Arabia, UAE, and Qatar, as the result is an endless supply of suicide soldiers.
</content>
</comment>
<comment>
<content>        
Where are the Catholic extremists? Where do Catholics preach world dominance, where do catholics preach to exterminate jews and israel? Where do catholics mutilate womens genitals for the hell of it? Which catholic church trains kids as soldiers? Which catholic church trains terrorists to kill innocent people? Exactly moron!!!!!
</content>
</comment>
<comment>
<content>        
Just one thing. Most of your arguments are valid, but I would like to point out that the genital mutilation thing is not found in most Muslim nations. It is purely an African cultural thing.
</content>
</comment>
<comment>
<content>        
FGM occurs right across the ME and SE Asia. It just happens to be especially prevalent in certain communities and the true rate in each country is not known, according to UNICEF 2013. This includes within immigrant communities in Western Europe and North America. It is purely a Muslim thing.
</content>
</comment>
<comment>
<content>        
See the movie, "The Stoning of Soroya." You'll learn about the torture of women for no other reason than that they are women. Who gives a damn if it is cultural or religious? Oh, and I haven't even mentioned the gd honor killings. Patriarchal religions are the cause of all female suffering. Seriously.
</content>
</comment>
<comment>
<content>        
Hyobu Kyosuke That does not change a thing - once you adopt such it belongs to you. Slave trade did not start in America, but once employed by us it was our burden to overcome.
</content>
</comment>
<comment>
<content>        
Where to begin....catholic extremists are much more secretive about their interest in exterminating people. When they turned boat-loads of jews to be returned to Germany because no religions would "sponsor them." It's 2014 and women still don't have reproductive freedom. It would make them too hard to control, yeah.....to much gd power.The catlicks also train boys to be soldiers with all that power, glory, honor, gag so that they can go to countries with so many doors to knock down, corpses to piss on and 30 million lives to fuke over. You need to read more Joe Schnultz.
</content>
</comment>
<comment>
<content>        
I agree it sounds like as excuse period and is intelletually dishonest. Once intellectual honesty is gone no amount of discussion will arrive at rational or honest thought.
</content>
</comment>
<comment>
<content>        
Such non-sense of a reply. The treatment of women or children under Cathocism is not remotely the same as Islamic cultures - having said that Islam is an improvement on what were cultures prior to Islam. That does not make your post anymore rational or honest.
</content>
</comment>
<comment>
<content>        
Ugh. If you don't see the difference between pedophilia (which is absolutely horrendous) and gang rape, torture and forced prostitution (which is unspeakably worse), then you cannot be helped.
</content>
</comment>
<comment>
<content>        
You're splitting hairs between these? Grown men buggering little boys isn't rape and torture? Passing boys around between groups of priests isn't prostitution? I can't be helped? You're as bad as the cops who did nothing!
</content>
</comment>
<comment>
<content>        
potrzeble You are emotional and irrational. The magnitude of one problem is not equal to the other and is not a justification of the other injustice. Deal with the issue and find another to appear excessively pios.
</content>
</comment>
<comment>
<content>        
Death penalty is too good for these Muslim scum. Shooting them through the head is called for certainly. But if left to rot in jail, there should never be a chance of parole. There are jails where the other inmates would kill them, and that is the best place for them. The ones already jailed need to be killed as well, transferring to the correct prison environment might get this important job done. Everyone involved, no matter how long ago, should be hunted down and put to death in this manner. Now you see what happens when you allow your traditional culture to be infiltrated by a mind-numbing satanic cult.
</content>
</comment>
<comment>
<content>        
Spoken like a true southern baptist, ya xenophobe! Your obtuse suggestions demanded repeatedly makes you one dumb racist. Your problem is that you're dull. ferchrissakes!
</content>
</comment>
<comment>
<content>        
He sounds like a racist and you sound even more like a liberal idiot...and that's coming from a liberal progressive. LOL
</content>
</comment>
<comment>
<content>        
Its a shame the Brit leadership in that town weren't southern baptist xenophobes instead of liberal-multiculturalist infested idiots.
</content>
</comment>
<comment>
<content>        
This is very similar to the way the Catholic Church allowed pedophile priests to continue to sexually abuse children for decades, and perhaps even centuries.
</content>
</comment>
<comment>
<content>        
And the catholic church has paid dearly for it and will continue to in many ways- but there is NO comparison of any other religion to this alleged one called Islam.
</content>
</comment>
<comment>
<content>        
Now joe, there you go again, it's one thing to have a backward opinion and quite another to resist knowledge. This is the sum total of your useless existence....
</content>
</comment>
<comment>
<content>        
Typically in Britain, the worst of these cretins will get, compared to most other nations, a profoundly lenient sentence and be back about their sick, twisted habits in no time at all.
</content>
</comment>
<comment>
<content>        
So Pakistan produces pedophiles and India has a culture of gang rape. The next time these two start getting in each other's faces, the world should just sit back and let it escalate until the nukes fly. Let God sort 'em out.
</content>
</comment>
<comment>
<content>        
Judging from the Indian article I read a year or two about Western condoms slipping off because they are too roomy, could explain the Pakistani focus on children in England. (they are hung like cocktail sausages, so they need a tighter fit?)
</content>
</comment>
<comment>
<content>        
The mainstream press/propaganda machine is acting like this is some great revelation! This is a case where PC extremist show their true colors ... better to let children be raped so you wont be called racist. The real reason I am commenting at all is the absurdity that the press is acting like this is a revelation ... this issue has been discussed on many online forums, wondering if, or when, the UK government would protect these children. The UK government blew off groups trying to get them to act as fanatics or racist. The UK maybe the first example of a 'post first world' country.
</content>
</comment>
<comment>
<content>        
For those wanting to compare the Catholic Church to Islam there's only one conclusion. They're both evil, sick and perverted when things like this happen. Time to string up the local council too.
</content>
</comment>
<comment>
<content>        
Gutless leaders in Britain. If the leadership in Norway is like that, it might explain why Anders Breivik was radicalized to the point of doing what he did. (i.e. frustration with morons)
</content>
</comment>
<comment>
<content>        
Different cultural norms. Do we really respect cultural diversity? or only when it fits within our narrow definitions of "moral" or, as we often call it, "self-evident" humanity?
</content>
</comment>
<comment>
<content>        
You're thinking too much and reading terms too literally.

"Multicultural" and "cultural diversity" are just code words for the hatred of white men. They have very little to do with what ACTUALLY happens in other cultures.
</content>
</comment>
<comment>
<content>        
Have you ever noticed the amount of skin other than face and hands shown by men and women on TV news, for example? Men are collared, leashed (ties), shorn, and in grey while women are free, uncollared, unleashed, with flowing tresses and clothed in colors of beauty. Our duty is to serve the freedom of women, bring them more bling to accentuate their beauty, which we often can't resist.
</content>
</comment>
<comment>
<content>        
This
crime of under age child sex is at least as serious a problem in New Zealand,
where authorities gag the innocent family members of the under age child sex
victim. Members of child sex gangs such as the Roast Buster gang and the St
John Ambulance gang are free to prey on under age victims with no fear of
consequences from authorities.
</content>
</comment>
<comment>
<content>        
"Muslims react with outrage". So...just like any other day, right? But where is their outrage directed? At the abuse of these 1400 girls? Oh, no. At anyone who has the nerve to discuss it. What will we get, more beheadings in the street?
</content>
</comment>
<comment>
<content>        
Well its true, not all muslims are paedophiles, this single, solitary, lone muslim has come forward to condemn this abuse:Out of at least 5 million, lol.
</content>
</comment>
<comment>
<content>        
Lying Pakistanis, you can't pull the wool over our eyes any longer. One muslim out of millions, lololol. BS. I bet this guy was helping his relatives groom a lot of the kids. You can't trust muslims in positions of authority, esp not where children are concerned.
</content>
</comment>
<comment>
<content>        
What has happened to England? How can a community become so corrupted and have such lack of common sense? this is never heard of thus far... this is unbelievable...in England? in Europe? 2014? When the corrupted and perverted side of a community is exposed, the founder of Rotherham Muslim Group 'condemn' what has happened. That is 16 years to late. They should have condemnand dealt with this within the community long time ago. It is very hard to believe they did not know anything about what was going on. They are as much responsible for not dealing with a corrupted and perverted part of their community as well as the social workers and the police.
</content>
</comment>
<comment>
<content>        
Israel and Jews will inevitably be blamed - this time for somehow "provoking" the Muslim appetite for underage white girls in Britain. As usual, I cannot think of any connection but there always comes another exuberant leap of the Islamic faith.
</content>
</comment>
<comment>
<content>        
almost every single "gay" male has molested a child. NO-ONE ever dares say anything about it nation-wide in America, and that's who the trolls are here. they sh*t 
on children, everyone knows it, but don't want to appear bigoted. remember that 
when you read what the trolls post below. given an opportunity, they take it. over 99%.
</content>
</comment>
<comment>
<content>        
These mass child exploitation rings, stranger child abduction crimes, child / adult slavery, and human trafficking crimes are so damaging to child welfare, childhood innocence, society's social fabric, social order, social trust, the public pocketbook, and ultimately, to nation-state integrity and order, that they should be categorized as acts of sexual and social terrorism. They should be treated as crimes against national security as well as crimes against humanity, and they should be capital crimes. If a state has no capital criminal punishment because they are too indecisive to protect the community, then each case should be handled by military counter-terrorist units once a quantum of evidence is reached, not the socialist, PC-criminal justice process. Offenders in these rings should not have one dollar of correctional system tax dollars spent on them. The price of one counter-terror military action, and one bullet, should be all we pay to dispatch with offenders.

As for public officials who knowingly protected, participated, or actively took bribes to ignore the criminal network, how is this different from what Boko-Haram does? Protecting the slavery of children held against a level of consent children are not old enough to even realize they've lost?
</content>
</comment>
<comment>
<content>        
These officials should be flogged and hung in the public square. Gutless wonders. Afraid to do their job? This is truly amazing. This world is finished. The end of the road. thank God.
</content>
</comment>
</comments>
