<comments>
<topic id = "Raw-Topic-30" category = "6" />
<doc id="Raw-Topic-30_01" />
<comment>
<content>        
Coward Media, why don't you identify them correctly as MUSLIM rape gangs? - are you so scared of Muslims that you have to blame all Asians (Buddhist, Hindu, Sikh, Christian, Jewish) instead?
</content>
</comment>
<comment>
<content>        
Well done Allison good article, but what worries me as well as all this diabolical abuse and actual rape is the heart breaking testimony of the 24 year old today who saved all her clothing from when she was gang raped and other sexual abuses, handed it all to the police to be used in evidence against the perpetrators and the police 'LOST' it all. I wonder what is being lost right now right, right at this moment in time.
</content>
</comment>
<comment>
<content>        
Slavish adherence to political correctness distorted the decision making ability in Rotherham, so much that it was "better" to allow 1400 vulnerable children to be raped and brutalised than for the council, the police or social services to be accused of "racism". And this is just one Northern town, like Rotherham, ditto Rochdale, Derby, Peterborough, Oxford etc, it's almost unbelievable.

This cowardly sickness infests the establishment, our institutions and the MSM alike, with PC zealots salivating at imagined "thought crimes" and always ready to shout "racist!". This is a conditioned response they have learnt just like Pavlov's Dogs, it's a deeply sinister policy which has been deliberately implemented and enforced and it's rotting Britain inside out.

Allison, is right, Britain needs a leader, someone to stand up and say this terrible, negligence is a crime, a conspiracy of hundreds of professionals who "were afraid of being labelled racist". But no comment from Cameron? Surprise, surprise.

As Ed West said in his Spectator blog yesterday (comments allowed) this is no more an excuse than "I was only obeying orders". This has got to stop, NOW.
</content>
</comment>
<comment>
<content>        
It is actually racist to refer to these perpetrators as "Asian". They were actually Muslim. All of them. Every last one of them.

And to tar every Asian person with the same brush as the Muslim is racist in the extreme.
</content>
</comment>
<comment>
<content>        
I believe this country is suffering from a mental disorder with delusions so powerful that no one knows how to break free.We are in free fall, unable to stop the changes that are destroying society.Unless there is a massive effort to regain sanity through facing up to the problems with honesty and courage episodes such as the abandoning of children to rapist predators will become the norm.We are heading for hell on earth.
</content>
</comment>
<comment>
<content>        
A brave article, but one thing that strikes me as absent from comment on this whole disgusting and sorry affair is how badly the white working class have been treated in this country. From being 'cleared' from their 'slums' in the 60's and 70's and forced to live in tower blocks, thereby breaking up their communities, to watching their own communities and culture being decimated while 'community centers' appeared in their neighborhoods dedicated to any community but their own. It doesn't surprise me in the least that working class white girls were treated with contempt by the police, the working class white community has been treated with contempt by every arm of British government, from local to national, in the last 50 years. Savvy immigrants worked this out and exploited it, with this being the worst kind of exploitation imaginable. If they'd been middle class girls, not in care, people who someone gave a toss about, racism or no it wouldn't have been left alone.
</content>
</comment>
<comment>
<content>        
Back in 2008, there was the sex-traffiking gang at work in Rochdale, The perpetrators were all Pakistanis - Nothing was being done, none of the victims were allowed to be heard mainly becuse of the racism card. The Pakistani community cried foul - don't tarnish us all with the same brush. Well, it's happened again. When will we wake up and realise that the muslim community, no matter how they want to portray themselves, their self-styled image is a far cry to what's happening in reality - across the board, and not just heinous activities such as this.
</content>
</comment>
<comment>
<content>        
I remember watching a BBC's Question Time about 18 months ago after one of these court cases involving about 12 Pakistanis. The Labour mong on the panel (I think it was Abbott) and the planted audience members were actually managing to sell the idea that this was not a cultural issue, but that any adult male could be involved. That of course is a possibility, but the facts show that only one culture has ever been involved en mass. Who ever the Labour mong was should be made to apologise for trying to influence the viewers incorrectly. After all, these people are public servants, and people will take notice of what they say.
</content>
</comment>
<comment>
<content>        
I saw this so called CEO of Barnados squirming when interrogated by Eammon Holmes on Sky News. Javed Khan should resign as CEO of Barnados forthwith along with the many people who ignored this evil and did nothing.
</content>
</comment>
<comment>
<content>        
The racists are the Liblabcon politicians and the state bureaucracy who let a million immigrants come into Britain each year and tell them to celebrate their own cultures whilst ignoring British culture and attitudes.
</content>
</comment>
<comment>
<content>        
Rotherham Council...the same Council who removed Roma children from foster carers who, because they were UKIP members, were deemed unsuitable carers for needy children. 
.
Rotherham Council thinking themselves high and mighty with their skewed thinking ignore their own young girls, many who had been taken by Social Services from what were considered unsuitable environments and then handed on a plate to muslim sex fiends.
.
The people of Rotherham who built the town over many years with their own sweat and hard work have been let down disgracefully by Rotherham Council.
</content>
</comment>
<comment>
<content>        
This has got to be one of the most shameful episodes in our post war history. For the police and social services to allow young girls to be treated in that despicable fashion just beggars belief. One of the other things that has come out of this as a side issue is how far our freedom of speech has been eroded by laws brought in to protect people like these scum. All three online newspapers that I read have so obviously had their comments massively censored. Oh what a lovely multicultural community we live in.
</content>
</comment>
<comment>
<content>        
What an excellent article on this shocking and disgraceful subject - the best and most honest to date . Thank you Allison .

The total rottenness of the Institutionalised PC Labour Left is exposed for all to see - as for the police- what have we done to deserve such a disservice?

Labour's Rotten Heartland -will it really be sending Miliband to Downing Street so that the cover-ups and pc lies can begin all over again?

MacShane MP was known for his rants against 'racism' and the right and his vociferous support for continued mass immigration and the EU. So, although he admits not doing enough because he was a Liberal Lefty , he could actually be accused of consciously ignoring this disgusting, politically inconvenient behaviour among Muslim men. It is inconceivable that no 'rumours' of abuse on this massive scale reached him. After all silence in law is consent is it not?

Let us hope that the DT allows this excellent piece to stay open to comment - we need to discuss this and assess what it means for our country and our politics.

We may be at the threshold of a post-politically correct age, we can only hope!
</content>
</comment>
<comment>
<content>        
"The Labour Party, in particular, is mired in shame over "cultural sensitivity" in Rotherham." Well said, but you could substitute Rotherham for UK wide. Labour have consistently played the MacPherson card in order too recruit their constituents in Pakistan, and to shower them with "benefits".
</content>
</comment>
<comment>
<content>        
Well said Allison. It has needed saying badly for a very long time . The left and the liberals have set our society a most appalling problem. For the sake of future generations we need to get past this pernicious PC though control fast. The time for polite indecision was over some time ago. 
The whole political establishment is totally culpable. Let's be very clear about this. The little people in power in Rotherham, the police, the council officials and elected Councillors took their cues from central government, and the liberal establishment. I am not in any way excusing those local officials, but culpability, morally, goes straight to the top, and to left leaning politicos of the Labour Party, the Lib Dems and nowadays to the so called "Conservative" wets, which is most of the parliamentary party; the local officials thought that they were reflecting the PC preaching flowing from the Government, so they took the easy route for a quiet life. Any official or elected person who had spoken out clearly would have been hung out to dry, in the atmosphere of ultra PC mendacity that has ruled the roost until very recently, especially in the Labour controlled northern towns. The top people in Whitehall are ultimately to blame. The doctrine of multiculturalism must be totally buried now, forever. We need a decisive, although well thought through, change of direction. Border control and a strict immigration policy that takes in people of the type that will respect our culture is essential, and only one party is prepared to do that. Integration must be demanded as an essential prerequisite. We need change fast.
</content>
</comment>
<comment>
<content>        
Can't blame anyone but themselves when Anglos have the biggest welcome mat for rape-fested South Asian countries. Deleting this comment for the forth time is the reason this issue will continue.
</content>
</comment>
<comment>
<content>        
They may be but this has been going on under cover of establishment barriers for decades. Go here and type in the names of those you thought were stranger than normal I did 30 minutes ago I found two teachers and two neighbours on the Demon's List of Paedophiles on e a serial murderer

http://ukpaedos-exposed.com/

 and  Here

http://labour25.com/tag/paedop...
</content>
</comment>
<comment>
<content>        
New Labour congratulated themselves on the number of women Ministers and MPs in their government, yet they rolled over to this misogynistic race.

Where were you, Harriet Harperson and cohorts, while this happened?

And stop calling them Asians, they are not. They are Muslims. The majority of Asians from every other religious or non-religious group who emigrate here are educated, hard working, integrate into our society and contribute greatly to these islands in all aspects. Their women speak English and are not second class citizens dependant on their "men".
Wake up you miserable politicians. Time to care for your country.
</content>
</comment>
<comment>
<content>        
What's equally as repugnant as the noughties with the Labour PC years that allowed this to happen in the first place  and  racist ranters who promoted an environment for children to be abused, 1,400+  and  still counting systematically by Pakistani gangs ... is that those on the jobs that covered this up for a decade plus, refuse to 'go with their heads hanging low in shame!'.

Instead they stand there, 1400 child rapes later, excusing themselves  and  think a quick sorry will suffice. With attitudes like that, no wonder it was covered up for more than a decade.

Every single one of them should go  and  face criminal charges for being complicit in the covering up of child rape while in office, as well as being banned for life for ever working in a role where children are involved ever again.
</content>
</comment>
<comment>
<content>        
Mods.... why do you keep allowing writers to have comments threads when all the other ones on this subject have been closed down? I am betting this one won't last too long either. All seems a bit pointless if you don't want people to have their say.
</content>
</comment>
<comment>
<content>        
It's shocking that we have arrived at a point where high ranking officials charged with maintaining law and order, and defending the most vulnerable, can put the fear of being labeled racist above duty. This is a travesty and in truth those officials should do the honourable thing and resign voluntarily without having to be forced out if they have an ounce of saving face left.
</content>
</comment>
<comment>
<content>        
I agree with you, but the awful fact is that they saw their first duty, as doing the bidding of Government by defending the multiculturalism myth by covering up the truth ! So their duty became, becoming the servants not of the weak and oppressed, but of the aliens inserted into the community's midst - that's the real incredible shame !
</content>
</comment>
<comment>
<content>        
Well said. I would like to add, if I may, that to refer to the perpetrators as "Asian" is an insult to Hindu, Buddhist and other religious groups from the Indian sub-continent. These monsters were Muslims, every last one of them. Why not call them so? And they weren't "Islamists" either. Just Muslims.
</content>
</comment>
<comment>
<content>        
For fear of being branded a racist the politically correct elite and purveyors of mulit cultural extremism allowed this evil to fester right under their noses, and pounced with ideological zeal on anyone who raised a voice of concern The whole sorry mess manifests the complete failure of mult culturalism,
</content>
</comment>
<comment>
<content>        
i saw the corruption of the policing and courts. i did not see this was a politically motivated trend but a corruption of our legal system to enforce what is right to do. how could the law enforcement persons twist the given authority without any penalty? evil already exists in the what we called legal system to waive such misconducts. Charging these law breakers would be much harder than to charge those rapers. Open your eyes to see the true world.
</content>
</comment>
<comment>
<content>        
If anyone thinks that the exposure of the Pakistani rape gangs has silenced the usual suspects who try to muddy the waters by insisting that most paedophiles are white, then clearly they have never read the hate-filled comments in these threads posted by "Taminavalu".
</content>
</comment>
<comment>
<content>        
Who is the racist now?
The Liblabcon political elite and the liberal left.
Their anti British racism has shoved mass immigration and multiculturalism down our throats for decades.
Immigration is the greatest problem facing Britain.
</content>
</comment>
<comment>
<content>        
Well said. I would like to add, if I may, that to refer to the perpetrators as "Asian" is an insult to Hindu, Buddhist and other religious groups from the Indian sub-continent. These monsters were Muslims, every last one of them. Why not call them so?

And they weren't "Islamists" either. Just run-of-the-mill moderate Muslims.
</content>
</comment>
<comment>
<content>        
Lionised as 'brave' for such content, in these days, indeed.

It seems times have changed ..

Bradford, another Northern town not so far from Rochdale, was the focus of multicultural hysteria in the 1980's, when bravery came at profound cost. And how despicably prophetic that voice yet proves to be ..

I cannot help but wonder how much further, in this matter, might the voice of Ray Honeyford prove vindicated.
</content>
</comment>
<comment>
<content>        
And all the time the media have been targeting and rooting out the slightest bit of unPC comment from white folks, they find enough people to watch and listen for the unPC chanting at football grounds, they read through emails and texts, yet they turn a blind eye to these atrocities, we are not far off turning into pre-war Germany, only it will be the natives that are being persecuted.
</content>
</comment>
<comment>
<content>        
"junior jihadists spending their gap year massacring people in Iraq could be "reintegrated" into British society produced hoots of derision on social media and spilt tea across the breakfast tables of England. (Hands up anyone who wants the blighters back?)"

Well, from his whining about the threat to withdraw their citizenship your fellow columnist Dan Hodges should be putting his hand up ...
</content>
</comment>
<comment>
<content>        
Yes, i know.....but we know in the case of rape we know it is Pakistan and the sub continent. we know it is not other Asians but Cameron made his speech after staying iwth a Pakistani or Indian family in Birmingham.
</content>
</comment>
<comment>
<content>        
Well said Allison, and also your colleague Tim Stanley whose article is unable to accept comments ( I wonder why - DT censoring freedom of thought again ?).
As an ex public servant I find the "people" who were too interested in their own welfare to actually do the job we, the public, were paying them to do i.e. protect defenseless children - should be prosecuted.
As for the scumbag who says no-one will lose their jobs over this - words fail me, but i'd love to meet him one dark night, even if I am seventy.
</content>
</comment>
<comment>
<content>        
The entire Labour council should be booted out, and locked-up for negligence.. They take top salaries yet turn blind eyes for political purposes. These people have no morals or honour. People are not safe when Labour are in control. Look at what happened in the NHS. What has this country become? Why people vote for these political thugs is beyond me.
</content>
</comment>
<comment>
<content>        
Had the dubious pleasure of listening to a Mrs Balls aka Ms Cooper pontificating and calling for heads to roll in the light of the Rotherham abuse scandal.
She seemed to be totally oblivious to the fact that most if not all of the abuse happened when Labour were in power and was suppressed because of politically correct views which were the hallmark of that party.
If there were any racists during that period they were in the Labour Party. It was a party that discouraged any form of criticism of minority groups in case their feelings were offended . In the case of the Pakistani Muslims it was a fear of offending them even if wrong was done. In other words they were treated as a class of inferior people who had to be handled with kid gloves no matter what wrongs were perpetrated because they didn't know any better. That's a nasty form of racism.
I bet there are people within the Muslim community who are appalled by what has happened , and bemused by the fact that the abuse was not treated as criminal .
</content>
</comment>
<comment>
<content>        
The liberal left have "turned over the keys to the inmates" who now not only run the prisons, they run amok throughtout western civilizatition. The liberal left are in fact not courageous, they are rather cowards afraid to stand behind law and order, western democratic values and the rights of all those they should really be protecting.
</content>
</comment>
<comment>
<content>        
An American who has lived in Europe, Germany and France, for over 22 years now. Europe appears from my vantage point to be experiencing what the U.S. has for several decades now regards "political correctness", minorities "playing the race card", etc. Example, when the young man was shot in Ferguson a few weeks ago the headlines were "Afroamerican...blah, blah, blah" or "Young Black man gunned down by white cop...blah, blah, blah" Now regards the Afroamerican man who was killed in Syria fighting with ISIS, the headlines were "US Citizen killed in Syria...blah, blah, blah" His photo and bio (high school drop out, 9 arrests, jail times, etc.) spelled things out but the liberal left prefer to ask how could this be happening in America. Answer...they are myopic and blind by choice regards what has and is happening in America! As are their European conterparts.
</content>
</comment>
<comment>
<content>        
Hey a$$hole, I've lived in Europe for 22 years, am a naturalized French citizen, married to French women, have two Franco-American children, pay my taxes here, etc. and have probably generated more jobs in the EU including your "UK" via my companies than you, your mates, etc. etc. will ever hold. Given my assessmant of your intellectual capacities, if I generated one it would be too much!
</content>
</comment>
<comment>
<content>        
Think you need education, why not spend some time in my hometown Chicago? I'lll help get you a place at Cabrini Green https://www.youtube.com/watch?.... Don't worry, whitebread you won't need a return ticket.
</content>
</comment>
<comment>
<content>        
16 years takes you back to when? 1998.
Which party was in power in 1998? Labour?
Which party was in power from 1998-2010? Labour.
And since we 2010 we have not had a Tory Government we have had a coalition with heavy influence from the LibDems party of Cyril Smith.
Of the Pakistani men involved how many entered the country prior to 1998?
What was the make up of the local council in Rotherham between 1998 and today? Labour.
</content>
</comment>
<comment>
<content>        
I am concerned with the alacrity which comments were shut down today. Blogs of this nature provide a vital pressure relief valve for public anger especially as Government both Central and Local has with law enforcement been so negligent to the much maligned white working class.
Rapidly shutting down the vent will result in an explosion many may regret.
</content>
</comment>
<comment>
<content>        
Hopefully they will keep removing comments which will inflame the commenters into true action which will result in a personal karma visit for the perps. Anytime pedophiles suffer its good for mankind.
</content>
</comment>
<comment>
<content>        
How do we know the majority of pedophiles are white. If thousands of girls have been abused up and down the country by presumable thousands of Pakistani men. And nearly all of them have escaped prosecution,then it is clear that had the authorities done their jobs properly ,the conviction figures for pedophiles could be quite different.
</content>
</comment>
<comment>
<content>        
This isn't even 'paedophilia' which involves a sexual obsession with children -this is more like systematic sexual and physical abuse and the humiliation of young girls and women treated as property and vessels for the relief of sexual urges as a matter of collective 'cultural' practice! It is medieval! These men acted together with shared attitudes.
</content>
</comment>
<comment>
<content>        
The MSM and the "Establishment" now is getting ahead of the game in the damage being done by Political Correctness, with the Common Purpose in the vanguard of that corruption of common sense, who have heavily infiltrated the Police and Social Services. They will be slow to react, that is for sure, waking up from their long PC slumber.

Meanwhile, the citizenry, the majority of whom have been painfully only to aware of the damage being caused by PC, who are fed up with "way-cist" finger pointing at them from PC-ers and their fellow socialist travellers, have a clear choice...
They can stick with "the establishment" and hope that they really do wake up or vote for the only real alternative - UKIP.

UKIP's policies are clearly against political correctness, and continued mass immigration of low-skill people. While the party has kept its head down because of continual accusations of racism, the climate is now right for us to start campaigning against the damage that political correctness and faux-racist accusation has caused.
</content>
</comment>
<comment>
<content>        
I fear that by talking about this people will get upset.
Sweden is the rape capital of Europe not the UK.
See sweeden goes insane on youtube
</content>
</comment>
<comment>
<content>        
Just so the foreigner, Tamiflavu understands. The report stated that ALL but one of the abusers were A S I A N. What he claimed is a deliberate lie.
</content>
</comment>
<comment>
<content>        
The Chinese, Koreans, Japanese and so on should take to the streets in protest at being jointly slandered as "Asians". It is not racist to call Pakistani Muslims Pakistani Muslims.
</content>
</comment>
<comment>
<content>        
Nothing wrong with Indians. Spot the difference between the two countries after the 'partition' in 1946 one is progressive and getting more educated people and wealthier by the day and the other furthers it's destiny through it's religious beliefs.
</content>
</comment>
<comment>
<content>        
It really is unimportant if you are black, pink, yellow, green or blue. The law is present for a reason and it should be upheld regardless of religions or anything else. The disgrace here is that careers were put before looking after the interests of the abused young. That to me smacks of people who ought to take a long hard look in the mirror and resign. Their actions or lack of actions has caused needless suffering and scarred peoples lives.
</content>
</comment>
<comment>
<content>        
it was a shocking news to me as those Muslims could have done such evil and violence in such a legal society. I support this strong voice against those who dared and dare and will dare to commit such crime. Although this world is unfair to those suffered and/or died girls, evil for raping, soul polluting, and torturing of young heart with explicit raping onsite, and corrupted in law enforcement with failure and truth twisting, these evil doers will never escape the final judgement. As we all are moral beings first, there must be all-moral, all-righteous, and all-just One who will bring the true peace, true righteousness and fairness to all of us, including those died and suffered young girls. I believe it is coming and coming soon. 
We must stand together to against such evil. Our voice and faith in justice and fairness have weight in whom we truly are.</content>
</comment>
<comment>
<content>        
There will be many more I'll bet my home on it ! 
And all these problems are caused by effing arrogant usless politicians I reckon Farage will walk it at the next GE.
</content>
</comment>
<comment>
<content>        
The labour party allowed unfettered immigration for 13 non stop years to build it's voter base ! At one sage Blunkett was he MP in this area, said in public he had no idea how many people had come into the UK, No idea !
</content>
</comment>
<comment>
<content>        
Lefty PC is about as in fashion these days as a Blair!! these are the days of see it  and  say it as it is ... those that object out them in full glory!! ... no place for an abuser or supporter to hide ... not now!
</content>
</comment>
<comment>
<content>        
There is still no excuse for not acting, even if they were afraid of being called racists - there is such a thing as inverted racism.
</content>
</comment>
<comment>
<content>        
Those in authority who knew should be sacked. Those in social services and the Police who knew should be sacked. From top to bottom. The whole lot.
</content>
</comment>
<comment>
<content>        
Couldn't have put it more succinctly myself. Note they had to close the discussion forum on a related article. No point in being a keyboard warrior time for indigenous british, french and the rest of Europe to join together and insist no more to the destruction of our countries into an Islamic caliphate. Time to fight in the streets for our way of life, not entrust it to Cameron, clegg or milliband.
</content>
</comment>
</comments>
