<comments>
<topic id = "Raw-Topic-30" category = "6" />
<doc id="Raw-Topic-30_04" />
<comment>
<content>        
Bang on!
But also remember, because of the rapists connection to Pakistan, there's indeed an awful lot more culpability, helped by the reluctance of those in authority to acknowledge this connection.
</content>
</comment>
<comment>
<content>        
Those men who have escaped justice should be investigated for child abuse, there a lot of them who raped these children and escaped prosecution.
</content>
</comment>
<comment>
<content>        
Does The Guardian have a view about whether the failings in social work and policing are likely to be confined to Rotherham or are still happening in many other towns?
</content>
</comment>
<comment>
<content>        
Well if you look at Guardian/ Society there is ample evidence since before the Lamming / Baby P report that the Chief Executives and Leaders of Councils ( and the police) should be held to account. Polly Toynbee made the point about Every Child Matters and the Contact point Register being scrapped by the Tories. Social Work Full-Stop is in deep crisis
</content>
</comment>
<comment>
<content>        
Indeed, and had not the Guardian contributed to the hyper multikulti PC Stalinist culture then created the climate of fear of being labeled racist by white people?
This culture gave cover for these vile exploiters and in a way encouraged it.
There is also an issue of racism by these men towards these white "Kuffar" girls , we need to dace up to this just as we reject islamophobia.
</content>
</comment>
<comment>
<content>        
So "many of those who might have taken action feared the wider, societal consequences if they did." This is Third World thinking but what the hell, we're fast becoming the Third World having imported it.
</content>
</comment>
<comment>
<content>        
Oh so apparently the reason so many children and young people are sexually exploited and abused is because "many of those who might have taken action feared the wider, societal, consequences if they did."
WTF?
If you are saying that some people didn't take action simply because they thought they would be accused of racism, you need to provide some evidence. Maybe you could also explain away all the other cases of chid sexual abuse that have been unreported where accusations of racism were not an issue?
</content>
</comment>
<comment>
<content>        
It dilutes the anger a lot of people are feeling towards a larger group and thus takes some of the heat off the Pakistani community.
Lets face it: you would never hear "Europeans were responsible for the holocaust"
</content>
</comment>
<comment>
<content>        
Because some of them were of Kashmiri heritage - but if you think the Guardian ought to consider Kashmir to be part of Pakistan, you won't get any complaints from the Pakistan Embassy.
</content>
</comment>
<comment>
<content>        
Last time I looked (about 5 seconds ago), parts of Kashmir form part of India and other parts form part of Pakistan. It's therefore possible for someone to be 'of Kashmiri heritage' and Pakistani.
</content>
</comment>
<comment>
<content>        
Kashmir is disputed between India and Pakistan. Why start an off-topic argument with Indians when you can use a neutral word like "Asian"?
</content>
</comment>
<comment>
<content>        
They are not Japanese or South Korean or Vietnamese, they are not Hindu, Sikh or buddhist
They are Pakistani Muslims. If we can not bring ourselves to correctly identify those responsible then there is little chance that we have the stomach to fix it.
</content>
</comment>
<comment>
<content>        
until recently (I think when british muslims in Oxford were convicted of similar abuse) the Guardian would just wheel out one of their trusted hacks (anyone remember Joseph Harker) to say it was all nonsense and statistically more White males were abusing children than muslim males.
What happened to that defence? it had a certain political correctness about it.
</content>
</comment>
<comment>
<content>        
They're saving it up for future use maybe? Wonder what those stats would look like if they actually bothered prosecuting people who aren't white?
</content>
</comment>
<comment>
<content>        
Quite, but was dutifully regurgitated on the BBC today by a 'youth community leader' who then pointed out that it was racist to target Pakistanis to a unquestioning interviewer.. Vallely did his job.
</content>
</comment>
<comment>
<content>        
yes but thanks to the politically correct policing in Rotherham there was never much Chance of a Pakistani getting on the Register, that was as likely as Shaun Wright resigning.
</content>
</comment>
<comment>
<content>        
The scale of the abuse should not have come as a surprise to him because he and his colleagues on Rotherham Council and South Yorkshire Police were repeatedly told about the scale and the severity of the abuse from 2002 onwards. The council and the police failed to act and the abuse continued.
When he said that the scale of the abuse had come as a surprise to him he was lying.
</content>
</comment>
<comment>
<content>        
Who is resigning from the Guardian then?
How about the CiF editor whose first article on the subject was one saying we should be careful about racial stereotypes and got panned below the line.
</content>
</comment>
<comment>
<content>        
LOL at that. One black guy in America gets shot by a white policeman and it's all about race every day for a week, but when it's brown-on-white then forget the race aspect?
</content>
</comment>
<comment>
<content>        
Treating this as a Pakistani problem is as absurd as treating the Mafia as an Italian problem.
These were dehumanised gangs, with only as much regard for human life as the culture which spawned them. A mainstream culture which sexualises and objectifies pre-pubescent girls to sell consumer junk, and which still depicts women as sexual commodities has nothihng to learn from religious fundamentalists or gangsters about child abuse.
</content>
</comment>
<comment>
<content>        
So basically you are saying this is down to capitalism and not a backward culture that treats women as second class citizens and women outside the culture as bordering on subhuman?
Ok then.
</content>
</comment>
<comment>
<content>        
Big deal. What does that prove? How much more did these guys hate their victims (and themselves) than any other abuser?
The obscenity is the same, and dragging nationalisty into it only makes a stinking pond even filthier.
Pakistan is no more to blame for this than Australia is to blame for The Sun (the sleazy rag, not the life-giving star).
</content>
</comment>
<comment>
<content>        
I'm saying that psychotics are mainly made, not born. And those that are born that way are encouraged by our culture, not detected and saved.
Modern consumerist capitalism is a culture which 'treats women as second class citizens and women outside the culture as bordering on subhuman'. 
Even women who don't shave her armpits can be treated as less, rather than more human. The levels of body-dysmorphia and self-harm are a tribute to the esteem women are held in by Consumerism.
</content>
</comment>
<comment>
<content>        
So you think that this is a Pakistani problem.
How's that going to help stop it in future?
I hope you're not one of those hypocrities cynically exploiting child abuse as a cover for their Islamophobia. The kind that like fuelling hate so that things end up being put through letterboxes.
</content>
</comment>
<comment>
<content>        
Yes. It was Pakistanis who raped and terrorised over 1400 White women and goodness knows how many Pakistani women.
I hope you are not some sort of sad type who cannot realise the wrong being committed because they would rather someone died rather than a member of an ethnic minority gets prosecuted for a crime they have committed.
realising there is a problem in the Pakistani community will help them and others (like the Police and the PC Brigade) to deal with it.
</content>
</comment>
<comment>
<content>        
Ah yes because the culture of these Pakistani groups who committed these offenses is clearly based upon western consumer capitalism.
</content>
</comment>
<comment>
<content>        
That judgement could just as easily be laid at the door of the Guardian CiF mods who have stifled discussion and debate on this, and many other issues, whenever their was the possibility of muslim perpetrators being named as a group and held to account for criminal wrongdoing. 
It is not helpful to sweep it under the carpet in such patronising fashion as the officials in Rotherham have done. If nothing else it falsely creates suspicion against the whole Asian community.
</content>
</comment>
<comment>
<content>        
That quote shows just how the Guardian feel. Forget the truth, forget honesty. Labour's Muslim community must be protected. In the process children were abused and until it became too bad to hide protecting the guilty was more important that protecting the innocent.
I suggest that the Guardian staff need to think about this long and hard.
</content>
</comment>
<comment>
<content>        
In covering this case up, shouting "racist" at anyone who dared question the values of some members of the Muslim community and constantly banging on about the threat from the EDL, the Labour council in cahoots with this newspaper have probably boosted UKIP's vote immeasurably. You've also performed the rare feat of making Nick Griffin look like a prescient politician.
Well fucking played.
</content>
</comment>
<comment>
<content>        
maybe this is a subtle plot by the Guardian and the Labour Party to boost the UKIP and BNP votes and thus deny the Tories a majority? do the Labour Party and the Guardian do subtle?
</content>
</comment>
<comment>
<content>        
You could stick Heinrich Himmler in a keffiyeh and these lot would trot out an article claiming he was misunderstood. So no, probably not. Nice theory, though!
</content>
</comment>
<comment>
<content>        
Sensible discussion was shut down after Powell's speech in 1968 despite there being an overwhelming support among the population according to Opinion Polls taken at the time. It has been impossible to have a sensible debate without being labelled a racist ever since. 
Had he not made that speech perhaps things would be better now I just don't know but I do do know that being told what I must say and think doesn't work for me and I doubt it does for many. Yes an open discussion is going to ruffle some feathers but I would sooner that than another northern town finds that 1400 young girls have been raped.
</content>
</comment>
<comment>
<content>        
"In covering this case up, shouting "racist" at anyone who dared question the values of some members of the Muslim community and constantly banging on about the threat from the EDL, the Labour council in cahoots with this newspaper have probably boosted UKIP's vote immeasurably. You've also performed the rare feat of making Nick Griffin look like a prescient politician.
Well fucking played."

Indeed - the supreme irony.
The super smug, self-satisfied, mutually assuring circle-jerk that characterises the Guardian, Channel 4 and large sections of the BBC has been the biggest political gift that the Far Right could ever have dreamed of - do you think that's what they intended all along?
If it is then it's certainly working - by burying their head so very deep in bone-headed denial they are actually making fascism happen.
I wish I could give your post a million recommends.
</content>
</comment>
<comment>
<content>        
I've noticed that this newspaper always raises the spectre of the far right after such outrages; the first piece on CiF after Lee Rigby's murder was worrying about a possible reaction from the EDL, and we've been subjected to the same "don't be racist" articles in the light of the Rotherham report. 
I can only assume that many of the journalists working for this newspaper think we're a bunch of nasty fascists. Ironic, as many of those who they seek to "protect" fit that description rather better.
</content>
</comment>
<comment>
<content>        
An improvement on everything about the issue the Guardian has produced so far. The Guardian should run training courses on anger management. They have discovered a new talent.
</content>
</comment>
<comment>
<content>        
There is clearly a problem with racism in the Pakistani community.
If i said there was a racist problem within the white community everyone would agree, so why are people so reluctant to admit that there is a racism problem within the Pakistani community?
Saying that these girls just happened to be white and the rapists just happened to be Pakistani stretches the boundaries of logic so far that i fear this denial will turn angry ( rightfully so ) white people towards extremist organisations.
</content>
</comment>
<comment>
<content>        
It was about opportunity not ethnicity.
Young Pakistani girls, for a variety of social reasons, were simply not to be found on the streets, in quite the same way, left to their own devices and not being cared for.
Had they been, we can be pretty sure they would have been equally targeted.
</content>
</comment>
<comment>
<content>        
So, this is the official Guardian view - has to be because (in theory) the Editor wrote it.
The Guardian choose which journalists to pay to write articles and then publish them. So why get Paul Vallely to write his article? It gave the overwhelming impression that identifying those official who had NOT done their jobs properly was wrong, instead concentrate on the children. Until we (you know us, the people whose taxes pay for those officials and who expect them to do their jobs properly) have confidence that the children will be properly cared for asking us to just concentrate on them is wrong.
The report made it plain. Social Workers WERE reporting their concerns but senior managers and some in the Police refused to listen. It is the senior managers and Police concerned that need to be investigated and, if necessary, disciplined. Maybe even prosecuted.
Be honest. It was some men of Pakistani origin who were responsible for this. Don't try to smear all Asians with this.
</content>
</comment>
<comment>
<content>        
Hi, Guardian.
Remember this?
'The absence of such a legal safeguard ensures that Griffin and his ilk can dress their virulent racism and xenophobia in the guise of legitimate concerns over the influence of Islam in this country. They should not be allowed this loophole.'
http://www.theguardian.com/commentisfree/2006/nov/10/ataleoftwotrials
'in the guise of legitimate concerns'?!
It bloody well was a legitimate concern but rather than pick up on it, you went off on a 'racist' rant.
How about some, even begrudging, acknowledgment, that he, like the proverbial broken clock, was right on this point? Two Leeds juries knew he was. ;)
</content>
</comment>
<comment>
<content>        
They clearly don't believe that, or understand what it is, they've done wrong.
After thirteen years of Labour (more in Rotherham), we're stuck with a public sector with a prevailing culture, the left wing blob, that prefers to measure itself by its ethical, PC and diversity credentials to such an extent it fails to see the wood for the trees.
Then, in a way that is utterly self-righteous and sanctimonious because it's been based upon the credentials of lots of 'we know best' left wing degrees, in made up social engineering subjects, devoid of any resemblance to common sense.
</content>
</comment>
<comment>
<content>        
I can tell you from personal experience that Essex County Council, that proud bastion of socialist thinking, is just as obsessed with 'it's ethical, PC and diversity credentials'.
It's not like tolerating child abuse is a left-wing ideal, chap.
</content>
</comment>
<comment>
<content>        
I can almost feel the Guardian's shaking nerves as they cover this issue.
Their default position of calling everyone "racist", shouting down fair minded people who dare to point out facts, suddenly seems outmoded and deeply inappropriate.
</content>
</comment>
<comment>
<content>        
The men who abused these girls, regardless of creed or colour, should have their day in court. Names are known and justice should be done. Future abusers, maybe would think twice.
</content>
</comment>
<comment>
<content>        
Unfortunately they won't be in the dock with them, because they almost certainly broke no law.
Unbelievably, it is not a legal obligation in Britain (except Northern Ireland) for a professional working with children to report child abuse concerns. for example, a head teacher could know that one of his pupils has been raped on school premises by a member of staff, but has no legal obligation to report anything to anybody.
Many people find this chocking and impossible to believe. But it is true. Don't just take my word for it, the NSPCC has a description of the current legal situation on its website. Child abuse reporting requirements for professionals
There are no specific mandatory regulations in the UK requiring professionals to report suspicions about child abuse to the authorities.
</content>
</comment>
<comment>
<content>        
The focus of both editorial and comments so far have been about punishing the perpetrators and the officials who failed in their duty. What about focusing on the victims and, where they can be identified, giving then substantial financial compensation and support to improve their lot? That would be worth taxpayers money in my book.
</content>
</comment>
<comment>
<content>        
What about making awards against the personal finances of those who could have stopped it and didn't. That would have a bigger effect of future decisions that such people make.
</content>
</comment>
<comment>
<content>        
I agree the victims need compensation, but they also need to see justice being done, and that means these men must be punished, and where they aren't British citizens, or have dual citizenship, to be removed from the country permanently.
The way to keep society, and indeed its most vulnerable members safe, is to remove permanently those that threaten them.
If these men, should any be left in Britain, are not either imprisoned for a very long time, or thrown out of the country, then all this rather late outrage by the Guardianistas is less then useless.
Beyond that, it's time to strip the cloak of secrecy of these sequestered immigrant communities, to remove the self-proclaimed leaders from their positions, to force the light of day in, to give society what it demands as far as justice, and to give the silent sufferers still under the thrall of these evil monsters their chance to see those monsters removed.
</content>
</comment>
<comment>
<content>        
Isn't that an excuse?
And a particularly weak, pathetic excuse at that? "Our hands were tied, because Pakistani mini-cab drivers are above the law and it's more than my job's worth to prosecute such as they"?
Is it just as easy to break the speed limit, drive without MOT, park on double yellows etc. etc. if you're a Pakistani in Rotherham - or do you only escape prosecution for crimes that nobody can be arsed about?
</content>
</comment>
<comment>
	<content>        
Bureaucracy and piss poor scrutiny in the form of paper trails gutted cp social work years ago. Mid-level civil servant managers and their bosses, so far removed from front line, have strangled the service through mis-directed oversight, which is basically pointless and wasted time, but looks nice for ofsted.
Add institutionalised social workers who have internalised and accepted that 90% of your working week in front of a pc hacking out badly written and pointless reports is helping families and you have a service unable to change. This is generally not an issue as the powers that be and the general pop couldnt care less about poor families and their feral children so long as they are segregated.
Lots of hand ringing, racist and sensationalised headlines leading to more paperwork and less social work, look at munro, a limited attempt at addressing the issues with child protection, paid lip service to and then buried.
The uk people has the service dealing with vulnerable children it wants and deserves.
Offer a similar salary to any social worker dornother work and 99% will snatch your hand off.
</content>
</comment>
<comment>
<content>        
Well-meaning, in the context, but a very dangerous idea in the main. Why? Because taken to its logical conclusion, it leads to a society set up as a prison without bars, something (neo)cons and the hand-wringing left have been engineering for decades.
Don't get me wrong. Rotherham - and by extension the UK - failed.
But how far should we really go in protecting the vulnerable obese, for instance? How hard do we 'nudge' them?
How far should we go in protecting people from themselves?
</content>
</comment>
<comment>
<content>        
We're talking about protecting children, vulnerable young people, from predatory adults not a police state. It's a fairly easy distinction.
</content>
</comment>
<comment>
<content>        
What kind of prevention would work in this case, though? Do you go and tell poor and vulnerable white girls not to start relationships with young Pakistani men? What kind of money are the Libdems (team Guardian) in the coalition throwing at the problem?
</content>
</comment>
<comment>
<content>        
Once again, Rotherham shows us what's going wrong in the system C senior management, unaccountable to anyone but themselves, don't listen to frontline social services staff and refuse to accept responsibility or criticism when it all goes wrong. These local career politicians, the people who appoint themselves the top jobs with no experience or real interest in the portfolio areas, should be held responsible when oversight fails C it's the damn reason they have a job!
And once again, we see the Police refusing to believe victims, shift blame onto others and close ranks. How can the sexual exploitation of children not be a Police priority? How can heads not roll? Oh right, they don't answer to us and never have, that's how. Tim Farron even jumped into attacking Social Workers when the report clearly states font line staff constantly raised this with senior (ie Counsellors) management and got told to shut up but what was he going ot do, attack the good old boys in blue?
I've been out of the Social Services for nearly 5 years now and the stories are always the same C at the end of the day, councils and local authorities don't give a damn about children or the poor. They prefer the business of petty politics and personal gain. A plague on all their houses, every last one of them.
</content>
</comment>
<comment>
<content>        
This is starting to look very much like a Labour problem.
I have briefly worked in child protection and it is inconceivable that there are not the records to bring disciplinary proceedings against those that ignored the abuse.

Labour delendus est.
</content>
</comment>
<comment>
<content>        
Moose_Malloy You are absolutely right- the Political Class from Westminster to Local Government could not care a damn about "SAFE SYSTEMS" for vulnerable children. Its all a bureaucratic buck-passing exercise
</content>
</comment>
<comment>
<content>        
Population 250.000. So less than 8.000 Pakistani men, women and children. How many adult Pakistani men?
1400 victims, many subjected to gang rapes. Can we assume more perpetrators than victims?
</content>
</comment>
<comment>
<content>        
This is a horrible situation and the victims should be receiving the bulk of the initial concern.
I have very little understanding of regional configuration of law enforcement in the UK but in the US if there is a local breakdown like this they would temporarily hand over investigations to the state or federal level.
The two implicated institutions in Rotherham need a time out to regroup/reorganize or they will be unable to recover. Kind regards.
</content>
</comment>
<comment>
<content>        
I would just point out that when there is any reporting of child abuse or death then there is a public outcry for heads to roll, usually police and social workers.
I would ask why no one wants to castigate and punish the neighbours, friends and families of the children who are abused.
Neighbours and communities will always say that they knew something was wrong, but did not like to interfere..
A few years ago when |I worked as a child protection social worker, a child was murdered by their stepfather.
Social worker could not go into the area without protection, they were verbally and physically attacked
The neighbours all said they knew something was wrong, the child's own grandmother said she knew the guy hit the child, she had seen the bruises, but none of them had done a thing. There had been no referral to either children's services, the police or any agency working locally.
Yet these people where baying for the blood of those they saw as responsible and fail to recognise their own complicity in the abuse and death of a child.
In Rochdale, neighbours, family and friends of the abusers as well as the abused and the communities must have known that something was not right
Everyone has a duty to protect children, not just those in the public eye. And the media needs to recognise this and remove itself from the baying for blood
</content>
</comment>
<comment>
<content>        
The families went to the police in many cases (where the girls had families) and were rebuffed. The people paid to protect decided not to. That is why the police and social services must be called to account.
Turning a blind eye to suspicion of child rape, especially those paid to have a duty of care, is complicity. Those members of the police and social services who enabled brutal paedophile rape should face criminal charges.
</content>
</comment>
<comment>
<content>        
This is a very unfortunate editorial. More interesting in what it does not say than what it does. 
Why the Graund refuses to grapple with the main issue (to be fair, the laudatory mention of the estimable Andrew Norfolk does indicate a deeper recognition) is beyond me.
</content>
</comment>
<comment>
<content>        
it seems people on both sides use the race card - both are wrong.
It is not racist to investigate child abuse where there is reason to believe it is taking place. it is a neglect of duty to hide behind worries of the so called community reaction in such cases.
People are hiding behind the PC label and the papers are encouraging it by referring to PC cowards, it fits their agenda but doesn't do the kids we want to protect any good.
Jimmy Saville was of white male of christian heritage, as are most child abusers, but is never described as such. So why do we here of the Rotherham lot as being abusers of Pakistani heritage.
They are just vile abusers their race aka "heritage" should not be an issue.
</content>
</comment>
<comment>
<content>        
It sounds like you are suggesting some sort of "accountability" on the part of minorities apart from any existential grievances they may have!!
When did Rupert Murdoch get his grubby hands on this paper??
</content>
</comment>
</comments>
