<doc id="Raw-Topic-30_06"> 
<news_source>
The Telegraph
</news_source>

<date>
August 27, 2014
</date>

<author_source>         
</author_source>

<headline>
Shaun Wright resigns from Labour Party but refuses to quit as PCC
</headline>

<text>
<p>
South Yorkshire Police and Crime Commissioner Shaun Wright has resigned from the Labour Party after it threatened to suspend him over the Rotherham abuse scandal but has vowed to remain in his PCC role.
</p>
<p>
The Labour party called for him to resign as PCC and threatened to suspend him from the Party if he had not done so by the morning, however on his website Mr Wright refused to leave the role.
</p>
<p>
In a statement he said: "I formally tender my resignation from the Labour Party. However, I remain committed to, and intend to remain in, my role as an Independent Police and Crime Commissioner for South Yorkshire.
</p>
<p>
"I entered into public service over twenty years ago to make a positive difference. Protecting vulnerable people has been my number one priority as Police and Crime Commissioner for South Yorkshire. I have had to make the difficult decision to stand down from the Labour Party and it's with deep regret that I've come to that decision.
</p>
<p>
"I stand by my earlier comments that I've taken that experience to deliver a major transformation in the way South Yorkshire Police deals with horrific crimes such as child sexual exploitation, and much progress has been made since I was elected as Commissioner in terms of supporting victims, taking preventive action, increasing awareness of the issue and bringing criminals to justice. I was elected to deliver the people's policing and crime priorities in South Yorkshire and I intend to see that duty through by leading the force on that urgent, and fundamental, journey of improvement for the sake of past, present and potential victims, who are the most important people in all of this."
</p>
<p>
There is no power to remove him from his 85,000-a-year position as PCC.
</p>
<p>
On Newsnight Jack Domney, Shadow Minister for Home Affairs, called for powers to be introduced to allow the Government to remove PCC's from their positions.
</p>
<p>
Mr Wright was the council cabinet member responsible for children's services in Rotherham from 2005 to 2010, in the middle of a 16-year period when 1,400 youngsters suffered widescale sexual exploitation including gang rapes, grooming and trafficking.
</p>
<p>
Labour MP John Mann has written a letter to the Home Secretary Theresa May calling for multiple misconduct charges to be brought against those responsible.
</p>
<p>
He said: "Having looked at the misconduct law it clearly can apply in situations like this and the severity of the issue makes a misconduct in public office charge appropriate for those who sat on reports in the council and in the South Yorkshire police. Multiple charges need to be considered.
</p>
<p>
"As Shaun Wright is one who needs investigating I will be asking the Home Secretary to use another police force to investigate."
</p>
<p>
Mr Wright said he believed the report into the Rotherham child sexual exploitation scandal, by Professor Alexis Jay, should have gone further in naming officials responsible for the failings identified in the report.
</p>
<p>
Prof Jay has cast doubt on the assertion that Mr Wright did not know about what was happening in the town.
</p>
<p>
She said: "Part of my remit was to identify what information was available to key people in positions of influence throughout that time.
</p>
<p>
"And there was certainly a very great deal of information available from an early stage; indeed from at least 2001, both through a youth project which did outreach work with these young victims and children's social care.
</p>
<p>
"But also because there were at least three key reports which were made available to the agencies concerned whose conclusions couldn't have been clearer.
</p>
<p>
"Then finally members of the council had seminars organised at which the detail of the youth project and indeed some of the other material ... was included in that.
</p>
<p>
"Names of potential perpetrators, car registration numbers, a very great deal of detail. Really by April 2005, it seemed to me that nobody could say 'I didn't know'."
</p>
</text>
</doc>
