<doc id="Raw-Topic-30_09"> 
<news_source>
BBC News
</news_source>

<date>
August 28, 2014
</date>

<author_source>         
</author_source>

<headline>
Rotherham child abuse: Police commissioner quits Labour
</headline>

<text>
<p>
Under-pressure Shaun Wright has resigned from the Labour Party but has insisted he will remain police and crime commissioner for South Yorkshire.
</p>
<p>
Mr Wright has faced calls to step down after a report on child abuse in Rotherham, where he managed children's services between 2005 and 2010.
</p>
<p>
The report said at least 1,400 children were sexually exploited from 1997-2013, mainly by Pakistani-heritage gangs.
</p>
<p>
A Labour MP now wants a possible misconduct case against Mr Wright.
</p>
<p>
Meanwhile, former Rotherham council chief executive Mike Cuff has also said he had to "take my share of responsibility for the council's failure to prevent the appalling abuse which has been so clearly described in this independent report".
</p>
<p>
'Reiterate my apology'
</p>
<p>
In a statement, Mr Wright said he had "formally" tendered his resignation from the Labour Party.
</p>
<p>
But Mr Wright insisted he was the most appropriate person to hold the office of commissioner (PCC).
</p>
<p>
"I remain committed to, and intend to remain in, my role as an Independent Police and Crime Commissioner for South Yorkshire," he said.
</p>
<p>
"As a father, and a citizen of South Yorkshire, my thoughts are with the victims and their families and I reiterate my apology to them and take full responsibility for my part in the collective failures which took place at Rotherham Council during the time I was in office, and indeed to that end I resigned in 2010," he continued.
</p>
<p>
"I stand by my earlier comments that I've taken that experience to deliver a major transformation in the way South Yorkshire Police deals with horrific crimes such as child sexual exploitation, and much progress has been made since I was elected as commissioner in terms of supporting victims, taking preventive action, increasing awareness of the issue and bringing criminals to justice."
</p>
<p>
Position 'untenable'
</p>
<p>
Shadow policing minister Jack Dromey had earlier told the BBC Mr Wright would be suspended from the Labour Party if he had not resigned by Thursday morning.
</p>
<p>
Now Labour backbencher John Mann MP is to write to Home Secretary Theresa May asking for the police to investigate whether a case of misconduct in public office could be brought against Mr Wright and others involved in the allegations in Rotherham.
</p>
<p>
Mr Mann said the inquiry should not be carried out by South Yorkshire Police, but by another force.
</p>
<p>
Mrs May has said Mr Wright should "heed calls" to resign, though she stressed it was not her job to hire and fire PCCs.
</p>
<p>
"I think he has real questions to answer," she said.
</p>
<p>
Rotherham MP Sarah Champion has also called for Mr Wright's resignation, along with shadow home secretary Yvette Cooper, shadow chancellor Ed Balls and shadow welfare minister Chris Bryant.
</p>
<p>
Harry Harpham, chairman of South Yorkshire's police and crime panel, which scrutinises the work of the South Yorkshire PCC, told the BBC's Today programme Mr Wright's position had become "untenable" and he should go "at the earliest opportunity"
</p>
<p>
He said: "He can only be removed from office by resigning or unless he commits a criminal offence.
</p>
<p>
"We are not able to remove him, however, I will seek an urgent meeting with Shaun to let him know my position."
</p>
<p>
'On my watch'
</p>
<p>
Mr Cuff, who was the council's chief executive from 2004 to 2009, echoed Mr Wright's apology.
</p>
<p>
"It was on my watch that the organised abuse of young girls by a gang of Asian men came to light," he said.
</p>
<p>
"This led eventually to their conviction in 2010. I know that professional social workers and the police worked well together to support the abused girls and to secure the successful prosecution of their abusers. "
</p>
<p>
This "close co-operation" between agencies "holds the key to the effective protection of vulnerable young people in the future", he added.
</p>
<p>
The report, commissioned by the council, was published on Tuesday and revealed the massive level of abuse in Rotherham, mainly by Pakistani heritage criminal gangs.
</p>
<p>
The inquiry team noted fears among council staff of being labelled "racist" if they focused on victims' descriptions of the majority of abusers as "Asian" men.
</p>
<p>
Key findings of the report
</p>
<p>
Children as young as 11 were raped by multiple attackers, trafficked to other towns and cities in the north of England, abducted, beaten and intimidated.
</p>
<p>
The "collective failures" of political, police and social care leadership were "blatant" over the first 12 years covered by the inquiry.
</p>
<p>
Police were said to have given child sex exploitation no priority, regarding many child victims "with contempt" and failing to act on their abuse as a crime.
</p>
<p>
The majority of those behind the abuse were described as Asian, while the majority of the reported victims were young white girls. The inquiry team noted fears among council staff of being labelled "racist" if they focused on victims' descriptions of the majority of abusers as "Asian" men.
</p>
</text>
</doc>
