<topic id = "Raw-Topic-30" category = "6">
	<title>UK-Rotherham-1400-child-abuse-cases</title>
	<doc id="Raw-Topic-30_01" hasComment = "Y" />
	<doc id="Raw-Topic-30_02" hasComment = "Y" />  
	<doc id="Raw-Topic-30_03" hasComment = "Y" />  
	<doc id="Raw-Topic-30_04" hasComment = "Y" />
	<doc id="Raw-Topic-30_05" hasComment = "N" />
	<doc id="Raw-Topic-30_06" hasComment = "N" />
	<doc id="Raw-Topic-30_07" hasComment = "N" />
	<doc id="Raw-Topic-30_08" hasComment = "N" />
	<doc id="Raw-Topic-30_09" hasComment = "N" />
	<doc id="Raw-Topic-30_10" hasComment = "N" />
</topic>
