<?xml version="1.0" encoding="UTF-8"?>
<comments>
<topic id="Raw-Topic-43" category="3" />
<doc id="Raw-Topic-43_07"></doc>

<comment><content>
Just more of the same old technology in a slightly different format just waiting for the endless chain of meaningless upgrades being manufactured in slave labor sweatshops. 

Wake me up when the phone from Total Recall is a reality...
</content></comment>
<comment><content>
I understand Apple is coming out with a robot. 

It will be called the iNerd and will be able to go into any iStore and purchase iStuff with it's iCard, eliminating the need for us carbon based life forms, which currently buy all the new and glitzy iJunk they come up with. 

More iTrash to ship to China when it breaks.
</content></comment>
<comment><content>
First is why does even a rumor or unofficial report about anything Apple get published? 

Second Why when anything new by Samsung or Microsoft always have a comparison to an Apple product but Apple products reports are often void as in this case of any mention of similar devices already on the Market like Gear 2! 

Anyway Gear and Gear2 have not made much of an impact and I don't think Apple will either! 
The facts are that over the years there have been hundreds of attempts of making a watch more than a watch including radio watches, calculator watches, combo of both, etc.. and all they ended up being were novelties! 

Lest face it someone that can afford this toy is not going to wear it out to a business meeting or on an evening out, they most likely have a real watch of a good brand and would look like a fool showing up with this or any other such gadget on their wrist!
</content></comment>





</comments>
