<?xml version="1.0" encoding="UTF-8"?>
<comments>
<topic id="Raw-Topic-43" category="3" />
<doc id="Raw-Topic-43_01"></doc>

<comment><content>
The Samsung product looks gimpy/ Sigue Sigue Sputnik as do the artists' impressions of the Apple watch.

Maybe Cooky should have bought Sekonda or Tag Heuer rather than Beats Audio, and got into the aesthetics of horology. Maybe fashion a tourbillon that when you press a button, enables levitation.

C'mon Apple, surprise us!
</content></comment>
<comment><content>
I'm sure it will be very cool. I think it might look a bit like the nike fuelband and will almost replace a phone i suspect though no idea how you would make a phone call without some awful looking handsfree device...
</content></comment>
<comment><content>
well they have a history of making very good stuff just not much of it. I've always liked the idea of a watch as less pocket crap, but no way i would walk around with an ear piece though might look good if you are going for the Jack Bauer/secret agent look.
</content></comment>
<comment><content>
The Guardian has been telling up about the iWatch for years now.

You can only imagine the groans at news conference when some poor hack as to pitch "No, really - we think it is genuinely going to happen this time."

Since Guardian first suggested the iWatch - half Apple's competitors have released assorted wearable tech but still nada from Apple.
</content></comment>
<comment><content>
No, we in the technical press expect it too. We're just finding it hard to cling to the hope that it might be an actual watch that tells you more useful stuff than the time, as opposed to a plastic bracelet that tells everyone else what annoying people are doing in the gym.

</content></comment>
<comment><content>
Not so at all, the technical press have been reporting it for ages. Apple have been employing scientists and specialist technology experts in the sensor field for more than the last year, and the sapphire glass production facility is considered to potentially have capacity to produce enough glass for the iPhone 6 and the iWatch.
</content></comment>
<comment><content>
And none of them are any good.
It was the same with, oh let me see now, MP3 players, smartphones, tablets. And when Apple came through with theirs, everyone said "lame" until they used one.
</content></comment>
<comment><content>
The business model of selling overpriced but high design cult objects that require the user to buy content is kaput. You can't monopolize technology (remember Beta and IBM PC?) and Android is as good or better. Everybody opted for less expensive stuff that allows you to use your own content.
</content></comment>
<comment><content>
my thinking exactly

why would you get a smart watch that does less than your smart phone?

I think we are running out of human body parts that can benefit from digital gadgets

or maybe...

smart suppository anyone?
</content></comment>
<comment><content>
Yeah exactly what I thought (and still actually think) about the ipad.

Because its true - no one actually needs one, and they are ridonculously overpriced, underpowered, and underfunctional.

That's why you and I don't run tech companies: 'cause that shit sells.
</content></comment>
<comment><content>
Chances are the iWatch won't be that, but even if it is, I wouldn't be quite so quick to sneer.
The iPad, after all, was nothing more than an outsize iPod. Despite everyone knowing that at the outset, it sold by the truckload and opened up a huge new market segment which all Apple's competitors jumped into once they'd stopped laughing.
</content></comment>
<comment><content>
I actually want an iWatch. But probably not the one that Apple end up with, with pulse sensors and things.
My ideal iWatch does only this:
- tells the time
- interfaces with an iPhone to allow making and receiving calls
That's it.
</content></comment>
<comment><content>
Well, when talking about a 'company', use the singular. Plural when you're using the collective noun 'companies' when referring to more than one company in your sentence.
So to amend your comment -
</content></comment>
<comment><content>
Indeed, many have begun to turn off their phones except when needed, to avoid scanning and tracking intrusions. But who's going to turn off a wrist watch?
"Buddy, got the time on that thing?'
"Uh, no... Ask me tomorrow, I'm picking up a $6 Casio at the drugstore."
"Where will you wear it?"
"In my pocket."
</content></comment>
<comment><content>
So now couples at dinner in restaurants will be looking at their watches (and not talking) instead of their phones (and not talking). Sounds like most of my first dates.
</content></comment>
<comment><content>
Smartwatches won't take off in the way phones did for a number of reasons, not least because the wrist is a pretty crappy place to interact with, so you are consequently forced to rely hugely on peripherals - and all these devices have to be serviced by contemporary battery techonology which, if you hadn't noticed, still sucks. You can't even use a smartwatch as a music or media player, because routing earphone cables all the way up your arm on a daily basis is impractical (go ahead, try it), and again it'll be years until we have wireless earbuds with anything approaching reasonable battery life. Add to this the fact that you cannot share or pass around a device strapped to your wristthe highly conspicuous ace in the hole of smartphones and tabletsand you'll understand why wearables will remain niche for some time to come.
</content></comment>
<comment><content>
"why" well I have a pebble watch. And it has one killer application - when receiving a txt or news alert during a boring business meeting, you can check it just with a casual glance at your watch rather than very obviously pulling our a phone :-) Plus it's handy when out running.
</content></comment>
<comment><content>
I have a Pebble watch too and I rather like it. Not only does it pass on messages as you say, but it forecasts the weather and controls my music player. Not only that, at the press of a button, I can change the face to a smart designer style, or even Mickey Mouse!
</content></comment>
<comment><content>
I tend to have my phone on the desk in meetings (on mute, vibrate off) so when receiving a text or news alert I can check it with a casual glance.
</content></comment>
<comment><content>
Meanwhile... http://www.theregister.co.uk/2014/06/19/help_apple_have_soldered_my_motherboard_shut/
This single action encapsulates the complete dickishness of that company. From their crap being overpriced and underpowered, through their stupid toyland OS, the Chinese sweatshops (god knows they're not the only ones up to that carry on), through their walled garden of arse right the way up to their army of useful idiots who can be relied on to queue up and buy the latest micro iteration of Jesus Phone every time the cock formerly known as Steve Jobs cranks up the reality distortion field.
Yeah, I'm not a fan. Been a while since I posted an out and out rant about them though. Flame on, iTards.
</content></comment>
<comment><content>
I was a Windows diehard for 20 years until I bought an iMac. Boots in 22 seconds despite having masses of heavy end software installed and never crashes. It is lightening fast. My 3k Windows machine on the other hand still takes six minutes to boot, followed by the invariable update requests and reboots, so I am lucky if it only takes 3/4 hr to begin work. Never again. My productivity has doubled since switching to Mac, it's like stepping from an old banger into a Ferrari.
</content></comment>
<comment><content>
Apple does not innovate. They take something that has been built badly before (smart phone / tablet pc / smart watch) and recreate it to near perfection.
Can they pull it off again? Maybe...
</content></comment>
<comment><content>
What they SHOULD HAVE come out with is the SMART TV, but Samsung beat them to it, and well too, their top TV-WEB set is really smart and sharp. Excellent product.
</content></comment>
<comment><content>
Renewal cycle too long to make it worthwhile. Who in their right mind would spend  on a new telly just to replicate what you could do by plugging in Chromecast, Apple TV or the like for a fraction of the cost. Or just plug in a Playstation or Xbox that you might already own.
</content></comment>
<comment><content>
Until you have to charge it and find that, once again Apple's charging system doesn't work... (that's sarcasm for all the Apple products that continually die mid stream).
I admit I despise Apple, I lived in Cupertino once, the only good thing about that is all my friends still there whose homes have tripled in value and they will be retiring very nicely. For that, Thank you Apple. Anything else, pfft. Myfamily loves your products, they of course spend a lot of time fussing with the upgrades. I stand outside with Samsung, which I rarely fuss with and the charger, always works.
</content></comment>
<comment><content>
Only trying to help and it didn't take up that much of my day.
If you had said
"I imagine it charges wonderfully, like other Apple products"
That would have been sarcasm (as long as you didn't append it with a comment pointing out that it was sarcasm)
</content></comment>
<comment><content>
I like Apple. I only use Apple computer products, both at home and at work and I probably always will. But this doesn't really seem like a strong idea (same goes for Samsung et al). Unless they can fit some amazing bit of tech into the space (which seems unlikely) it's not going to be anything more than an expensive and lacking gadget. The tiny ipod mini touch didnt really work and that was about the same size
If they came bundled with the iphone then I could see the potential, but paying for one separately seems a waste.
</content></comment>
<comment><content>
Oh the Applers will buy it.
In fact, just the Apple logo on a wristband would probably sell for a tidy price. No need for a watch, just an opportunity to show love of the brand.
</content></comment>
<comment><content>
so... how big should the face be to really work? 3"? a bangle. but what about sleeves getting in the way?
jewelry, it's the latest innovation.
see, me barbie
hmm, you ken
we love
</content></comment>
<comment><content>
Ok first of all apple is never the first to enter a market in 2006 Steve jobs said apple will make a PDA or carrier device also I can't that you are claiming that apple still needs to innovate against Samsung while I agree constant vigilance is necessary, did you watch WWDC14? Floods of features for end users and developers that only power users dreamed of when Scott forestall was in charge is ridiculous. Also the reason why the guardian keeps reporting on it is because a completely new product such as the I watch takes years to develop. The guardian probably different things as this product is being prototyped and developed and the guardian is picking bits along as this is happening
</content></comment>
<comment><content>
This has GoogleGlass written all over it. Not only it'll be pretty useless but you'll have to hide it well under your sleeve so that people won't laugh at you.
</content></comment>
<comment><content>
Healthcare is probably a good market for Apple to innovate in (as was music) and suddenly gives the smart watch some rationale.
Apple have advantage over the android ecosystem in the simplicity of their interface and the relative robustness if their OS - key requirements for B2B procurement decisions.
</content></comment>
<comment><content>
The Guardian has been telling us the Apple Smartwatch is coming for what...3 years now?
Yet Gene Munster gets derided in these pages for insisting the Apple TV is just around the corner.
</content></comment>
<comment><content>
In light of Apple's influence in the markets they enter that's a pretty crap comment. Can't see an iWatch catching hold myself, and I hope it's just a rumour, but iPods, iPads, iMacs etc have proved themselves way beyond gimmickry.
</content></comment>
<comment><content>
Here we go again.
"a source said". Let's all second guess what Apple will do. After all, the "sources" have been so accurate in the past.
Having looked at the Apple store revamp and noticed how many wearable health gadgets are being plugged, it makes me wonder why they would try to enter such a market with a product that is so underwhelming in concept and functionality. 
Undoubtedly there will be customers that will buy it but I suggest they will be treated with the same contempt that google glass wearers and Bluetooth earpiece user knobheads are.
</content></comment>
<comment><content>
Yeah, because a watch is just like google glass.
Do you even understand technology?
How is wanting to monitor your blood sugar levels anything like being a glasshole?
How is wearing a heart rate monitor with a watch anything like being a glasshole?
How is just wanting to be healthy, a billion dollar business, anything like bing a glasshole?
</content></comment>
<comment><content>
Hey, those profits don't just stash themselves offshore. That requires a person who probably wants to get paid (and who lives in a country different from their sweatshops, where Apple can't get away with keeping them on starvation wages).
</content></comment>
<comment><content>
I am interested in a heart rate monitor that doesn't require a chest strap. If the iWatch does this and other things as well I could be interested...but 2.5 inches!!
If it is really that big then Apple have f*cked it big time. No one will buy one.
</content></comment>
<comment><content>
Rather than free you from the internet the current generation of wearables do the opposite. For the most part successful internet of things devices and solutions will be invisible.
http://intelligentprocessapps.com/2014/06/19/the-purpose-of-the-internet-of-things-is-to-free-us-from-the-internet/
</content></comment>
<comment><content>
Actually, if it looked like the Sinclair I'd be happy. Had one back in the day in kit form, which meant it never worked properly! My soldering skills have improved a bit since then. I retain a fondness for glowing, intermittent leds.
</content></comment>
<comment><content>
I went for a nice walk alongside the river as the night draws down, will probably give it a go again tomorrow evening.
I don't actually care about the watch... until it comes out then suddenly I'll have to buy it. In truth I suspect it will suffer from over design making it a little obnoxious on the eye and I do agree I can't really see what function it serves that a phone doesn't already cover.
The health sensors are a little niche in my view and will bore people pretty quickly still... the future, eh?
</content></comment>
<comment><content>
It will be a bluetooth device with a screen. Big deal. battery life of minutes and cannot see in daylight. At a price you could buy a really good real watch.
</content></comment>
<comment><content>
I hope their next product is indeed an "iWatch", because if it isn't, their shares will take a battering due to investors and analysts saying "that's not what we predicted!"
</content></comment>
<comment><content>
So if this product were to be successful then I guess the test would be any resulting change to levels of obesity and improved health as everyone checks their stats and aims to do better. Rather than obsessing over stats it would be much better if most people simply exercised freely outdoors. Athletes may need accurate stats but most average people just need to exercise modestly without pushing the envelope. The Swedish 'fartlek' system exemplified this and after a few years of running with some gizmo on my wrist with complex menus and the potential to have me running into large trucks I simply started to listen to my body and run or cycle according to how I felt that day. Apple are not making this for serious athletes, it's for lycra-clad wannabees. I think it's better to keep your head up, admire the view and breathe the fresh air. (But that wouldn't make money would it?)
</content></comment>
<comment><content>
It seems like you assume it will be just what somebody else has already done. We don't know what it is, except that it probably has some sensors in it. What they do with them is likely to be the decisive point, in my estimation.
</content></comment>
<comment><content>
Has anyone actually bought a smart watch so far? I just can't imagine parting with a couple of hundred quid to save myself the (admittedly gargantuan) effort of putting my hand in my pocket to retrieve my phone when I get a call.
</content></comment>
<comment><content>
I don't want a watch

I don't want more pixels on my screen

I don't even want the Internet faster.

I just want a whole days web and walk battery charge on my phone.

Is that so unreasonable?
</content></comment>
<comment><content>
A vast improvement on the ugly leg tags that the government uses to keep track of peoples movements, but the obvious downside is you have to pay for it yourself.
It also contains a sensor that monitors the user's pulse.
Sends out an alarm to the security services if you take it off.
</content></comment>
<comment><content>
Love to see all these traditional trades being 'disrupted' by Apple, Google, Uber and co.

What's next? Personally I think cobbling, barrel making, and tinkering are ripe for reinvention by our benevolent tech giants.
</content></comment>
<comment><content>
Yes, American will follow the other lemmings into the sea of superficial need. I have a type of pond scum from my local stream that when rubbed on your face for a week will take 20 years of aging from your skin. I only want 500 dollars a 20 mil bottle. LOL
</content></comment>
<comment><content>
Hope it's water proof or to me it's useless. Especially fumbling around trying to manipulate something that tiny. Will we all have to start wearing magnifying glasses to see the display.
</content></comment>
<comment><content>
No doubt when Apple develops its own zombie-eyeglass thingy (or Google develops its own spyware-for-your-wrist gizmo), they'll be linked so your watch screen automatically gets displayed in front of your eyeball too. Or maybe by then they'll have moved onto the corneal-implant stage, so it'll all go to your optic nerve straight away.
</content></comment>
<comment><content>
In Apple fashion, not first to market but likely done more right than not, right out of the chute. A clunky phone hanging off me is a pain. I falls on the floor, doesn't fit in a pocket well, can be difficult to access quickly. A wearable smartphone/computer, if it easily and nearly automatically interfaces with a lap or desktop would be better. It will need to be very tough. All this is If it even happens.
</content></comment>
<comment><content>
It's almost a given that iWatch (2.0 if not 1.0) will interface with a static computer. But a more intriguing use model would be it's syncing with an iPhone and becoming an adjunct to it. That way the iPhone can be stored away in a trouser pocket and the iWatch becomes the non-intrusive interface in touchy situations like a meeting, restaurant or theater.

This might sound like an early adopter justification for wearable technology but so were the application scenarios for the early smartphones.
</content></comment>
<comment><content>
I'm expecting this: an adjunct to the phone that shows you who's calling, flashes up text messages, alerts you to appointments and works as a remote for music playing and maybe the camera.

What would be interesting would be if they build an interface app for Android.
</content></comment>
<comment><content>
Of course the only sensible and truly useful type of to a Smartwatch is a full on Smart Phone on your wrist. (A stand-alone Smartwatche).

OH Dear! Here is the BIG BIG BIG problem for Apple.

Samsung and Sony have played it safe by just producing brainless accessory type Smartwatches, (you know the type, that have to use the power of your Smart Phone to do anything of any use).
The reason, because they only have a teeny tiny circuit board that keeps the wrist watch casing within a reasonable size.

Apple will without any doubt be wanting to show the world that they can produce a stand-alone, full-on Smartwatch...BUT... the law of physics says that it HAS TO BE MUCH BIGGER.

Apple have spent an eternity showing the world how sleek their products can be, and I must say done a damn good job of it. So how do they now convince the world that they need to buy a Smartwatch that is BIGGER and FATTER than their competitors. Hmm! That is going to be interesting indeed.
</content></comment>
<comment><content>
What continues not to be mentioned nor addressed is the issue of wearing a device that has been accused of causing brain tumors just when held to the head for prolonged periods. I worry about this with the eyeglasses too. What happened? Does nobody care or have there been improvements that make the issue irrelevant??
</content></comment>
<comment><content>
Then don't buy them.

For example, I have a Garmin watch and heart rate strap.
Many don't because they don't need it. As a result, they didn't buy that particular product.

Do you now see how that works?
</content></comment>
<comment><content>
What a lot of stupid comments by the anti-Apple trolls.

There is no way that Apple will introduce a product that simply tells the time. The real interest in this potential product is in what it does in addition to just displaying the time. And that comes down to what sensors it contains and how those sensors interact with the whole Apple ecosystem to provide benefits that cheap Android devices can never hope to provide.
</content></comment>
<comment><content>
How innovative!

Sure there are a lot of clueless Apple nerds. But 50 million willing to buy one of these when they will have to take the thing off in order to flash their beloved logo on the reverse!
</content></comment>
<comment><content>
More free advertising for an American company.

Apple, is desperate to keep it's name in the newspapers especially since they have finally agreed they ripped the people off with price fixed books.
</content></comment>
<comment><content>
An then of course the gullible people who cant afford the useless apple device will go on to buy the useless Samsung Device instead which they dismissed until Apple brought out something similar.
</content></comment>
<comment><content>
This may have already been said but this leak from " a source familiar with the matter" seems a bit conveniently timed, seeing as the first androidwear devices are almost certain to be announced next week at I/O.
</content></comment>
<comment><content>
Don't get it. When they release it and it sells fuck loads will all of the uber smart posters on these threads use

A) apple are dying as a company (despite them clearly being incredibly healthy)

B) repeat the mantra that they're not 'first to market' (even if they don't claim to be but will certainly be first 'successfully' to market.

C) keep saying apple owners are fanboys or worse still anything with an 'I' in front. I-sheep etc...

Whichever stick is used to beat apple they will still rake it in while divs who claim to be above apple spend hours reading articles about apple and commenting about apple. All publicity and all that.
</content></comment>
<comment><content>
So here is my issue with smart watches, I own a Rotary as my everyday 'nice watch' its expensive for me at about 150 so when I exercise.... I take it off, because I don't want to damage it, or fuck up the strap with sweat... so I bought a $15 Casio for running and keeping time records and so forth.

I'm super anti-apple, but then I wouldn't buy a android smart watch or a windows smart watch (as they are supposedly developing)

Just seem like an expensive and pointless product to me.
</content></comment>


</comments>
