<?xml version="1.0" encoding="UTF-8"?>
<comments>
<topic id="Raw-Topic-43" category="3" />
<doc id="Raw-Topic-43_05"></doc>

<comment><content>
They bought shelf space with Beats. Now they're hoping to launch a me-too smart watch. 
Wow, Apple sure is a marvel in the post Jobs era. 
What's next? A soundbar? A convertible table/laptop? I guess to figure out where Apple will go next, we should look to where the competition went last year.
Sad.
</content></comment>
<comment><content>
It's easy to throw around silly comments like "Steve Jobs is still dead," but can you cite any data to support your claim that Apple is dying?

For a company that's dying, they have an amazingly lively corpse. iPhone's US share is up 2.2% year over year. With 41.4% of the US smartphone market (as of April 2014), they sell 50% more smartphones than 2nd-place Samsung (27.7%), and six times as many as 3rd-place LG: http://www.forbes.com/sites/chuckjones/2014/06/04/apples-u-s-iphone-market-share-holding-steady/
</content></comment>
<comment><content>
I hear you charge it via a solar panel on a baseball cap.  I don't look good in a cap.  2.5"?  Who needs to wear a whale on their wrist?  Wonder Woman wore wide wristcuffs but at least they blocked bullets?  Will Apple's huge wristcuff have a defibrillator?  Archers and tennis players wear wristbands to stiffen their wrist.  Will Apples' huge wristcuff fight carpel tunnel?  If you wear it on different wrists, does it indicate anything about sexual preference?  Can it change sexual preference?  I think a 2.5" device on you wrist could prevent sex altogether... that's a pretty high nerd factor only exceeded by a bluetooth connection to GoogleGlass. 
</content></comment>
<comment><content>
 If you ditch a 4 ounce phone in your pocket bouncing around as you exercise or an anchored device on a wrist that weighs 1.5 oz ,you have a Winner.Ever see the size of a full up Rolex ,it ain;t small 
 </content></comment>
 <comment><content>
 I expect more from Apple then just a fitness devise.
Apple will do the unexpected and one more thing.

"Apple do not have a magic wand and can only manufacture anything using present technology" 
The lack of knowledge of a process/product does not prove lack of existence.
</content></comment>
<comment><content>
Samsung and Google, who both launched feeble/failed attempts at designing 'wearable' technologies, are simply waiting to see how Apple will solve the puzzle, so that they can duplicate its strengths and exploit any weaknesses, and then claim superiority of design. This too has become a very tired and worn competitive process, but the onus remains with Apple to see if they can once again lead the way, post Jobs.
</content></comment>
<comment><content>
I love Apple fanboys:

When Apple is first, they talk about how everyone can only follow.
When Apple is last, they talk about how they were smart enough not to be first mover.

They can't help but be brilliant no matter what they do, I guess!
</content></comment>
<comment><content>
I hate watches -- have not worn one in five or six years -- but the fitness aps are appealing.  It would be good to keep up with heart rate, km's walked, imputed KCals burned, and do so' with a device that links with all my other Apple equipment and the iCloud.  Maybe it could feed the data into a Apple spreadsheet.  
</content></comment>
<comment><content>
I expect more from Apple then just fitness devise.
Apple will do the unexpected and one more thing. 
The lack of knowledge of a process/product does not
prove lack of existence.
</content></comment>
<comment><content>
the company tries to counter wearable devices from rivals such as Google Inc. and Samsung Electronics Co.

Yes, Google and Samsung watches have been fabulously successful thanks to their svelte, stylish designs, how they help users work faster, being less glued to their screens all the time.

Tee hee hee.

I'm personally not a candidate for an iWatch or anything else, thanks to a reaction to a nice Seiko that makes wearing any watch irritating, itchy. But most people will choose watches based on form+function, neither of which Google or Samsung has come close to achieving. Whether Apple can is an open question, but the idea that Apple is playing catchup against these two stumbling giants is laughable.
</content></comment>




</comments>
