<?xml version="1.0" encoding="UTF-8"?>
<comments>
<topic id="Raw-Topic-43" category="3" />
<doc id="Raw-Topic-43_04"></doc>

<comment><content>
GOD!!! it is so great to be retired and NOT wear a watch, OF ANY KIND!!! NO iphone no ipad ONLY a NOOK to actually READ and NOT play games or shop!!! ONLY concession to "new technology" is an answering machine to pick up when I am in the bathroom or taking a nap! There is NOTHING so important that I can't find out about it LATER though an email or telephone call. 
</content></comment>
<comment><content>
Odds are it will be overprices and will underachieve, at least for those who see any new wearable technology as needing to be centered on an integral cell phone, not a partner with but a replacement for. If I can't tell time, date, day, make calls and get alarms for appointments what good is it. It'll just be another oversized device that adds to the fuss and burden of charging and maintenance.

We don't want another fashion first, function second item for hundreds, we want a function first, form second useful device at a reasonable cost. I don't care about Apple or any other company adding billions to their bottom line with glitzy imitators. Fluff electronics is like rap, it ain't music and it ain't conversation, just organized noise.
</content></comment>
<comment><content>
I see some don't really care for Apple.  I myself love their stuff.  Can't imagine going back to Windows.  Apple has given the world many super products, iPad, iPod, Macs, Apple TV.  I will be using MacBook Pro laptops for the rat of my days.  That being said.  The watch will appeal more to the younger crowd.  I'm sure it will be more than some anticipate.  Apples best days lie ahead.  
</content></comment>
<comment><content>
Who cares, that company has been chipping at the seams with out Steve Jobs and will just start a downward spiral.  How do I know this, well lets see he had like what stage 4 cancer and they still needed him to come back because they could not get the job done.  That's a pretty good reason.  What are they going to do after his 7 year plan is up exactly??  Sue people?  Yeah that only last so long because they are not going to have the bank role they once did and guess what Android has more of the market share and they will never get it back with out Jobs running things.  So yeah that's not going to happen.  This watch, someone else all ready got it to market with fewer suckers (apple lovers) being born no one is going to care.
</content></comment>



</comments>
