<?xml version="1.0" encoding="UTF-8"?>
<comments>
<topic id="Raw-Topic-43" category="3" />
<doc id="Raw-Topic-43_03"></doc>

<comment><content>
Yeah, I'm ambivalent towards smartwatches, but if I wanted one I'd get one that plays well with others. Not the locked down one-vender-only ecosystem of the fruit company.
It embarrassing how long it took apple to wake up and plan a larger phone, and to finally upgrade ios with the great features android users have enjoyed for years. That is not the kind of ecosystem i'd want to get involved in for a new product.
</content></comment>
<comment><content>
You are forgetting that Wall Street analysts are short sided pragmatists and don't really know anything about how apple works. The original iPad was released on April 4, 2010. The iPhone was released on June 29, 2007. The iPod debuted on October 23, 2001.
So Apple was officially rated uncool because they haven't announced another revolutionary product in the approximate time it took them to go from the iPhone to the iPad? The iPad isn't as revolutionary as the iPhone when it came out. Oversimplifying here, the iPad is basically a super sized iPod touch that has increased functionality as a result of its size and versatility. A smart watch will be a radical departure from anything they've made in that size range with the features that are rumored.
So save your tired analysis for some other stagnant product market. I hear TVs are going to be 3D, no ultra high def, no curved.
</content></comment>
<comment><content>
Apple's innovation years are over. Innovation was Steve Job's genius, and now there's no one at the company to think up the next iPod, iPhone, or iPad. Nobody has that kind of imagination. Unfortunately.
BTW, the smartwatch won't go anywhere. Almost nobody I know even wears watches anymore, and the smartwatches I've seen are so clunky, who would want that big heavy thing sitting on their wrist? No thanks.
</content></comment>
<comment><content>
Clearly you know nothing about software if you say their innovative days are over. Just look at all that was unloaded at WWDC. And that is not to say that they are stalled on the hardware end of things.
I was not arguing that the Apple smart watch will be a hit. I happen to agree with you that most of these existing smart watches are clunky and provide little value other than lightening your wallet. I don't even see any possible need for myself to be interested in buying one.
However, I do expect even you will be surprised with whatever they announce, given your stated observations and opinions. I'm not saying you'll fork over the cash for one of them, but just consider that the smart watch and smart phone markets are not one and the same.
</content></comment>
<comment><content>
Look at it like this. There are 4 main methods of consumer transportation: planes, trains, automobiles and bicycles. No new archetype has been invented for however many decades. Instead, we reach a point where we are left to refine the individual products in those categories. That seams to be the point that the personal handheld electronic market is reaching. The idea is to not be the company that ends up wasting millions of dollars trying to market the next revolutionary product based on a myth. In this analogy that would be the hover car. May have been science fiction in the beginning, but there were companies that at least thought about revolutionizing the car market with them.
I just hope the iWatch (if that's what it comes out to be named) does not come to be the hover car. And I surmise that this point has almost certainly been discussed at length at Apple.
</content></comment>
<comment><content>
"Just look at all that was unloaded at WWDC."
You do realize that a great many of the features they announced already exist in Android, right?
Which features?
- QuickType suggestions 
- support for 3rd party keyboards
- "Hey, Siri" hotword
- Widgets (although limited and only in the notification bar)
- actionable notifications
- detailed battery stats
- improved photo backup
- uploading of app videos to the app store
- beta apps in the app store
- intercommunication between apps
- the way they're now streaming word by word for Siri voice recognition
- her "new" music recognition abilities
- CloudKit that offers cloud based services to developers.
</content></comment>
<comment><content>
It's so stupid when people use that argument. Remember, just because android had it first, doesn't mean its better. Like, is the Magnavix Odyssey better than the ps4/xbox one/ wii u today?
</content></comment>
<comment><content>
I was referring to the announcement of the new metal framework as well as the new swift programming language. Prepare to see android left in the dust in actual computing power comparisons. Let's see Samsung try to throw their artificially inflated benchmark tests around now.
</content></comment>
<comment><content>
"Prepare to see android left in the dust..."
I hope you're right. If apple can surpass Android in functionality and speed, then competition is working and the back and forth improvements will benefit us all.
</content></comment>
<comment><content>
>> I was referring to the announcement of the new metal framework as well as the new swift programming language
>> if you say their innovative days are over. Just look at all that was unloaded at WWDC.
Your point is valid, and yet it seems to me that one could argue the opposing position just was well, using 'look at all that was unloaded at WWDC' to make their case.
</content></comment>
<comment><content>
IKR?
Apple should have been embarrassed to announce all of the catch up and copying they were doing at this years WWDC. But apple knows that their audience is filled with lemmings, so they can get up there and actually *brag* about being so far behind android, brag about finally catching up, and the audience cheers!
</content></comment>
<comment><content>
It must be sad being so emotional involved with product lines. Use what works best of you, when something else comes out that is better, move on. Keep all the emotional stuff for your mommy.
</content></comment>
<comment><content>
So you're saying that Apple just added a bunch of irrelevant features?
I can already hand-off between my phone/tablet/computer/tv. Between Android and Chromecast, those are all already possible.
Be sure to watch Google I/O today so you can see the new iOS 9 features! :)
</content></comment>
<comment><content>
>> Clearly you know nothing about software if you say their innovative days are over. Just look at all that was unloaded at WWDC.
Aw, yes, the WWDC where apple showed how capable they are at...
... copying all the great features that were already found in android? Some of which had been in android for years?
</content></comment>
<comment><content>
What exactly was innovative at WWDC? Oh you mean the features already found in Android and Windows? Apple is playing catch up and that's partially Jobs fault. He was too busy blasting Android for "copying" and too busy making fun of "SUV-sized" phones to actually look at what his company was doing. Timmy Cook was quiet while starting to take on the CEO job, but apparently he is trying to follow in Jobs footsteps with the self-righteous rhetoric.
It's funny how Apple are the only ones who constantly attack the competition, and for a long time it worked. Regarless of the lies, it worked. Now it's just sad. Timmy needs to stay away from comparison charts. Fragmentation of Android vs iOS is laughable example, especially when the other part of the story is, when older iOS devices get upgraded to the newer OS, they run a real risk of getting bricked or getting so slow it's painful to use. Those users end up buying new iOS devices simply because they are tied to the ecosystem (iTunez, app store, etc). Hence, that pie chart of iOS fragmentation is a known lie.
</content></comment>
<comment><content>
I grow weary of this cult-like worship of Jobs. Lots of people worked on the products that were Apple's success stories. Not just Jobs.
Also, Jobs had lots of failures: Apple III, The Lisa, Apple G4 Cube, etc.
In short, it's never just one person.
</content></comment>
<comment><content>
Actually Jobs took credit for a lot of his employees ideas. It was a major issue at apple.
Jobs was kind of a jerk, but his perfectionism forced his employees to create great products. Then he, being a jerk, took credit for some of those ideas.
</content></comment>
<comment><content>
Only problem with your statements are that open press usually attributes all these products to Steve Jobs as creator and originator. His genius was in making the device superlative and elegant. He was great at driving the engineering people crazy until it met his vision of perfection and then marketing it in true fashion. He could mold good ideas and engineering solution into something of lasting signifigance. If you are about to doubt my statements with a reply, stop and think about the last thing an engineer was able to sucessfully market with out help in the final ergonomics. There is probably tremendous creativity and innovation still at apple, the question is if they have someone to do the Steve Job function
</content></comment>
<comment><content>
Jobs was a great used car salesman at best. He had people do the work for him then took credit, as the figure head of apple. Designers, engineers and developers at Apple get absolutely no credit for what they did for Apple, including those they hired as outside consulting firms to help Apple's design aesthetics. Yes, they used outside help. All Jobs did was "inspire" (and threaten) in order to get his people to come up with products he thought would sell. He then put on his best musty turtle neck and did a great dog and pony show once a year to help sell products other's developed for him.
</content></comment>
<comment><content>
There are a few major problems with your theory. First, TV and TV entertainment was developed and commercialized following World War II, when Radio Engineers returned to the US. The US Government and Armed Forces trained these engineers, they needed jobs after winning the World War II.
Upon return, the US was able to use these skilled people in uniform to develop an industry of broadcast.
The industry was decentralized on purpose because of the sheer number of broadcast and SIGINT engineers.
But with Digital transmission, what you have is the opposite. Apple is less about creation of a platform as rich as years past with decentralized broadcast, labor or jobs, but instead, it's closer to carving a wedge in a business of content delivery that based on percentage of settlement money, Apple platforms already have a monopoly position in.
In the new era of TV, Video, Film, and Music Creation, your forced to use Apple if you desire to pull a reasonable salary or wages; and Apple keeps 20% of that. It also sells a LOT of gift cards, which have no expiration date, yet is unregulated liquid assets and a mountain of cash Apple is sitting on.
Apple's method of centralized distributors and distribution benefits creates jobs overseas, relies on FREE "Net Neutrality" (Free Shipping of products), and customers haven't seen a substantial drop in product price as a result of adoption of technical efficiencies. If given an option, I'd prefer to spend my iTunes Balance ($250) on vinyl records over anything in the iTunes Store. But then Apple wouldn't be able to invest my iTunes Gift Card Balance in a hedge fund.
</content></comment>
<comment><content>
wrong. A smartwatch by the snorefest Apple will be the same form factor as the nano. All they are doing is updating the nano with a larger OS port, watch band, and some existing features found in their other devices. As you pointed out, Apple is notorious for cannibalizing their other products to make different form factors aka "new" products. A radical departure? only an iFan, still clinging on to the hope that Apple will be cool and legitimate some day would think this is radical.
So save your defensive iFan rant, as that's so 2010, when apple was relevant. The bottom line is, Apple is, once again, venturing into a market already full of competition. Once again, apple will copy features from the competition. The difference is, this time it will have a luke warm reception. The Apple brand is fading and with other great brands coming out with similar gear, many people will care less about getting a fruit themed watch.
</content></comment>
<comment><content>
Your second paragraph doesn't make sense. So in your opinion it took Apple a long time to "wake up" and plan a larger phone and to "finally" upgrade iOS with the GREAT features android users have enjoyed for years. You say that it is embarrassing. Who is embarrassed? Apple? Apple users? Who? And why does it matter to you when or what the company does?
In addition, the last sentence of your second paragraph should have appeared as the last sentence in your first paragraph.
You really need to keep your lame opinions to yourself until you build some argumentative writing skills.
</content></comment>
<comment><content>
"You're just a consumer."
They just don't see it that way, it's sad really. All Apple sees them as is dollar signs, nothing more, yet they defend it like their life depends on it.
</content></comment>
<comment><content>
I think for some people virtually any economic or political relationship with business or government can be like that.
I guess they feel it makes them a part of something larger.
</content></comment>
<comment><content>
I mostly agree. And yet, the only people I've known who have this moronic allegiance are apple fans. Look at hlk99, he is such a fool he calls me a 'google boy', because he thinks everyone is like him: That everyone identifies with a team and cheers for it. And so anyone who doesn't like apple must be a 'google boy' or a 'samsung fan'.

Sad.
</content></comment>
<comment><content>
It was inevitable that the rest of the industry would become competitive and apple would not be the only one in the market, or even the market leader for smart devices. However, they are still one of the top competitors in a market that they essentially created themselves, unless you consider the old Palm PDA phones "Smartphones."
</content></comment>
<comment><content>
This makes no sense. If you want to talk about the first one, it's the first one. It's going to be older - obviously.
You, on the other hand, seem to want to start counting when the iPhone came out and then ask, which is the first smart phone? Kind of defeats the purpose of the question, don't you think?
</content></comment>
<comment><content>
Yes, technology from today is quite a bit better than technology from the mid 1990s. Is that a shock to you?

Do you have a computer? That's what it is. Compare computers from today to 1995. Is there a difference?
</content></comment>
<comment><content>
Yeah well that just makes you wrong. A phone like an IBM Simon is not even on the same level as the iPhone or Galaxy. The first phone with true apps, music, video, touch screens with color, GPS, etc. was the iPhone. It was the phone that changed how smartphones function. You are just plain wrong by saying that there was no switch in the smartphone market.
</content></comment>
<comment><content>
"no switch in the smartphone market"? I never said that. It's unclear what precisely that would mean anyway.

The iPhone wasn't the first smartphone. Period. Maybe they don't teach you that in your fanboy school. Google it. What do you see?
</content></comment>
<comment><content>
Yeah you don't get it. The age of the modern smartphone started with the iPhone. That is fact. Phones were not what they are today before that. The blackberry bold is not the same category as the Galaxy S3 or the iPhone 4S. It might not have been the first "smartphone", but it was the first modern smartphone. There is a difference.
</content></comment>
<comment><content>
>> "no switch in the smartphone market"?
This is how apple's marketing preys on the ignorant and the logic challenged - with false dilemmas. If you don't agree that one particular phone "changed everything", then you must be insisting that it 'changed nothing'.
</content></comment>
<comment><content>
>> Yeah that's not a "modern" smartphone which is what I assume he meant.

That sounds like the 'no true scotsman' argument. I would say that first iphone was not a modern smartphone. If you move the line a little bit, than I'd say the nokia n900 was the first modern smartphone.
</content></comment>
<comment><content>
Well then you would be wrong. The first smartphone that had the same line of capabilities of the phones we use today would be the iPhone. You can be stubborn but you will still be wrong.
</content></comment>
<comment><content>
>> The first smartphone that had the same line of capabilities of the phones we use today would be the iPhone

No, that's not at all true. You can only imagine that's true if you cherry pick the criteria for the 'same line of capabilities'.

Anyone who thinks a non-multitasking, gps-lacking, 2G, sh*tty keyboard, flash incapable, VOIP-incapable device should count as the 'first modern smartphone', and yet does NOT count the prexisting phones, just really, really wants to arrive at the conclusion that the iphone is the first modern smartphone.

Or, you think that touch based UI and style are at the heart of what makes a smartphone a smartphone. Which is probably another form of just wanting the iphone to be it.
</content></comment>
<comment><content>
You miss the point. The iPhone brought a tectonic shift in the mobile phone industry. Phones were no longer about just making phone calls. You can hate the iPhone (I don't even have one) but it doesn't make sense to think that the phones before the iPhone were similar to it or that phones after it would have been invented without it.
</content></comment>
<comment><content>
Really. It was completely different. Like it was the first phone to have a GPS, for example. Right?
(You listed GPS as one of the characteristics of a "modern smartphone" above.)
</content></comment>
<comment><content>
Edit: My apologies to both Ronald and Country - I mistook Ronald's post as one of Countries, and responded from that misunderstanding. As an illustration of my willingness to assume the worst about Country, I'm not proud. :)
</content></comment>
<comment><content>
I think you got the replies mixed up. I was replying to Country116. Not to you.
I am, in fact, agreeing with you. I was pointing out that by Country116's own standard of GPS capability, the iPhone was not the first. (Not that I expect him to agree to that. He's got a conclusion and he's going to work towards that. I think you nailed it with 'No true Scotsman'.)
</content></comment>
<comment><content>
It led to the phones with GPS. It was the stepping stone. No phone before it was like it and all phones after it were because of it. I'm done explaining this very basic idea to you. If you don't get it then you don't get it. Not everyone can be smart.
</content></comment>
<comment><content>
I completely agree that the iphone was a stepping stone. The phones that came before it, and the phones that came after it, were all stepping stones. But legions of apple fans have somewhat succeeded in rewriting history regarding how large of a step forward that particular step was, while ignoring the ways in which it was a step backward.
As far as 'leading to a gps phone', here is a bit of trivia iphone worshippers really should know:
GPS enabled smartphones came BEFORE the iphone. I think one came out in europe around 2000, which was, what, 7 YEARS before the iphone came out?
The iphone did not lead to GPS phones, lol.
>> I'm done explaining this very basic idea to you.
It is a very basic idea, and its a basic idea that found a home in the hearts of millions. But the facts don't support this basic idea. This basic idea is false. Popularity of an idea doesn't make it true, but sadly the popularity of an idea will strengthen many people's conviction that it is true.
</content></comment>
<comment><content>
It's the idea that it changed the market, which it did. It led to phones that were well integrated devices and more than phones. It changed the look, the style, the feeling, and the functionality. It wasn't the first smartphone, it was the beginning of the modern smartphone. It made the phone companies think differently. Without it there would not be the phones there are today. That is all.
</content></comment>
<comment><content>
It led to the phones with GPS? Really. How about the Nokia N95? Came out BEFORE the iPhone and had GPS.
Not everyone can be a smart fanboy like you, huh?
</content></comment>
<comment><content>
What's wrong, get dropped on the head? All I'm saying is that the iPhone started the shift in how phones were made. It led to the phones of today. Dude, you have no idea how stupid you sound. You hate Apple and think I'm a fanboy... I don't even own an iPhone, just an iPod mini. I'm not even an Apple fan. It's just soooo obvious that the iPhone led to a shift in the phone market. It's stunning that you are so stubborn and uneducated to figure this one out.
</content></comment>
<comment><content>
The question was, 'which was the first smartphone', not what "led to a shift in the phone market" or whatever silliness you keep coming up with. You keep trying to change the question. That's called "moving the goalposts".

You sound completely ridiculous. I've seen people argue fervently before. But, I've never seen someone argue this much over a FACT that you can literally google with two words ("first smartphone") and find the answer. Too funny. Hahaha.
</content></comment>
<comment><content>
>> they essentially created themselves, unless you consider the old Palm PDA phones "Smartphones."

Apple did create a market for themselves, but is was *not* the smartphone market.

Nokia, Palm, BB, and several japanese compaies were already making excellent smartphones. The first iphone was actually less advance than existing phones by many measures.
</content></comment>
<comment><content>
There's one issue with these smartwatches that I'm surprised doesn't get more attention. It's that on women and children these things look like quite bulky, awkward and ugly. So I can't see them catching on that big with some 60% of the population.
</content></comment>
<comment><content>
They would be "smart" to add colors like they have with the iPhone 5c....should offer a more feminine and more masculine design as watches are really a fashion accessory as much as they have been a "time piece" for decades. Phones, while they can look "blinded" or basic, aren't as much a fashion statement. The iWatch must be able to meet both the purpose and the design to be successful. The success of the iWatch could determine Apple's future.
</content></comment>
<comment><content>
Yes and no.... I don't think the first couple of generations will be all that interesting, but the 'health industry' applications are huge when they start getting some of the sensors figured out (even more interesting when they add medicine delivery). After that it gets dark pretty fast. Mass production allows stripped down versions that do little more than track location and basic biometrics... an electronic leash. Maybe throw in voice recording and hardwired audio analysis to know what's interesting and what's just a rehash of last night's sitcoms.
Of course, I could just be totally paranoid. After all its not like any government (or business) records phone calls, analyzes e-mails, or allow backdoor access to internet infrastructure and information packets.
</content></comment>
<comment><content>
Few people wear watches. I am one of those few and not sold are the current smart watches. Just like before with the smartphones, there wasn't a true smartphone till the iPhone appeared. Hoping that happens again if the rumors are true about the smart watch! Apple is the only company that can make a different product, all the others just copy and try to beat them to the punch and bring out crappy products based on rumors.
</content></comment>
<comment><content>
As long as the device explodes while on display (similar to the iPad in Austrialian Vodafone Shops) I'm certain that Apple will have a winner.

Perhaps it can get so hot it burns. That's Feature request #2 that it should have..!
</content></comment>
<comment><content>
Yes, and I can't wait for my new iWatch to be quasi bricked when apple pushes out an update, like some iOS devices were. Or for my iWatch to be remote locked by a hacker, as many iOS devices were.

Now lets hear from the apple fanatics who are mysteriously scared of all that vicious android malware we are all supposed to be SO frightened of.

Six years using android devices - never had a problem with malware. Period. Nor anyone I personally know.
</content></comment>
<comment><content>
Apple is now just a gimmicky, boutique brand suited for tweens and teens. The acquisition of BEATS, the overpriced but shoddy headphones, at least compared to cheaper and much better performing versions made by the likes of Sennheiser, AKG or Audio-Technica, proved that beyond a reasonable doubt.
</content></comment>
<comment><content>
I think that's valid. I was recently at a techno club and the club kids had multiple bracelets on their wrists, and glow-sticks.

I imagine this will work well when the DJs at the clubs turn on the laser lightshows and fog machines.

It seems to be the demographic Apple is targeting these days. It's less and less about technology, and more about appeasing the techno club kid demographic.
</content></comment>
<comment><content>
As a long time Apple user, because their computers worked so well with Pro-Tools, THE professional audio engineers software, I was supremely disappointed in that acquisition. Also, I've used an IPad Mini for six months. My daughter's Kindle Fire HD, which I borrowed nightly until I got the IPad, is a much more stable product. The Ipad's apps and games crash often.
</content></comment>
<comment><content>
I run into the same issues. When I took it into Apple to get repairs, they told me I had to book an appointment online, and come back the next week.

At least they let me use the compuer in the store to check my email, and set the appointment. They said this was the way that they could plan for the number of Geniuses that are on the clock.

The store wasn't very busy at all. But when I returned, the following week, the diagnosis was I had to purchase a new iPad. I waited an entire week to get this "expert" opinion...? I wish they would have just told me the first time I was there the first time.. I wasted an entire week, and didn't have access to email.
</content></comment>
<comment><content>
I am glad i can open my IPAD and make a service appointment the same or next day, to say this is not
Good service compared to the manilla call centers of
Most of the compitition is really disingenuous.
</content></comment>
<comment><content>
I keep hearing from people that have first hand experience that apple's customer support is total crap. And yet the conventional wisdom seems to be that apple's customer support is excellent. Hmm...
</content></comment>
<comment><content>
Oh, I got it alright. Exapple was implying that Son and I are crotchety old dudes out of touch with modern youth. I replied in kind by implying exapple is a snot nosed brat up past his bedtime. Perfect response!
</content></comment>
<comment><content>
Yeah that wasn't funny... Clearly you are too old to understand technology after you claimed the iPad is bad because apps crash. If you knew how software works you would know that it isn't the hardware that causes apps to crash in any mobile device, it is the coding of the app itself. The best thing to do when an app crashes is to first check you are running the newest OS and that you have the newest version of said app. Also, you aren't funny.
</content></comment>
<comment><content>
Explain why the same apps don't crash on the Kindle Fire Hd, smart guy. Also, I'm up to date on my IPad 7.1.1 and the apps I'm using. Try running Pro-Tools editing and recording software then come back and tell me I'm the problem.
</content></comment>
<comment><content>
Are you serious? You clearly have no idea what you are talking about. iOS uses Objective-C, the Fire uses Java (as does Android). They may do the same thing, but no they are not the same thing. It is all about the apps you are using. For example, my iHeadache app that hasn't been updated since 2011 crashes all the time, while my MyMigraine app doesn't crash at all since it is brand-new.
</content></comment>
<comment><content>
Sorry. I worded that funny. What I meant was I' m not computer illiterate. I have been running Pro-Tools, Flash and Photoshop on my IMac for a over a decade, so I am familiar with computers and their sensitivities to updates.
</content></comment>
<comment><content>
Also, the HDMI cord to hook the Kindle up to our HDTV cost $4 at Monoprice. The cord to connect my IPad? 49.95. Ridiculous. And that is the last point I need to make about Apple.
</content></comment>
<comment><content>
I'm still waiting for Apple to design an iPad or iPhone with enough power to run Flash since the days when Apple couldn't design a fast enough processor, or hire the right security team to find any security issues.

Boy, those were the days...! Steve Jobs said Flash required more power than it's own in-house designed A4 processor could handle.

Today, 5+ years later, Flash is running faster and faster on Android hardware, and Apple has failed to rise to the challenge.
</content></comment>
<comment><content>
Having a child's brain in an adult's body can indeed be a recipe for disaster. Not sure how that dynamic turns into entitlement for modern kids. I'm merely arguing that people who spend that much for inferior products are suckers, whether its the parents or their kids that fall for the pitch.
</content></comment>
<comment><content>
Right. And Apple's computers, iPhones and iPads are still selling by the millions. Go away Google boy. One product - BEATS headphones wasn't the reason for buying the company. Get informed.
</content></comment>
<comment><content>
I am speaking from experience. You are speaking from anger, emotion and strange corporate territorial issues you have to work out with yourself. I think anyone reading this thread is clear on that. Plus, you obviously missed the part where I said Apple products were the best for a very long time, just not anymore.
</content></comment>
<comment><content>
He's also right (about some of what he said) that Apple did not buy Beats for their bad headphones but more for the network Dr. Dre has in the music industry along with his music service.
</content></comment>
<comment><content>
Apple had Dr. Dre beat hands down as far its scope in the music industry. Ever heard of Itunes, the music listening software of this millenium? How in any way shape or form is BEATS better than Itunes?
</content></comment>
<comment><content>
It's definitely not better. I bet that Apple thinks that the addition of Dre will help expand their music ability. If that works then cool, if not, then too bad. I'm not saying it's good or not, just why they did it (or at least the only smart reason to),
</content></comment>
<comment><content>
This article doesn't even suggest the watch might be able to connect to the cellular network without relying on a smartphone. In that case, it's pretty useless - just one more thing to carry. As a former user of the Microsoft Pocket PC, a big reason it failed is because they always kept it tied to the desktop - that was their stronghold and they wanted that dependency, whereas Apple took the leap of creating a whole new ecosystem that didn't need OSX. If Apple makes the iWatch depend on the iPhone, they will be crushed the same way, by a competitor who is not tied to a legacy they need to protect. Whoever makes the first good "Dick Tracy" watch will win. It will need good speech recognition and wireless charging.
</content></comment>
<comment><content>
I am not assuming - my hope is that Apple will release the breakthrough un-tethered smartwatch that I have been waiting for.

But secondly, being aware of aging doesn't give you a cure, and companies are the same, they get committed to their cash cows and thus fall behind. A famous quote of Steve Jobs is "If you dont cannibalize yourself, someone else will." So Apple is well aware of it. But if somebody else releases a good untethered smartwatch before Apple does, it will prove post-Jobs Apple doesn't have the direction to overcome organizational inertia.
</content></comment>
<comment><content>
"... whereas Apple took the leap of creating a whole new ecosystem that didn't need OSX."

iOS was pretty popular long before the ecosystem stopped requiring OS X (or Windows). iOS devices couldn't update their own OS or back themselves up without a computer until iOS 5 (2011), by which time Apple was already selling more iOS devices every year than the total number of Macs sold throughout its entire history. I mean yes, ostensibly you could use it without a computer before that, but you were taking a significant risk. :-)

IMO, Pocket PC failed for lots of reasons, not the least of which are styli, marketing, and timing. It required a stylus for basic interaction, which is okay for a PDA, but not great for a phone. It targeted businesses and businesspeople, while ignoring the general public, which limited its potential audience. And finally, when Pocket PC devices first came out, the ARM processor platform really wasn't up to the task yet, performance-wise. By the time the CPUs caught up, the Pocket PC line had already pretty much already failed for pretty much the same reason that Newton failed.
</content></comment>
<comment><content>
there are 2 ways and 3 sizes to make a smartwatch, apple is very conservative and likely to go with the flow of the market . iwatch will be a pda watch , the pdas you see in the beginning of 2000s.
</content></comment>
<comment><content>
You need the watch, that goes with the tablet, the tablet with the computer and the phone with the TV.... and the "apps" to tell you when to take your pills, pick up your kids and how to live life. 
People have become so stupid and consumed by this garbage
</content></comment>
<comment><content>
First, make it small. I've seen most of the examples here and most are physically way too big. And this from a person who wears what is considered a fairly large mechanical watch.
Second, give it conservative styling so that it looks like a gentleman's watch and not a cheap, plastic toy.
</content></comment>
<comment><content>
What's with all the negativity and Apple/tech-bashing? I hope the product will be awesome. If it is, I'll but it (and continue to love the future!).
If not, I won't.
But why get emotional about a wristwatch?
</content></comment>
<comment><content>
It's the manifestation of the human propensity for conflict based on ideological or cultural differences for people in first-world countries with too much time and disposable income on their hands. In parts of Africa, there are violent divides between Bantu and Acholi-speaking people. In the Middle East, there are battles raging between Sunni and Shi'ite Muslims, such as what's going on in Iraq currently. And here in the USA, people are divided based on whether they prefer iPhone or Android.
</content></comment>
<comment><content>
Welcome to an article on the internet about computers. You wanna talk socio-economic inequality and the annoying concept of relativism, go to a political or philosophical article to comment. Otherwise, you are just an extremely pretentious dog barking up a clearly meaningless tree. Besides, you don't have to go so far to find violence by tribal instinct in America either. Any city dweller would tell you that, what with all the gangbangers shooting each other, as well as innocent bystanders, to bits, based on some silly turf or hot corner disputes.
</content></comment>
<comment><content>
Personally, for me I don't mind Apple. I just can't stand the constant stories about it. New iPhone that is exactly the same as its predecessor, but has a slightly better camera and a completely useless and already hacked fingerprint security app. If I wanted to hear about that, I'd watch a commercial. A company making a product is not news, and these articles are pretty much commercials.
</content></comment>
<comment><content>
There is nothing emotional in pointing out a once great, innovative company going downhill, fast by producing redundant, poor performing products marketed to fad driven teens. Sorry this is so hard for you to understand...
</content></comment>
<comment><content>
It seems the most important thing you can do in a comment section of an article about "X" is post "I hate 'X!'" Check out any article on technology or a celebrity.

The fact is if someone/something is so well known that you make the effort to read an article about them/it solely so you can complain, you are only proving their success.
</content></comment>
<comment><content>
the value proposition is there... the performance is not.. Apple knows this. Hence why they have not produced the junk that Samsung has. Is it a needed product. No but they will deliver a good functional product at its right time and place RIP Steve
</content></comment>
<comment><content>
So funny to hear people diss APPLE---the greatest innovator in the high tech industry---because their business model is too tightly controlled and their products target young people....Just too funny.
</content></comment>
<comment><content>
>>the greatest innovator in the high tech industry

Thank you for the laugh! Seriously, the nonsense that apple cultists spout normally makes me lose faith in humanity, but this extremist rhetoric brought a huge smile to my face! :)
</content></comment>
<comment><content>
oh are you so stupid not to admit that Apple has come up with a few products that have been outstanding. Or are you just that naive. Because seriously, what has samsung come up with that wasn't developed first by someone else. As everyone knows Samsung early on stole more ideas from their competitors than they came up with on their own.
</content></comment>
<comment><content>
If Henry Ford had treated the steering wheel as Apple does its computer innovations, each brand would have a different shaped device to control the cars it made. What don't you understand about that?
</content></comment>
<comment><content>
I hope they put at least a three-axis accelerometer in it and give app developers a way to monitor the data stream in real time. I have an application in mind for that sort of data, but only if the latency is reasonably low, and only if the raw data is available (either by delivering the raw data to apps running on the associated iPhone/iPad or by allowing custom, developer-authored gesture recognizer plug-ins on the watch).
</content></comment>
<comment><content>
As a runner I am excited but it has to have at least 1. GPS 2. Bluetooth for earbuds 3. WiFi for auto login to Nike+ 4. vibration alerts 5. optical heartrate sensor 6. pedometer/ accelerometer for treadmill 7.itunes built-in. Otherwise I'll stick with what I got.
</content></comment>
<comment><content>
The only true benefit would be if it was made available with a Retina display, so that after I wiped the HD camera could take a quick snapshot and display a clean backside in a stunning resolution only an Apple device could offer.
</content></comment>
<comment><content>
It is amazing how many people who have never had real jobs become product manager critics, as someone said people who can't do anything become critic. A healthy criticism is good, but to think product managers at Apple are taking 4 hour lunches is absurd. Apple is active not reactive, they create categories and genres and never follow to catch up. Apple product is not for everyone, they are for majority of people and that is evident from their design to launch and everything in between.
</content></comment>
<comment><content>
It's probably too late now, but Apple needed to stop worry about the next big consumer product and instead should have shored up their server/enterprise market instead of abandoning it. There were all these kids who grew up with and loved Apple products, and when then got jobs had to learn Windows and Linux to do real "work" (desktop apps like office aside). They would have been THRILLED to keep using Apple in data centers. Apple once made pretty nice, stable Unix servers. Now they're "Server" is an app on a Mac Mini. Cute.
</content></comment>
<comment><content>
It's called picking their battles. Those kids were gonna grow up to work on Wintel machines regardless of what Apple did because Apple is a home consumer product, and not a professional one.
</content></comment>
<comment><content>
long awaited? by who?
I know I need my watch telling me I have a txt because the phone in my pocket is too far away. I also don't have to charge my current watch every couple of hours..
The "smart" device market is becoming more and more stagnant.
</content></comment>
<comment><content>
I have a Pebble watch. It doesn't just tell me I have a text (my phone did that in my pocket) it tells me who the text is from. So if its Verizon with "your payment was processed" I don't bother pulling out my phone. But if its from a friend, I can. Same with phone calls and emails.

And I charge it every three or four days usually. Takes about a half hour.
</content></comment>
<comment><content>
My list... seeing every applfite is having a good old guess at nothing important...

1. It turns rock into GOLD!
2. It turns water in wine.
3. It turns applefites into igneous rock.
4. It turns stupid applefite press reports into sofer toilet paper.
5. And me into a super hero with super powers.

Phew..... well its a list....
</content></comment>
<comment><content>
I would like to see this come with the latest version of Android installed. Then people who hate Apple wouldn't be able to criticize it, and people who love Apple would buy an Android device but declare it was the best thing ever.
</content></comment>
<comment><content>
Pretty sure if I painted the Apple logo onto this rock Apple customers would buy it and declare it the greatest thing ever. Z0MG IS THAT AN iRock?!?!?! Now I rock with my iRock. It's so much better than those Windows Rocks, those suck all it did was break my windows.
</content></comment>
<comment><content>
Apple has been slacking. Sadly.

They need to realize that something like a smartwatch must start with functionality primarily based on a single purpose.

I don't care about browsing on the web. I don't care about listening to music. I don't care about making or receiving phone calls or text messages. Each of the products I own can do that stuff already.

If Apple develops a smartwatch that has a single purpose that is unlike every one of their other products, the smartwatch will be a success. And I *might* consider buying it. With that in mind, personalized medicine is all that makes sense.
</content></comment>
<comment><content>
Without advanced sensors that actually do something useful - measure blood pressure, or blood sugar, or heart rate - and do it non-invasively and unobtrusively, the whole "medical sensors" thing is just vaporware, tossed out there to catch the attention of Fit users. Measuring walking or running speed, or footsteps, is something any smartphone can already do.
</content></comment>
<comment><content>
And you know this, how. Oh you already own the iWatch even though it isn't out yet. But then again, how do we know you actually were stupid enough to buy a Galaxy Gear. Who needs another watch?
</content></comment>
<comment><content>
My request: don't make one. Samsung's G. Gear sucked and yours will too. Why would I want some less functional clunky thing on my wrist when I will end up having to resort to my phone 90% of the time anyway?
</content></comment>
<comment><content>
Smart watches are so much more practical than the brick we hold in our pockets. But it will take Geoff and me or Steve Job's clone to make them really work. I'm not convinced Johnny Ive without Steve Jobs is all that creative. Cool yes - great industrial design, yes. But truly visionary out of this world creative? truly understanding fitness, for example? I doubt it. This can't be a watch and it can't be just a phone. it has to be essential to your life. It has to prove itself to improve the quality of the human condition. Phones, for example, are being stared at when humans are right in front of each other, while they are driving, while they should be finding joy in other human pursuits. They have value, but do they really improve the human condition? I've been told they just surpassed all competitors in the cause of auto accidents. The iPhone can't be valuable unless it improves our state -- and I know there are people who suspect this because they are buying and copying health programs. But there is much more to a device than coolness and Steve Jobs knew that. He wanted to and set the goal to and certainly did kick a dent in the universe. I doubt Apple or anyone else, even Google or Samsung, is truly pursuing this sort of vision. I used to be blessed to get e-mail responses from Steve Jobs. This Apple doesn't have that sort of passion or vision. It does have funds Jobs didn't have in the most creative days of his company, but funds aren't enough. I think this way and there are others who do. I just don't think they are in this business anymore. I hope I'm wrong. I really want my iwatch to allow me to leave my phone at home. But I want a whole lot more and know how to do it. Geoff Pilling and I did it and showed it at the Epcot Center over twenty years ago. It was called Cool Life. We connected every goal you had with what you were really doing and let you know how to align your goals, roles, time, budget, and relationships. It had strong spiritual foundation. We did this at a time when Jobs what courting the entertainment industries. This is where we disagreed -- though I love music and movies. I just thought he was too smart to go in that direction. I still do. And now that Apple has either conquered or inspired competition that fulfills the promise of music and movies, I believe it's time (pun intended) to make our wrists fulfill the greater promise of humanity. I now how to do this but I need a company who can put the technology of this vision on the human wrist.
</content></comment>
<comment><content>
Cartier has timeless watches.

Still, it doesn't excuse Apple. If Tim Cook came over for Dinner, I guarantee, our family would take the effort to count the dinner plates and fine silverware before he left.
</content></comment>
<comment><content>
If #1 on this list doesn't happen, it will be just as useless as all of the other "wearable tech" that is out today. If you have to carry around your phone to do everything on your watch, you might as well just use your phone (and have the ability to use both hands).

As for #5.... come on. It's Apple.
</content></comment>
<comment><content>
If it's going to have "health sensors" on it, they need to be more than just pace counters and GPS-based distance trackers. An accurate heart rate monitor that didn't require you to stop and fiddle with contacts would be a plus. Even better, things like blood pressure monitors without a cuff, or blood sugar monitors that tracked glucose more or less continuously without being invasive, would be huge breakthroughs.

I won't be holding my breath.
</content></comment>
<comment><content>
Some basic features:
1. Time obviously
2. IPhone screen (ok, any Android or iOS screen)
3. Health sensors
4. Interface to BlueTooth in-ear, weather music, localized sound, or speakable browser, dictionary, gps directions, etc, just as Glass is interface for visuals

The key: low price - if it's only the BT/ear and wrist/visual interface/health sensor, the real wearable key will be a Glass-like HUD equivalent for the eyes.
</content></comment>
<comment><content>
No one needed an iPad? Thanks for that revisionist history. iPad was a late comer to the tablet market.

You missed the most important thing Apple needs to do.
#1 Make something that doesn't look so dorky that it makes you look like your momma also dresses you in the morning.
</content></comment>
<comment><content>
I love my Pebble Smart Watch. Would love to see an iWatch soon. Prefer it not have to be dependent on the iPhone or iPad to function but guessing the first one won't be that "smart" yet.
</content></comment>
<comment><content>
I don't see how this will be big, smart phones will do the same thing this will do, watches are becoming obsolete as people have a phone with the time on it. This will be nothing more than a "toy". iOS 6 will have all the health features, I really don't see the point in wearing this on your wrist while having the phone in your pocket. A smarter idea would be to make the watch standalone, but If I have to have a phone with it, it seems pointless. It also looks pretty ridiculous to have on your arm. However, at least this ridiculous looking item isn't on your face like Google Glass.
</content></comment>
<comment><content>
If Apple releases a smartwatch, it won't be that big a deal. Wearable tech is still in its infancy. What will push the stock price up will be things like CarPlay which will be available for nearly every car next year either through your dealer or from Pioneer as a stand-alone after market product. HealthKit will be huge and iBeacons only needs to break into 5% of the market to be big. All three of these are powered off iOS which is Apple's future.
</content></comment>
<comment><content>
Lets hope Apple incorporated a feature to where as soon as this is snagged off your wrist the electronics in it melts so that the watch and all data are totally useless and none recoverable. If not I can see the criminals right now practicing how to acquire one of these without paying for it.
</content></comment>
<comment><content>
Just because something costs 10 times what it's worth doesn't make it the "top of the line." I have an iPad and an iPhone, and no, neither of them is worth the price tag, as other devices does the same thing AND MORE, for far less.
</content></comment>
<comment><content>
Can you edit multi-track audio or video on your tablet? Please tell me the apps on Android to do so. Voddio for video and there are several for audio (I like Auria myself). All of which I'm using on an iPad 3rd gen now over 2 years old. The best mobile apps currently are on iOS in nearly any category you care to name.
</content></comment>
<comment><content>
Apple used to make the best products. Not any more I was an Apple fan but I had face the music. Samsung line of products are more powerful and betterat just about everything.
</content></comment>
<comment><content>
Apple excels at taking established (not top of the line) techs and using them in sleek and attractive gadgets/systems. However Apple hasn't been innovative, nor top of the line, for close to 20 years now. I'm not an Apple hater, but I can get (or assemble) better products for a better price. It is as simple as that.
</content></comment>
<comment><content>
This is a clueless article.

When you try and turn a 'Smartwatch' into a standalone product, it will almost invariably fail because the form factor doesn't provide the ability to provide power or feature complete user experience. Look at the Galaxy Gear if you have any doubt. Keep it simple, keep it focused and insure that whatever it does, it does it well and in an unobtrusive manner.

Personally, a Pebble with fitness and health capabilities would be a nice step forward, as long as you have decent battery life.
</content></comment>
<comment><content>
I hope Apple comes out with true wireless charging soon and hope that is part of it like mentioned. Phil Schiller mentioned a couple of years ago about true wireless charging and the base station pad not being good enough and I agree! Be nice not having to plug in these devices to charge overnight!
</content></comment>
<comment><content>
....

Sorry but I wouldn't be able to take someone seriously if they wore one of those.. Its worse than that guy who cant do anything without a blue tooth in his ear.
</content></comment>
<comment><content>
lol, mindless drones and their toys. Im going to laugh so hard when they discover Wifi causes cancer. They are already warning pregnant women away from using cell phones and telling men not to keep their cell phone in their pocket.

Oh, and lets not forget the study that shows how cell phones emit radiation that's 100 times stronger when its running on a low battery.
</content></comment>
<comment><content>
Some of its bad, some of its harmless. I just know about the recent studies I mentioned.

We often look back and discover that things we previously believed to be harmless was in fact toxic. Cigarets is just one example.
</content></comment>
<comment><content>
Yeah we have radio waves going through us constantly, it's not anything new. Not all radiation is bad (visible light for example). It's more the worry of the constant radiation could cause bad stuff to happen. It's not as bad as you said above (but some mindless drones will definitely be surprised.)
</content></comment>
<comment><content>
Technology for the sake of technology has no point. Samsung makes smart watches because people want them. They offer a level of immersion you can't get just from the phone. You don't NEED one, but they enhance the experience. Apple is, as usual, bringing up the rear on this. Everyone else is already working on the next advancement and Apple is still trying to sell crap to their fan base.
</content></comment>


</comments>
