<?xml version="1.0" encoding="UTF-8"?>
<doc id="Raw-Topic-43_01">
<new_source>
The Guardian
</new_source>

<date>
June 19, 2014
</date>


<headline>
Apple's first smartwatch draws closer to mass production
</headline>


<text>
<p>
Taiwan's Quanta Computer Inc will start mass production of Apple's first smartwatch in July, according to a source familiar with the matter, as the tech giant tries to prove it can still innovate against rival Samsung Electronics Co Ltd.
</p>
<p>
The watch, which remains unnamed but which company followers have dubbed the iWatch, will be Apple's first foray into a niche product category that many remain skeptical about, especially as to whether it can drive profits amid cooling growth in tech gadgets.
</p>
<p>
Apple will introduce a smartwatch with a display that likely measures 2.5 inches diagonally and is slightly rectangular, one of the sources said. The source added that the watch face will protrude slightly from the band, creating an arched shape, and will feature a touch interface and wireless charging capabilities.
</p>
<p>
The source said Apple expects to ship 50m units within the first year of the product's release, although these types of initial estimates can be subject to change. The watch is currently in trial production at Quanta, which will be the main manufacturer, accounting for at least 70% of final assembly, the source said.
</p>
<p>
While the watch is widely expected, the start date of its mass production and the extent of Quanta's involvement were not known until now. Mass production will start in July and the commercial launch will come as early as October, according to the source and another person familiar with the matter.
</p>
<p>
A third source said LG Display Co Ltd is the exclusive supplier of the screen for the gadget's initial batch of production.
</p>
<p>
It also contains a sensor that monitors the user's pulse. Singapore-based imaging and sensor maker Heptagon is on the supplier list for the feature, two other sources said.
</p>
<p>
Apple declined to comment. Quanta, LG Display and Heptagon also declined to comment.
</p>

</text>



</doc>
