<?xml version="1.0" encoding="UTF-8"?>
<doc id="Raw-Topic-43_09">
<new_source>
NDTV
</new_source>

<date>
June 20, 2014
</date>


<headline>
Apple's iWatch May Sport Multiple Designs: Report
</headline>


<text>
<p>
Apple Inc plans to launch smart-watches with multiple screen sizes and designs this fall, the Wall Street Journal on Friday cited a person familiar with the matter as saying.
</p>
<p>
Taiwan's Quanta will begin mass production of Apple's first smart-watches from July, in time for an October launch, several sources familiar with the matter told Reuters on Thursday.
</p>
<p>
The Wall Street Journal on Friday also cited sources saying Quanta would manufacture the device.
</p>
<p>
One of the sources told Reuters on Thursday that Apple expects to ship 50 million units of the so-called iWatch within the first year of the product's release, although these types of initial estimates can be subject to change.
</p>
<p>
The smart-watch will come with a slightly rectangular display that likely measures 2.5 inches diagonally, the source added. The watch-face will protrude slightly from the band, creating an arched shape, and feature a touch interface and wireless charging capabilities, according to the source.
</p>
<p>
Another source told Reuters that LG Display Co Ltd is the exclusive supplier of the screen for the gadget's initial batch of production.
</p>
<p>
The iWatch will also contain a sensor that monitors a user's pulse. Singapore-based imaging and sensor maker Heptagon is on the supplier list for that feature, two sources said on Thursday.
</p>
<p>
Apple's smart-watch will follow similar devices by Samsung, Sony Corp, Motorola and LG Electronics Inc - gadgets that tech watchers say have not been appealing or user-friendly enough for mass adoption.
</p>
<p>
But the market is growing fast. Data firm IDC estimates that worldwide shipments of wearable computing devices, including smart-watches, will triple this year over 2013.
</p>
<p>
Apple has declined to comment on reports about upcoming products.
</p>


</text>



</doc>
